[faiss-sra] downloading https://ann-benchmarks.com/sift-128-euclidean.hdf5
  % Total    % Received % Xferd  Average Speed   Time    Time     Time  Current
                                 Dload  Upload   Total   Spent    Left  Speed

  0     0    0     0    0     0      0      0 --:--:-- --:--:-- --:--:--     0
  0  500M    0     0    0     0      0      0 --:--:-- --:--:-- --:--:--     0
  0  500M    0 4790k    0     0  2873k      0  0:02:58  0:00:01  0:02:57 2872k
  1  500M    1 5633k    0     0  2106k      0  0:04:03  0:00:02  0:04:01 2106k
  1  500M    1 5701k    0     0  1555k      0  0:05:29  0:00:03  0:05:26 1554k
  1  500M    1 5765k    0     0  1235k      0  0:06:54  0:00:04  0:06:50 1235k
  1  500M    1 6527k    0     0  1151k      0  0:07:25  0:00:05  0:07:20 1309k
  1  500M    1 6599k    0     0   986k      0  0:08:39  0:00:06  0:08:33  360k
  1  500M    1 6673k    0     0   868k      0  0:09:50  0:00:07  0:09:43  207k
  2  500M    2 12.2M    0     0  1445k      0  0:05:54  0:00:08  0:05:46 1364k
  3  500M    3 17.7M    0     0  1879k      0  0:04:32  0:00:09  0:04:23 2480k
  3  500M    3 17.8M    0     0  1709k      0  0:05:00  0:00:10  0:04:50 2341k
  3  500M    3 17.8M    0     0  1563k      0  0:05:27  0:00:11  0:05:16 2337k
  3  500M    3 17.9M    0     0  1448k      0  0:05:54  0:00:12  0:05:42 2342k
  3  500M    3 17.9M    0     0  1342k      0  0:06:22  0:00:13  0:06:09 1164k
  3  500M    3 17.9M    0     0  1254k      0  0:06:48  0:00:14  0:06:34 48296
  3  500M    3 18.0M    0     0  1179k      0  0:07:14  0:00:15  0:06:59 50521
  5  500M    5 27.4M    0     0  1688k      0  0:05:03  0:00:16  0:04:47 1979k
  6  500M    6 34.4M    0     0  1993k      0  0:04:17  0:00:17  0:04:00 3371k
  9  500M    9 48.1M    0     0  2640k      0  0:03:14  0:00:18  0:02:56 6215k
  9  500M    9 48.9M    0     0  2545k      0  0:03:21  0:00:19  0:03:02 6347k
  9  500M    9 49.5M    0     0  2454k      0  0:03:28  0:00:20  0:03:08 6458k
  9  500M    9 49.5M    0     0  2344k      0  0:03:38  0:00:21  0:03:17 4530k
  9  500M    9 49.6M    0     0  2240k      0  0:03:48  0:00:22  0:03:26 3111k
 13  500M   13 66.4M    0     0  2871k      0  0:02:58  0:00:23  0:02:35 3730k
 13  500M   13 66.4M    0     0  2757k      0  0:03:05  0:00:24  0:02:41 3591k
 13  500M   13 66.6M    0     0  2659k      0  0:03:12  0:00:25  0:02:47 3501k
 14  500M   14 74.7M    0     0  2868k      0  0:02:58  0:00:26  0:02:32 5128k
 15  500M   15 77.5M    0     0  2871k      0  0:02:58  0:00:27  0:02:31 5746k
 16  500M   16 83.9M    0     0  2996k      0  0:02:51  0:00:28  0:02:23 3588k
 16  500M   16 84.3M    0     0  2910k      0  0:02:56  0:00:29  0:02:27 3667k
 16  500M   16 84.4M    0     0  2818k      0  0:03:01  0:00:30  0:02:31 3636k
 16  500M   16 84.4M    0     0  2728k      0  0:03:07  0:00:31  0:02:36 1978k
 16  500M   16 84.8M    0     0  2659k      0  0:03:12  0:00:32  0:02:40 1489k
 16  500M   16 84.9M    0     0  2582k      0  0:03:18  0:00:33  0:02:45  204k
 16  500M   16 84.9M    0     0  2509k      0  0:03:24  0:00:34  0:02:50  120k
 16  500M   16 84.9M    0     0  2438k      0  0:03:30  0:00:35  0:02:55  120k
 20  500M   20  101M    0     0  2842k      0  0:03:00  0:00:36  0:02:24 3562k
 20  500M   20  102M    0     0  2778k      0  0:03:04  0:00:37  0:02:27 3559k
 20  500M   20  102M    0     0  2708k      0  0:03:09  0:00:38  0:02:31 3556k
 20  500M   20  103M    0     0  2666k      0  0:03:12  0:00:39  0:02:33 3752k
 20  500M   20  103M    0     0  2605k      0  0:03:16  0:00:40  0:02:36 3803k
 20  500M   20  103M    0     0  2548k      0  0:03:21  0:00:41  0:02:40  386k
 20  500M   20  105M    0     0  2521k      0  0:03:23  0:00:42  0:02:41  574k
 23  500M   23  115M    0     0  2717k      0  0:03:08  0:00:43  0:02:25 2787k
 23  500M   23  115M    0     0  2656k      0  0:03:13  0:00:44  0:02:29 2583k
 23  500M   23  116M    0     0  2601k      0  0:03:17  0:00:45  0:02:32 2564k
 23  500M   23  116M    0     0  2549k      0  0:03:21  0:00:46  0:02:35 2558k
 23  500M   23  116M    0     0  2495k      0  0:03:25  0:00:47  0:02:38 2279k
 23  500M   23  116M    0     0  2445k      0  0:03:29  0:00:48  0:02:41 73446
 24  500M   24  122M    0     0  2534k      0  0:03:22  0:00:49  0:02:33 1439k
 24  500M   24  123M    0     0  2494k      0  0:03:25  0:00:50  0:02:35 1520k
 24  500M   24  123M    0     0  2446k      0  0:03:29  0:00:51  0:02:38 1494k
 24  500M   24  123M    0     0  2401k      0  0:03:33  0:00:52  0:02:41 1500k
 24  500M   24  123M    0     0  2364k      0  0:03:36  0:00:53  0:02:43 1575k
 24  500M   24  123M    0     0  2321k      0  0:03:40  0:00:54  0:02:46  204k
 24  500M   24  124M    0     0  2280k      0  0:03:44  0:00:55  0:02:49  113k
 25  500M   25  128M    0     0  2314k      0  0:03:41  0:00:56  0:02:45  938k
 25  500M   25  129M    0     0  2304k      0  0:03:42  0:00:57  0:02:45 1288k
 25  500M   25  129M    0     0  2266k      0  0:03:46  0:00:58  0:02:48 1216k
 25  500M   25  129M    0     0  2229k      0  0:03:50  0:00:59  0:02:51 1221k
 26  500M   26  131M    0     0  2224k      0  0:03:50  0:01:00  0:02:50 1603k
 29  500M   29  146M    0     0  2426k      0  0:03:31  0:01:01  0:02:30 3693k
 30  500M   30  151M    0     0  2478k      0  0:03:26  0:01:02  0:02:24 4498k
 32  500M   32  161M    0     0  2600k      0  0:03:17  0:01:03  0:02:14 6512k
 32  500M   32  161M    0     0  2561k      0  0:03:20  0:01:04  0:02:16 6516k
 32  500M   32  162M    0     0  2526k      0  0:03:22  0:01:05  0:02:17 6179k
 35  500M   35  177M    0     0  2724k      0  0:03:08  0:01:06  0:02:02 6405k
 35  500M   35  178M    0     0  2707k      0  0:03:09  0:01:07  0:02:02 5566k
 35  500M   35  178M    0     0  2667k      0  0:03:12  0:01:08  0:02:04 3526k
 35  500M   35  178M    0     0  2629k      0  0:03:14  0:01:09  0:02:05 3519k
 35  500M   35  179M    0     0  2593k      0  0:03:17  0:01:10  0:02:07 3469k
 35  500M   35  179M    0     0  2558k      0  0:03:20  0:01:11  0:02:09  350k
 35  500M   35  179M    0     0  2533k      0  0:03:22  0:01:12  0:02:10  191k
 35  500M   35  179M    0     0  2500k      0  0:03:25  0:01:13  0:02:12  190k
 35  500M   35  179M    0     0  2466k      0  0:03:27  0:01:14  0:02:13  191k
 35  500M   35  179M    0     0  2434k      0  0:03:30  0:01:15  0:02:15  191k
 39  500M   39  195M    0     0  2613k      0  0:03:16  0:01:16  0:02:00 3401k
 40  500M   40  203M    0     0  2687k      0  0:03:10  0:01:17  0:01:53 4920k
 40  500M   40  205M    0     0  2672k      0  0:03:11  0:01:18  0:01:53 5217k
 43  500M   43  219M    0     0  2821k      0  0:03:01  0:01:19  0:01:42 8148k
 45  500M   45  226M    0     0  2872k      0  0:02:58  0:01:20  0:01:38 9491k
 45  500M   45  226M    0     0  2838k      0  0:03:00  0:01:21  0:01:39 6285k
 45  500M   45  226M    0     0  2804k      0  0:03:02  0:01:22  0:01:40 4626k
 45  500M   45  226M    0     0  2774k      0  0:03:04  0:01:23  0:01:41 4375k
 46  500M   46  233M    0     0  2828k      0  0:03:01  0:01:24  0:01:37 2939k
 49  500M   49  247M    0     0  2957k      0  0:02:53  0:01:25  0:01:28 4338k
 49  500M   49  249M    0     0  2949k      0  0:02:53  0:01:26  0:01:27 4765k
 49  500M   49  249M    0     0  2918k      0  0:02:55  0:01:27  0:01:28 4806k
 50  500M   50  253M    0     0  2932k      0  0:02:54  0:01:28  0:01:26 5570k
 53  500M   53  265M    0     0  3037k      0  0:02:48  0:01:29  0:01:19 6571k
 54  500M   54  273M    0     0  3084k      0  0:02:46  0:01:30  0:01:16 5259k
 56  500M   56  282M    0     0  3151k      0  0:02:42  0:01:31  0:01:11 6635k
 56  500M   56  282M    0     0  3120k      0  0:02:44  0:01:32  0:01:12 6656k
 56  500M   56  282M    0     0  3088k      0  0:02:46  0:01:33  0:01:13 5853k
 59  500M   59  296M    0     0  3203k      0  0:02:40  0:01:34  0:01:06 6182k
 60  500M   60  300M    0     0  3216k      0  0:02:39  0:01:35  0:01:04 5610k
 60  500M   60  300M    0     0  3186k      0  0:02:40  0:01:36  0:01:04 3830k
 60  500M   60  300M    0     0  3153k      0  0:02:42  0:01:37  0:01:05 3749k
 63  500M   63  315M    0     0  3279k      0  0:02:36  0:01:38  0:00:58 6855k
 63  500M   63  316M    0     0  3250k      0  0:02:37  0:01:39  0:00:58 4151k
 66  500M   66  332M    0     0  3378k      0  0:02:31  0:01:40  0:00:51 6466k
 67  500M   67  336M    0     0  3390k      0  0:02:31  0:01:41  0:00:50 7337k
 69  500M   69  348M    0     0  3471k      0  0:02:27  0:01:42  0:00:45 9684k
 69  500M   69  348M    0     0  3437k      0  0:02:29  0:01:43  0:00:46 6553k
 72  500M   72  363M    0     0  3554k      0  0:02:24  0:01:44  0:00:40 9596k
 73  500M   73  368M    0     0  3574k      0  0:02:23  0:01:45  0:00:38 7521k
 73  500M   73  368M    0     0  3541k      0  0:02:24  0:01:46  0:00:38 6617k
 76  500M   76  384M    0     0  3661k      0  0:02:20  0:01:47  0:00:33 7583k
 78  500M   78  393M    0     0  3710k      0  0:02:18  0:01:48  0:00:30 9385k
 78  500M   78  393M    0     0  3677k      0  0:02:19  0:01:49  0:00:30 6248k
 78  500M   78  393M    0     0  3644k      0  0:02:20  0:01:50  0:00:30 5122k
 78  500M   78  393M    0     0  3612k      0  0:02:21  0:01:51  0:00:30 5121k
 78  500M   78  393M    0     0  3580k      0  0:02:23  0:01:52  0:00:31 1834k
 78  500M   78  394M    0     0  3551k      0  0:02:24  0:01:53  0:00:31   98k
 78  500M   78  394M    0     0  3523k      0  0:02:25  0:01:54  0:00:31  154k
 81  500M   81  410M    0     0  3630k      0  0:02:21  0:01:55  0:00:26 3311k
 83  500M   83  416M    0     0  3656k      0  0:02:20  0:01:56  0:00:24 4640k
 84  500M   84  422M    0     0  3673k      0  0:02:19  0:01:57  0:00:22 5774k
 84  500M   84  422M    0     0  3642k      0  0:02:20  0:01:58  0:00:22 5719k
 84  500M   84  422M    0     0  3612k      0  0:02:21  0:01:59  0:00:22 5662k
 84  500M   84  422M    0     0  3583k      0  0:02:23  0:02:00  0:00:23 2503k
 84  500M   84  422M    0     0  3554k      0  0:02:24  0:02:01  0:00:23 1177k
 84  500M   84  422M    0     0  3527k      0  0:02:25  0:02:02  0:00:23 79472
 85  500M   85  429M    0     0  3553k      0  0:02:24  0:02:03  0:00:21 1427k
 87  500M   87  439M    0     0  3606k      0  0:02:22  0:02:04  0:00:18 3443k
 87  500M   87  440M    0     0  3586k      0  0:02:23  0:02:05  0:00:18 3647k
 90  500M   90  451M    0     0  3652k      0  0:02:20  0:02:06  0:00:14 6038k
 91  500M   91  455M    0     0  3655k      0  0:02:20  0:02:07  0:00:13 6784k
 94  500M   94  471M    0     0  3748k      0  0:02:16  0:02:08  0:00:08 8571k
 94  500M   94  471M    0     0  3720k      0  0:02:17  0:02:09  0:00:08 6558k
 95  500M   95  477M    0     0  3739k      0  0:02:17  0:02:10  0:00:07 7595k
 97  500M   97  488M    0     0  3795k      0  0:02:15  0:02:11  0:00:04 7410k
 99  500M   99  498M    0     0  3851k      0  0:02:13  0:02:12  0:00:01 8878k
100  500M  100  500M    0     0  3857k      0  0:02:12  0:02:12 --:--:-- 7138k
[faiss-sra] /home/runner/boostkit-perf/faiss/1.14.3/aarch64/38043065570-1/sra-test/hnsw_test hnsw sift-128-euclidean --no-pin
Loaded configuration:
  batch_size = 100
  batch_mode = false
  top_k = 10
  index_path = indexes/hnsw/sift.faiss
  num_threads = 32
  nloop = 5
  metric = L2
  efc = 500
  save_or_load = save
  efs = 120
  k_f = 16
base vector size: 1000000
query vector size: 10000
Index build+prepare time: 23.0033 s
Loop 1/5:
  wall_time = 5.30269 s (broadcast->join)
  thread_time: min=5.18643 s, avg=5.22356 s, max=5.30222 s
  total_queries = nq(10000) * threads(32) = 320000
  QPS_total(wall) = 60346.8
  QPS_avg_thread  = 1914.4
Loop 2/5:
  wall_time = 5.37134 s (broadcast->join)
  thread_time: min=5.17238 s, avg=5.23756 s, max=5.37122 s
  total_queries = nq(10000) * threads(32) = 320000
  QPS_total(wall) = 59575.5
  QPS_avg_thread  = 1909.29
Loop 3/5:
  wall_time = 5.24926 s (broadcast->join)
  thread_time: min=5.1863 s, avg=5.21371 s, max=5.24914 s
  total_queries = nq(10000) * threads(32) = 320000
  QPS_total(wall) = 60961
  QPS_avg_thread  = 1918.02
Loop 4/5:
  wall_time = 5.24874 s (broadcast->join)
  thread_time: min=5.16568 s, avg=5.19454 s, max=5.2484 s
  total_queries = nq(10000) * threads(32) = 320000
  QPS_total(wall) = 60967.1
  QPS_avg_thread  = 1925.1
Loop 5/5:
  wall_time = 5.29247 s (broadcast->join)
  thread_time: min=5.19682 s, avg=5.2466 s, max=5.29222 s
  total_queries = nq(10000) * threads(32) = 320000
  QPS_total(wall) = 60463.2
  QPS_avg_thread  = 1905.99
==================================================
Final Summary (same nq per thread):
  build+prepare_time = 23.0033 s
  recall = 0.99152
  pin_threads = OFF
  loops = 5
  avg_loop_wall_time = 5.2929 s
  avg_thread_time(min/avg/max) = 5.18152 / 5.22319 / 5.29264 s
  mid50_sorted_wall_mean = 5.27087 s
  total_queries_per_loop = 320000
  final_QPS(mid50 wall mean) = 60711.1
  QPS_from_avg_thread_time * threads = 61265.2
[faiss-sra] downloading https://ann-benchmarks.com/glove-100-angular.hdf5
  % Total    % Received % Xferd  Average Speed   Time    Time     Time  Current
                                 Dload  Upload   Total   Spent    Left  Speed

  0     0    0     0    0     0      0      0 --:--:-- --:--:-- --:--:--     0
  0  462M    0  867k    0     0  1129k      0  0:06:59 --:--:--  0:06:59 1128k
  0  462M    0 1376k    0     0   774k      0  0:10:11  0:00:01  0:10:10  774k
  0  462M    0 1660k    0     0   599k      0  0:13:11  0:00:02  0:13:09  599k
  0  462M    0 2115k    0     0   557k      0  0:14:10  0:00:03  0:14:07  557k
  0  462M    0 2148k    0     0   448k      0  0:17:37  0:00:04  0:17:33  448k
  0  462M    0 2218k    0     0   383k      0  0:20:35  0:00:05  0:20:30  269k
  0  462M    0 2252k    0     0   332k      0  0:23:46  0:00:06  0:23:40  175k
  0  462M    0 2314k    0     0   296k      0  0:26:37  0:00:07  0:26:30  130k
  0  462M    0 2347k    0     0   267k      0  0:29:34  0:00:08  0:29:26 47676
  0  462M    0 2414k    0     0   246k      0  0:31:59  0:00:09  0:31:50 54595
  0  462M    0 4084k    0     0   379k      0  0:20:49  0:00:10  0:20:39  374k
  4  462M    4 18.5M    0     0  1618k      0  0:04:52  0:00:11  0:04:41 3364k
  4  462M    4 21.9M    0     0  1752k      0  0:04:30  0:00:12  0:04:18 4023k
  4  462M    4 22.1M    0     0  1645k      0  0:04:48  0:00:13  0:04:35 4068k
  4  462M    4 22.2M    0     0  1540k      0  0:05:07  0:00:14  0:04:53 4069k
  4  462M    4 22.8M    0     0  1478k      0  0:05:20  0:00:15  0:05:05 3832k
  4  462M    4 22.8M    0     0  1395k      0  0:05:39  0:00:16  0:05:23  873k
  4  462M    4 22.9M    0     0  1321k      0  0:05:58  0:00:17  0:05:41  215k
  6  462M    6 30.1M    0     0  1644k      0  0:04:48  0:00:18  0:04:30 1642k
  8  462M    8 39.9M    0     0  2069k      0  0:03:49  0:00:19  0:03:30 3633k
  8  462M    8 40.6M    0     0  2004k      0  0:03:56  0:00:20  0:03:36 3676k
  8  462M    8 40.7M    0     0  1916k      0  0:04:07  0:00:21  0:03:46 3672k
  8  462M    8 40.8M    0     0  1834k      0  0:04:18  0:00:22  0:03:56 3652k
  8  462M    8 40.9M    0     0  1762k      0  0:04:29  0:00:23  0:04:06 2202k
  8  462M    8 40.9M    0     0  1692k      0  0:04:40  0:00:24  0:04:16  202k
  8  462M    8 41.0M    0     0  1630k      0  0:04:50  0:00:25  0:04:25 78527
 12  462M   12 56.7M    0     0  2169k      0  0:03:38  0:00:26  0:03:12 3272k
 14  462M   14 65.5M    0     0  2417k      0  0:03:16  0:00:27  0:02:49 5083k
 14  462M   14 65.6M    0     0  2335k      0  0:03:22  0:00:28  0:02:54 5060k
 14  462M   14 65.6M    0     0  2256k      0  0:03:30  0:00:29  0:03:01 5055k
 14  462M   14 65.9M    0     0  2192k      0  0:03:36  0:00:30  0:03:06 5093k
 15  462M   15 72.1M    0     0  2326k      0  0:03:23  0:00:31  0:02:52 3166k
 17  462M   17 79.9M    0     0  2496k      0  0:03:09  0:00:32  0:02:37 2938k
 17  462M   17 79.9M    0     0  2424k      0  0:03:15  0:00:33  0:02:42 2938k
 17  462M   17 80.0M    0     0  2355k      0  0:03:21  0:00:34  0:02:47 2938k
 17  462M   17 82.4M    0     0  2360k      0  0:03:20  0:00:35  0:02:45 3399k
 20  462M   20 96.2M    0     0  2678k      0  0:02:56  0:00:36  0:02:20 4913k
 20  462M   20 96.2M    0     0  2609k      0  0:03:01  0:00:37  0:02:24 3351k
 20  462M   20 96.2M    0     0  2541k      0  0:03:06  0:00:38  0:02:28 3331k
 20  462M   20 96.3M    0     0  2479k      0  0:03:11  0:00:39  0:02:32 3350k
 20  462M   20 96.3M    0     0  2418k      0  0:03:15  0:00:40  0:02:35 2832k
 21  462M   21  100M    0     0  2455k      0  0:03:13  0:00:41  0:02:32  809k
 23  462M   23  107M    0     0  2577k      0  0:03:03  0:00:42  0:02:21 2340k
 23  462M   23  107M    0     0  2518k      0  0:03:08  0:00:43  0:02:25 2340k
 23  462M   23  108M    0     0  2482k      0  0:03:10  0:00:44  0:02:26 2501k
 23  462M   23  108M    0     0  2429k      0  0:03:15  0:00:45  0:02:30 2511k
 23  462M   23  108M    0     0  2377k      0  0:03:19  0:00:46  0:02:33 1726k
 26  462M   26  124M    0     0  2667k      0  0:02:57  0:00:47  0:02:10 3434k
 27  462M   27  127M    0     0  2670k      0  0:02:57  0:00:48  0:02:09 4006k
 28  462M   28  131M    0     0  2698k      0  0:02:55  0:00:49  0:02:06 4645k
 28  462M   28  131M    0     0  2644k      0  0:02:59  0:00:50  0:02:09 4615k
 28  462M   28  131M    0     0  2594k      0  0:03:02  0:00:51  0:02:11 4641k
 28  462M   28  132M    0     0  2563k      0  0:03:04  0:00:52  0:02:12 1559k
 28  462M   28  132M    0     0  2515k      0  0:03:08  0:00:53  0:02:15 1011k
 28  462M   28  132M    0     0  2470k      0  0:03:11  0:00:54  0:02:17  208k
 29  462M   29  136M    0     0  2500k      0  0:03:09  0:00:55  0:02:14 1031k
 29  462M   29  136M    0     0  2456k      0  0:03:12  0:00:56  0:02:16 1029k
 29  462M   29  136M    0     0  2426k      0  0:03:15  0:00:57  0:02:18  980k
 29  462M   29  136M    0     0  2385k      0  0:03:18  0:00:58  0:02:20  984k
 29  462M   29  136M    0     0  2345k      0  0:03:22  0:00:59  0:02:23  980k
 31  462M   31  144M    0     0  2441k      0  0:03:14  0:01:00  0:02:14 1776k
 33  462M   33  155M    0     0  2574k      0  0:03:04  0:01:01  0:02:03 3916k
 33  462M   33  155M    0     0  2540k      0  0:03:06  0:01:02  0:02:04 3864k
 33  462M   33  155M    0     0  2502k      0  0:03:09  0:01:03  0:02:06 3872k
 33  462M   33  155M    0     0  2465k      0  0:03:12  0:01:04  0:02:08 3898k
 33  462M   33  156M    0     0  2428k      0  0:03:15  0:01:05  0:02:10 2274k
 33  462M   33  156M    0     0  2393k      0  0:03:18  0:01:06  0:02:12  161k
 33  462M   33  156M    0     0  2358k      0  0:03:20  0:01:07  0:02:13 71232
 33  462M   33  156M    0     0  2326k      0  0:03:23  0:01:08  0:02:15 71684
 33  462M   33  156M    0     0  2294k      0  0:03:26  0:01:09  0:02:17 71330
 33  462M   33  156M    0     0  2261k      0  0:03:29  0:01:10  0:02:19 71698
 35  462M   35  163M    0     0  2334k      0  0:03:23  0:01:11  0:02:12 1534k
 37  462M   37  171M    0     0  2418k      0  0:03:16  0:01:12  0:02:04 3225k
 37  462M   37  172M    0     0  2398k      0  0:03:17  0:01:13  0:02:04 3394k
 37  462M   37  172M    0     0  2366k      0  0:03:20  0:01:14  0:02:06 3379k
 37  462M   37  172M    0     0  2336k      0  0:03:22  0:01:15  0:02:07 3395k
 39  462M   39  181M    0     0  2417k      0  0:03:16  0:01:16  0:02:00 3613k
 39  462M   39  181M    0     0  2395k      0  0:03:17  0:01:17  0:02:00 2054k
 39  462M   39  181M    0     0  2365k      0  0:03:20  0:01:18  0:02:02 1882k
 39  462M   39  182M    0     0  2335k      0  0:03:22  0:01:19  0:02:03 1875k
 39  462M   39  182M    0     0  2307k      0  0:03:25  0:01:20  0:02:05 1876k
 42  462M   42  194M    0     0  2438k      0  0:03:14  0:01:21  0:01:53 2764k
 42  462M   42  195M    0     0  2416k      0  0:03:16  0:01:22  0:01:54 2754k
 42  462M   42  195M    0     0  2388k      0  0:03:18  0:01:23  0:01:55 2750k
 42  462M   42  195M    0     0  2360k      0  0:03:20  0:01:24  0:01:56 2755k
 45  462M   45  211M    0     0  2521k      0  0:03:08  0:01:25  0:01:43 5964k
 45  462M   45  212M    0     0  2504k      0  0:03:09  0:01:26  0:01:43 3574k
 45  462M   45  212M    0     0  2476k      0  0:03:11  0:01:27  0:01:44 3467k
 45  462M   45  212M    0     0  2448k      0  0:03:13  0:01:28  0:01:45 3449k
 47  462M   47  219M    0     0  2507k      0  0:03:09  0:01:29  0:01:40 5004k
 49  462M   49  227M    0     0  2570k      0  0:03:04  0:01:30  0:01:34 3415k
 49  462M   49  227M    0     0  2542k      0  0:03:06  0:01:31  0:01:35 3200k
 49  462M   49  228M    0     0  2517k      0  0:03:08  0:01:32  0:01:36 3236k
 52  462M   52  244M    0     0  2669k      0  0:02:57  0:01:33  0:01:24 6614k
 53  462M   53  249M    0     0  2691k      0  0:02:56  0:01:34  0:01:22 5993k
 53  462M   53  249M    0     0  2662k      0  0:02:58  0:01:35  0:01:23 4335k
 53  462M   53  249M    0     0  2635k      0  0:02:59  0:01:36  0:01:23 4357k
 53  462M   53  249M    0     0  2612k      0  0:03:01  0:01:37  0:01:24 4389k
 53  462M   53  249M    0     0  2586k      0  0:03:03  0:01:38  0:01:25 1035k
 53  462M   53  249M    0     0  2563k      0  0:03:04  0:01:39  0:01:25  148k
 54  462M   54  250M    0     0  2548k      0  0:03:05  0:01:40  0:01:25  360k
 57  462M   57  266M    0     0  2677k      0  0:02:57  0:01:41  0:01:16 3492k
 59  462M   59  274M    0     0  2730k      0  0:02:53  0:01:42  0:01:11 5013k
 59  462M   59  274M    0     0  2704k      0  0:02:55  0:01:43  0:01:12 5024k
 59  462M   59  274M    0     0  2679k      0  0:02:56  0:01:44  0:01:12 5010k
 59  462M   59  274M    0     0  2654k      0  0:02:58  0:01:45  0:01:13 4786k
 59  462M   59  274M    0     0  2629k      0  0:03:00  0:01:46  0:01:14 1634k
 59  462M   59  274M    0     0  2605k      0  0:03:01  0:01:47  0:01:14 36350
 59  462M   59  274M    0     0  2581k      0  0:03:03  0:01:48  0:01:15 36313
 59  462M   59  274M    0     0  2560k      0  0:03:05  0:01:49  0:01:16 74493
 59  462M   59  274M    0     0  2539k      0  0:03:06  0:01:50  0:01:16  120k
 59  462M   59  276M    0     0  2529k      0  0:03:07  0:01:51  0:01:16  400k
 62  462M   62  290M    0     0  2636k      0  0:02:59  0:01:52  0:01:07 3298k
 62  462M   62  291M    0     0  2622k      0  0:03:00  0:01:53  0:01:07 3491k
 62  462M   62  291M    0     0  2600k      0  0:03:02  0:01:54  0:01:08 3472k
 64  462M   64  298M    0     0  2637k      0  0:02:59  0:01:55  0:01:04 4821k
 64  462M   64  298M    0     0  2614k      0  0:03:01  0:01:56  0:01:05 4498k
 67  462M   67  313M    0     0  2723k      0  0:02:54  0:01:57  0:00:57 4697k
 68  462M   68  315M    0     0  2717k      0  0:02:54  0:01:58  0:00:56 4892k
 70  462M   70  327M    0     0  2803k      0  0:02:49  0:01:59  0:00:50 7456k
 72  462M   72  334M    0     0  2839k      0  0:02:46  0:02:00  0:00:46 7532k
 72  462M   72  334M    0     0  2816k      0  0:02:48  0:02:01  0:00:47 7529k
 72  462M   72  335M    0     0  2793k      0  0:02:49  0:02:02  0:00:47 4442k
 72  462M   72  335M    0     0  2771k      0  0:02:51  0:02:03  0:00:48 4062k
 72  462M   72  335M    0     0  2752k      0  0:02:52  0:02:04  0:00:48 1538k
 75  462M   75  348M    0     0  2839k      0  0:02:46  0:02:05  0:00:41 2822k
 75  462M   75  350M    0     0  2832k      0  0:02:47  0:02:06  0:00:41 3227k
 75  462M   75  350M    0     0  2812k      0  0:02:48  0:02:07  0:00:41 3271k
 75  462M   75  351M    0     0  2791k      0  0:02:49  0:02:08  0:00:41 3275k
 75  462M   75  351M    0     0  2771k      0  0:02:51  0:02:09  0:00:42 3241k
 78  462M   78  364M    0     0  2850k      0  0:02:46  0:02:10  0:00:36 3143k
 78  462M   78  364M    0     0  2833k      0  0:02:47  0:02:11  0:00:36 2848k
 78  462M   78  364M    0     0  2812k      0  0:02:48  0:02:12  0:00:36 2813k
 78  462M   78  365M    0     0  2794k      0  0:02:49  0:02:13  0:00:36 2890k
 82  462M   82  380M    0     0  2888k      0  0:02:44  0:02:14  0:00:30 5956k
 84  462M   84  389M    0     0  2934k      0  0:02:41  0:02:15  0:00:26 5105k
 84  462M   84  390M    0     0  2923k      0  0:02:42  0:02:16  0:00:26 5312k
 84  462M   84  390M    0     0  2902k      0  0:02:43  0:02:17  0:00:26 5276k
 84  462M   84  390M    0     0  2881k      0  0:02:44  0:02:18  0:00:26 5223k
 84  462M   84  390M    0     0  2861k      0  0:02:45  0:02:19  0:00:26 2123k
 84  462M   84  390M    0     0  2841k      0  0:02:46  0:02:20  0:00:26  322k
 84  462M   84  390M    0     0  2821k      0  0:02:48  0:02:21  0:00:27 38509
 85  462M   85  397M    0     0  2848k      0  0:02:46  0:02:22  0:00:24 1357k
 85  462M   85  397M    0     0  2831k      0  0:02:47  0:02:23  0:00:24 1446k
 85  462M   85  397M    0     0  2812k      0  0:02:48  0:02:24  0:00:24 1451k
 85  462M   85  398M    0     0  2796k      0  0:02:49  0:02:25  0:00:24 1537k
 86  462M   86  398M    0     0  2777k      0  0:02:50  0:02:26  0:00:24 1533k
 86  462M   86  398M    0     0  2758k      0  0:02:51  0:02:27  0:00:24  213k
 87  462M   87  405M    0     0  2793k      0  0:02:49  0:02:28  0:00:21 1691k
 89  462M   89  413M    0     0  2825k      0  0:02:47  0:02:29  0:00:18 3178k
 91  462M   91  425M    0     0  2891k      0  0:02:43  0:02:30  0:00:13 5662k
 93  462M   93  432M    0     0  2917k      0  0:02:42  0:02:31  0:00:11 7002k
 93  462M   93  432M    0     0  2898k      0  0:02:43  0:02:32  0:00:11 7044k
 93  462M   93  432M    0     0  2879k      0  0:02:44  0:02:33  0:00:11 5441k
 93  462M   93  432M    0     0  2861k      0  0:02:45  0:02:34  0:00:11 3939k
 93  462M   93  432M    0     0  2844k      0  0:02:46  0:02:35  0:00:11 1416k
 93  462M   93  432M    0     0  2826k      0  0:02:47  0:02:36  0:00:11 80532
 94  462M   94  437M    0     0  2837k      0  0:02:47  0:02:37  0:00:10  969k
 96  462M   96  448M    0     0  2893k      0  0:02:43  0:02:38  0:00:05 3318k
 97  462M   97  451M    0     0  2893k      0  0:02:43  0:02:39  0:00:04 3907k
 97  462M   97  451M    0     0  2876k      0  0:02:44  0:02:40  0:00:04 3868k
 97  462M   97  451M    0     0  2858k      0  0:02:45  0:02:41  0:00:04 3842k
 97  462M   97  451M    0     0  2841k      0  0:02:46  0:02:42  0:00:04 2963k
 97  462M   97  452M    0     0  2826k      0  0:02:47  0:02:43  0:00:04  687k
 97  462M   97  452M    0     0  2809k      0  0:02:48  0:02:44  0:00:04  109k
 97  462M   97  452M    0     0  2794k      0  0:02:49  0:02:45  0:00:04  159k
100  462M  100  462M    0     0  2852k      0  0:02:46  0:02:46 --:--:-- 2633k
[faiss-sra] /home/runner/boostkit-perf/faiss/1.14.3/aarch64/38043065570-1/sra-test/hnsw_test hnsw glove-100-angular --no-pin
Loaded configuration:
  batch_size = 100
  batch_mode = false
  top_k = 10
  index_path = indexes/hnsw/glove.faiss
  num_threads = 32
  nloop = 5
  metric = IP
  efc = 600
  save_or_load = save
  efs = 520
  k_f = 54
base vector size: 1183514
query vector size: 10000
Index build+prepare time: 118.551 s
Loop 1/5:
  wall_time = 65.7763 s (broadcast->join)
  thread_time: min=62.5244 s, avg=64.0322 s, max=65.7758 s
  total_queries = nq(10000) * threads(32) = 320000
  QPS_total(wall) = 4864.98
  QPS_avg_thread  = 156.171
Loop 2/5:
  wall_time = 65.3221 s (broadcast->join)
  thread_time: min=62.4323 s, avg=63.7013 s, max=65.3217 s
  total_queries = nq(10000) * threads(32) = 320000
  QPS_total(wall) = 4898.8
  QPS_avg_thread  = 156.983
Loop 3/5:
  wall_time = 64.4788 s (broadcast->join)
  thread_time: min=62.6662 s, avg=63.6538 s, max=64.4782 s
  total_queries = nq(10000) * threads(32) = 320000
  QPS_total(wall) = 4962.87
  QPS_avg_thread  = 157.1
Loop 4/5:
  wall_time = 64.4095 s (broadcast->join)
  thread_time: min=62.3932 s, avg=63.4657 s, max=64.4089 s
  total_queries = nq(10000) * threads(32) = 320000
  QPS_total(wall) = 4968.21
  QPS_avg_thread  = 157.565
Loop 5/5:
  wall_time = 66.0156 s (broadcast->join)
  thread_time: min=62.0469 s, avg=63.6874 s, max=66.0153 s
  total_queries = nq(10000) * threads(32) = 320000
  QPS_total(wall) = 4847.34
  QPS_avg_thread  = 157.017
==================================================
Final Summary (same nq per thread):
  build+prepare_time = 118.551 s
  recall = 0.99043
  pin_threads = OFF
  loops = 5
  avg_loop_wall_time = 65.2005 s
  avg_thread_time(min/avg/max) = 62.4126 / 63.7081 / 65.2 s
  mid50_sorted_wall_mean = 64.9005 s
  total_queries_per_loop = 320000
  final_QPS(mid50 wall mean) = 4930.63
  QPS_from_avg_thread_time * threads = 5022.91
[faiss-sra] downloading https://ann-benchmarks.com/deep-image-96-angular.hdf5
  % Total    % Received % Xferd  Average Speed   Time    Time     Time  Current
                                 Dload  Upload   Total   Spent    Left  Speed

  0     0    0     0    0     0      0      0 --:--:-- --:--:-- --:--:--     0
  0 3669M    0     0    0     0      0      0 --:--:-- --:--:-- --:--:--     0
  0 3669M    0 3072k    0     0  2084k      0  0:30:02  0:00:01  0:30:01 2084k
  0 3669M    0 20.4M    0     0  8401k      0  0:07:27  0:00:02  0:07:25 8398k
  0 3669M    0 25.8M    0     0  7593k      0  0:08:14  0:00:03  0:08:11 7591k
  0 3669M    0 25.8M    0     0  5900k      0  0:10:36  0:00:04  0:10:32 5899k
  0 3669M    0 25.9M    0     0  4829k      0  0:12:58  0:00:05  0:12:53 5881k
  0 3669M    0 25.9M    0     0  4087k      0  0:15:19  0:00:06  0:15:13 4675k
  0 3669M    0 25.9M    0     0  3553k      0  0:17:37  0:00:07  0:17:30 1138k
  0 3669M    0 26.0M    0     0  3139k      0  0:19:56  0:00:08  0:19:48 44594
  1 3669M    1 37.0M    0     0  4008k      0  0:15:37  0:00:09  0:15:28 2305k
  1 3669M    1 42.3M    0     0  4136k      0  0:15:08  0:00:10  0:14:58 3374k
  1 3669M    1 57.8M    0     0  5154k      0  0:12:09  0:00:11  0:11:58 6544k
  1 3669M    1 57.8M    0     0  4742k      0  0:13:12  0:00:12  0:13:00 6521k
  2 3669M    2 74.2M    0     0  5634k      0  0:11:06  0:00:13  0:10:53 9867k
  2 3669M    2 83.9M    0     0  5937k      0  0:10:32  0:00:14  0:10:18 9593k
  2 3669M    2 84.1M    0     0  5559k      0  0:11:15  0:00:15  0:11:00 8532k
  2 3669M    2 84.1M    0     0  5223k      0  0:11:59  0:00:16  0:11:43 5382k
  2 3669M    2 84.2M    0     0  4934k      0  0:12:41  0:00:17  0:12:24 5415k
  2 3669M    2 84.4M    0     0  4678k      0  0:13:23  0:00:18  0:13:05 2093k
  2 3669M    2 84.7M    0     0  4458k      0  0:14:02  0:00:19  0:13:43  174k
  2 3669M    2  100M    0     0  5021k      0  0:12:28  0:00:20  0:12:08 3347k
  2 3669M    2  104M    0     0  4988k      0  0:12:33  0:00:21  0:12:12 4211k
  2 3669M    2  104M    0     0  4767k      0  0:13:08  0:00:22  0:12:46 4185k
  2 3669M    2  104M    0     0  4565k      0  0:13:43  0:00:23  0:13:20 4146k
  2 3669M    2  104M    0     0  4379k      0  0:14:18  0:00:24  0:13:54 4074k
  2 3669M    2  105M    0     0  4221k      0  0:14:50  0:00:25  0:14:25  956k
  2 3669M    2  105M    0     0  4075k      0  0:15:21  0:00:26  0:14:55  151k
  3 3669M    3  120M    0     0  4497k      0  0:13:55  0:00:27  0:13:28 3281k
  3 3669M    3  120M    0     0  4340k      0  0:14:25  0:00:28  0:13:57 3279k
  3 3669M    3  136M    0     0  4743k      0  0:13:12  0:00:29  0:12:43 6539k
  3 3669M    3  136M    0     0  4597k      0  0:13:37  0:00:30  0:13:07 6517k
  4 3669M    4  152M    0     0  4955k      0  0:12:38  0:00:31  0:12:07 9601k
  4 3669M    4  152M    0     0  4812k      0  0:13:00  0:00:32  0:12:28 6544k
  4 3669M    4  168M    0     0  5159k      0  0:12:08  0:00:33  0:11:35 9826k
  4 3669M    4  169M    0     0  5022k      0  0:12:28  0:00:34  0:11:54 6656k
  4 3669M    4  169M    0     0  4885k      0  0:12:49  0:00:35  0:12:14 6648k
  4 3669M    4  170M    0     0  4782k      0  0:13:05  0:00:36  0:12:29 3688k
  5 3669M    5  184M    0     0  5041k      0  0:12:25  0:00:37  0:11:48 6528k
  5 3669M    5  191M    0     0  5085k      0  0:12:18  0:00:38  0:11:40 4593k
  5 3669M    5  191M    0     0  4961k      0  0:12:37  0:00:39  0:11:58 4536k
  5 3669M    5  191M    0     0  4839k      0  0:12:56  0:00:40  0:12:16 4509k
  5 3669M    5  191M    0     0  4726k      0  0:13:15  0:00:41  0:12:34 4318k
  5 3669M    5  200M    0     0  4825k      0  0:12:58  0:00:42  0:12:16 3196k
  5 3669M    5  211M    0     0  4984k      0  0:12:33  0:00:43  0:11:50 4198k
  5 3669M    5  211M    0     0  4872k      0  0:12:51  0:00:44  0:12:07 4172k
  5 3669M    5  211M    0     0  4765k      0  0:13:08  0:00:45  0:12:23 4168k
  5 3669M    5  211M    0     0  4665k      0  0:13:25  0:00:46  0:12:39 4162k
  5 3669M    5  211M    0     0  4567k      0  0:13:42  0:00:47  0:12:55 2386k
  5 3669M    5  211M    0     0  4474k      0  0:13:59  0:00:48  0:13:11 41133
  5 3669M    5  212M    0     0  4388k      0  0:14:16  0:00:49  0:13:27 95712
  5 3669M    5  212M    0     0  4304k      0  0:14:32  0:00:50  0:13:42 96450
  5 3669M    5  212M    0     0  4226k      0  0:14:49  0:00:51  0:13:58  144k
  6 3669M    6  227M    0     0  4447k      0  0:14:04  0:00:52  0:13:12 3307k
  6 3669M    6  236M    0     0  4530k      0  0:13:49  0:00:53  0:12:56 5077k
  6 3669M    6  236M    0     0  4447k      0  0:14:04  0:00:54  0:13:10 5030k
  6 3669M    6  236M    0     0  4370k      0  0:14:19  0:00:55  0:13:24 5031k
  6 3669M    6  252M    0     0  4582k      0  0:13:40  0:00:56  0:12:44 8246k
  6 3669M    6  253M    0     0  4506k      0  0:13:53  0:00:57  0:12:56 5127k
  7 3669M    7  268M    0     0  4695k      0  0:13:20  0:00:58  0:12:22 6465k
  7 3669M    7  268M    0     0  4617k      0  0:13:33  0:00:59  0:12:34 6469k
  7 3669M    7  283M    0     0  4807k      0  0:13:01  0:01:00  0:12:01 9675k
  7 3669M    7  290M    0     0  4832k      0  0:12:57  0:01:01  0:11:56 7651k
  7 3669M    7  290M    0     0  4757k      0  0:13:09  0:01:02  0:12:07 7654k
  7 3669M    7  290M    0     0  4682k      0  0:13:22  0:01:03  0:12:19 4529k
  7 3669M    7  290M    0     0  4610k      0  0:13:35  0:01:04  0:12:31 4528k
  7 3669M    7  290M    0     0  4545k      0  0:13:46  0:01:05  0:12:41 1378k
  7 3669M    7  291M    0     0  4482k      0  0:13:58  0:01:06  0:12:52  157k
  8 3669M    8  303M    0     0  4611k      0  0:13:34  0:01:07  0:12:27 2789k
  8 3669M    8  307M    0     0  4599k      0  0:13:36  0:01:08  0:12:28 3544k
  8 3669M    8  307M    0     0  4535k      0  0:13:48  0:01:09  0:12:39 3560k
  8 3669M    8  325M    0     0  4733k      0  0:13:13  0:01:10  0:12:03 7178k
  8 3669M    8  325M    0     0  4667k      0  0:13:25  0:01:11  0:12:14 7116k
  8 3669M    8  325M    0     0  4605k      0  0:13:36  0:01:12  0:12:24 4512k
  8 3669M    8  325M    0     0  4542k      0  0:13:47  0:01:13  0:12:34 3757k
  8 3669M    8  326M    0     0  4481k      0  0:13:58  0:01:14  0:12:44 3743k
  8 3669M    8  326M    0     0  4422k      0  0:14:09  0:01:15  0:12:54 43955
  8 3669M    8  326M    0     0  4368k      0  0:14:20  0:01:16  0:13:04 81498
  8 3669M    8  329M    0     0  4355k      0  0:14:22  0:01:17  0:13:05  743k
  9 3669M    9  342M    0     0  4473k      0  0:13:59  0:01:18  0:12:41 3467k
  9 3669M    9  342M    0     0  4417k      0  0:14:10  0:01:19  0:12:51 3464k
  9 3669M    9  354M    0     0  4514k      0  0:13:52  0:01:20  0:12:32 5912k
  9 3669M    9  359M    0     0  4511k      0  0:13:52  0:01:21  0:12:31 6704k
  9 3669M    9  359M    0     0  4461k      0  0:14:02  0:01:22  0:12:40 6103k
 10 3669M   10  374M    0     0  4589k      0  0:13:38  0:01:23  0:12:15 6403k
 10 3669M   10  381M    0     0  4625k      0  0:13:32  0:01:24  0:12:08 7928k
 10 3669M   10  381M    0     0  4571k      0  0:13:41  0:01:25  0:12:16 5486k
 10 3669M   10  381M    0     0  4522k      0  0:13:50  0:01:26  0:12:24 4699k
 10 3669M   10  381M    0     0  4470k      0  0:14:00  0:01:27  0:12:33 4627k
 10 3669M   10  396M    0     0  4585k      0  0:13:39  0:01:28  0:12:11 4516k
 10 3669M   10  399M    0     0  4572k      0  0:13:41  0:01:29  0:12:12 3679k
 11 3669M   11  413M    0     0  4684k      0  0:13:22  0:01:30  0:11:52 6627k
 11 3669M   11  413M    0     0  4634k      0  0:13:30  0:01:31  0:11:59 6568k
 11 3669M   11  414M    0     0  4587k      0  0:13:39  0:01:32  0:12:07 6638k
 11 3669M   11  432M    0     0  4733k      0  0:13:13  0:01:33  0:11:40 7345k
 11 3669M   11  432M    0     0  4687k      0  0:13:21  0:01:34  0:11:47 6745k
 12 3669M   12  448M    0     0  4805k      0  0:13:02  0:01:35  0:11:27 6973k
 12 3669M   12  448M    0     0  4755k      0  0:13:10  0:01:36  0:11:34 6970k
 12 3669M   12  448M    0     0  4708k      0  0:13:18  0:01:37  0:11:41 6943k
 12 3669M   12  448M    0     0  4661k      0  0:13:26  0:01:38  0:11:48 3332k
 12 3669M   12  464M    0     0  4780k      0  0:13:06  0:01:39  0:11:27 6534k
 12 3669M   12  464M    0     0  4734k      0  0:13:13  0:01:40  0:11:33 3371k
 12 3669M   12  465M    0     0  4693k      0  0:13:20  0:01:41  0:11:39 3488k
 12 3669M   12  465M    0     0  4647k      0  0:13:28  0:01:42  0:11:46 3470k
 12 3669M   12  465M    0     0  4603k      0  0:13:36  0:01:43  0:11:53 3447k
 12 3669M   12  465M    0     0  4560k      0  0:13:43  0:01:44  0:11:59  166k
 13 3669M   13  480M    0     0  4668k      0  0:13:25  0:01:45  0:11:40 3343k
 13 3669M   13  482M    0     0  4635k      0  0:13:30  0:01:46  0:11:44 3461k
 13 3669M   13  482M    0     0  4592k      0  0:13:38  0:01:47  0:11:51 3461k
 13 3669M   13  482M    0     0  4550k      0  0:13:45  0:01:48  0:11:57 3462k
 13 3669M   13  482M    0     0  4510k      0  0:13:53  0:01:49  0:12:04 3462k
 13 3669M   13  482M    0     0  4469k      0  0:14:00  0:01:50  0:12:10  281k
 13 3669M   13  482M    0     0  4432k      0  0:14:07  0:01:51  0:12:16  128k
 13 3669M   13  482M    0     0  4394k      0  0:14:15  0:01:52  0:12:23  128k
 13 3669M   13  482M    0     0  4356k      0  0:14:22  0:01:53  0:12:29  126k
 13 3669M   13  499M    0     0  4463k      0  0:14:01  0:01:54  0:12:07 3447k
 13 3669M   13  508M    0     0  4507k      0  0:13:53  0:01:55  0:11:58 5334k
 14 3669M   14  515M    0     0  4532k      0  0:13:49  0:01:56  0:11:53 6763k
 14 3669M   14  515M    0     0  4494k      0  0:13:56  0:01:57  0:11:59 6721k
 14 3669M   14  515M    0     0  4456k      0  0:14:03  0:01:58  0:12:05 6722k
 14 3669M   14  515M    0     0  4421k      0  0:14:09  0:01:59  0:12:10 3463k
 14 3669M   14  527M    0     0  4487k      0  0:13:57  0:02:00  0:11:57 4037k
 14 3669M   14  538M    0     0  4540k      0  0:13:47  0:02:01  0:11:46 4716k
 14 3669M   14  538M    0     0  4503k      0  0:13:54  0:02:02  0:11:52 4716k
 14 3669M   14  540M    0     0  4481k      0  0:13:58  0:02:03  0:11:55 5082k
 15 3669M   15  556M    0     0  4576k      0  0:13:41  0:02:04  0:11:37 8267k
 15 3669M   15  556M    0     0  4541k      0  0:13:47  0:02:05  0:11:42 5838k
 15 3669M   15  556M    0     0  4505k      0  0:13:54  0:02:06  0:11:48 3664k
 15 3669M   15  556M    0     0  4470k      0  0:14:00  0:02:07  0:11:53 3662k
 15 3669M   15  556M    0     0  4435k      0  0:14:07  0:02:08  0:11:59 3307k
 15 3669M   15  556M    0     0  4401k      0  0:14:13  0:02:09  0:12:04 39561
 15 3669M   15  556M    0     0  4368k      0  0:14:20  0:02:10  0:12:10 41482
 15 3669M   15  557M    0     0  4337k      0  0:14:26  0:02:11  0:12:15  111k
 15 3669M   15  557M    0     0  4305k      0  0:14:32  0:02:12  0:12:20  109k
 15 3669M   15  564M    0     0  4334k      0  0:14:27  0:02:13  0:12:14 1714k
 15 3669M   15  572M    0     0  4359k      0  0:14:22  0:02:14  0:12:08 3264k
 15 3669M   15  576M    0     0  4355k      0  0:14:22  0:02:15  0:12:07 4039k
 16 3669M   16  592M    0     0  4442k      0  0:14:05  0:02:16  0:11:49 7218k
 16 3669M   16  592M    0     0  4409k      0  0:14:12  0:02:17  0:11:55 7173k
 16 3669M   16  592M    0     0  4380k      0  0:14:17  0:02:18  0:11:59 5610k
 16 3669M   16  601M    0     0  4412k      0  0:14:11  0:02:19  0:11:52 5864k
 16 3669M   16  607M    0     0  4430k      0  0:14:08  0:02:20  0:11:48 6458k
 16 3669M   16  607M    0     0  4399k      0  0:14:14  0:02:21  0:11:53 3235k
 17 3669M   17  623M    0     0  4484k      0  0:13:57  0:02:22  0:11:35 6536k
 17 3669M   17  624M    0     0  4453k      0  0:14:03  0:02:23  0:11:40 6475k
 17 3669M   17  631M    0     0  4474k      0  0:13:59  0:02:24  0:11:35 6186k
 17 3669M   17  645M    0     0  4541k      0  0:13:47  0:02:25  0:11:22 7662k
 17 3669M   17  646M    0     0  4522k      0  0:13:50  0:02:26  0:11:24 7985k
 17 3669M   17  646M    0     0  4491k      0  0:13:56  0:02:27  0:11:29 4695k
 17 3669M   17  647M    0     0  4461k      0  0:14:02  0:02:28  0:11:34 4700k
 17 3669M   17  654M    0     0  4483k      0  0:13:58  0:02:29  0:11:29 4736k
 18 3669M   18  663M    0     0  4513k      0  0:13:52  0:02:30  0:11:22 3680k
 18 3669M   18  664M    0     0  4492k      0  0:13:56  0:02:31  0:11:25 3614k
 18 3669M   18  680M    0     0  4566k      0  0:13:42  0:02:32  0:11:10 6799k
 18 3669M   18  684M    0     0  4569k      0  0:13:42  0:02:33  0:11:09 7796k
 18 3669M   18  684M    0     0  4540k      0  0:13:47  0:02:34  0:11:13 6249k
 19 3669M   19  701M    0     0  4618k      0  0:13:33  0:02:35  0:10:58 7769k
 19 3669M   19  701M    0     0  4591k      0  0:13:38  0:02:36  0:11:02 7564k
 19 3669M   19  701M    0     0  4562k      0  0:13:43  0:02:37  0:11:06 4431k
 19 3669M   19  703M    0     0  4543k      0  0:13:47  0:02:38  0:11:09 3727k
 19 3669M   19  717M    0     0  4605k      0  0:13:35  0:02:39  0:10:56 6595k
 19 3669M   19  717M    0     0  4578k      0  0:13:40  0:02:40  0:11:00 3339k
 19 3669M   19  717M    0     0  4550k      0  0:13:45  0:02:41  0:11:04 3273k
 19 3669M   19  717M    0     0  4522k      0  0:13:50  0:02:42  0:11:08 3259k
 19 3669M   19  717M    0     0  4494k      0  0:13:56  0:02:43  0:11:13 2964k
 19 3669M   19  717M    0     0  4467k      0  0:14:01  0:02:44  0:11:17 43469
 19 3669M   19  717M    0     0  4442k      0  0:14:05  0:02:45  0:11:20 82339
 19 3669M   19  719M    0     0  4424k      0  0:14:09  0:02:46  0:11:23  365k
 20 3669M   20  734M    0     0  4489k      0  0:13:57  0:02:47  0:11:10 3431k
 20 3669M   20  741M    0     0  4505k      0  0:13:54  0:02:48  0:11:06 4861k
 20 3669M   20  741M    0     0  4479k      0  0:13:58  0:02:49  0:11:09 4846k
 20 3669M   20  741M    0     0  4455k      0  0:14:03  0:02:50  0:11:13 4894k
 20 3669M   20  745M    0     0  4453k      0  0:14:03  0:02:51  0:11:12 5398k
 20 3669M   20  745M    0     0  4427k      0  0:14:08  0:02:52  0:11:16 2321k
 20 3669M   20  745M    0     0  4402k      0  0:14:13  0:02:53  0:11:20  917k
 20 3669M   20  750M    0     0  4401k      0  0:14:13  0:02:54  0:11:19 1743k
 20 3669M   20  750M    0     0  4378k      0  0:14:18  0:02:55  0:11:23 1741k
 20 3669M   20  750M    0     0  4354k      0  0:14:22  0:02:56  0:11:26  963k
 20 3669M   20  750M    0     0  4330k      0  0:14:27  0:02:57  0:11:30  961k
 20 3669M   20  750M    0     0  4308k      0  0:14:32  0:02:58  0:11:34 1056k
 20 3669M   20  751M    0     0  4284k      0  0:14:37  0:02:59  0:11:38  206k
 20 3669M   20  755M    0     0  4284k      0  0:14:36  0:03:00  0:11:36 1007k
 20 3669M   20  755M    0     0  4264k      0  0:14:41  0:03:01  0:11:40 1111k
 20 3669M   20  755M    0     0  4241k      0  0:14:45  0:03:02  0:11:43 1110k
 20 3669M   20  755M    0     0  4218k      0  0:14:50  0:03:03  0:11:47 1013k
 20 3669M   20  756M    0     0  4198k      0  0:14:55  0:03:04  0:11:51 1099k
 20 3669M   20  767M    0     0  4237k      0  0:14:46  0:03:05  0:11:41 2502k
 21 3669M   21  771M    0     0  4238k      0  0:14:46  0:03:06  0:11:40 3265k
 21 3669M   21  785M    0     0  4288k      0  0:14:36  0:03:07  0:11:29 6011k
 21 3669M   21  785M    0     0  4269k      0  0:14:40  0:03:08  0:11:32 6125k
 21 3669M   21  785M    0     0  4247k      0  0:14:44  0:03:09  0:11:35 6041k
 21 3669M   21  785M    0     0  4224k      0  0:14:49  0:03:10  0:11:39 3770k
 21 3669M   21  791M    0     0  4230k      0  0:14:48  0:03:11  0:11:37 3949k
 21 3669M   21  791M    0     0  4208k      0  0:14:52  0:03:12  0:11:40 1201k
 21 3669M   21  791M    0     0  4186k      0  0:14:57  0:03:13  0:11:44 1088k
 21 3669M   21  791M    0     0  4165k      0  0:15:02  0:03:14  0:11:48 1084k
 21 3669M   21  791M    0     0  4147k      0  0:15:06  0:03:15  0:11:51 1177k
 21 3669M   21  791M    0     0  4126k      0  0:15:10  0:03:16  0:11:54  129k
 21 3669M   21  791M    0     0  4105k      0  0:15:15  0:03:17  0:11:58  129k
 21 3669M   21  804M    0     0  4152k      0  0:15:05  0:03:18  0:11:47 2795k
 22 3669M   22  809M    0     0  4155k      0  0:15:04  0:03:19  0:11:45 3773k
 22 3669M   22  809M    0     0  4135k      0  0:15:08  0:03:20  0:11:48 3668k
 22 3669M   22  809M    0     0  4115k      0  0:15:13  0:03:21  0:11:52 3715k
 22 3669M   22  825M    0     0  4174k      0  0:15:00  0:03:22  0:11:38 6927k
 22 3669M   22  829M    0     0  4176k      0  0:14:59  0:03:23  0:11:36 5159k
 22 3669M   22  841M    0     0  4213k      0  0:14:51  0:03:24  0:11:27 6527k
 22 3669M   22  841M    0     0  4194k      0  0:14:55  0:03:25  0:11:30 6566k
 22 3669M   22  841M    0     0  4173k      0  0:15:00  0:03:26  0:11:34 6512k
 22 3669M   22  841M    0     0  4154k      0  0:15:04  0:03:27  0:11:37 3316k
 22 3669M   22  841M    0     0  4134k      0  0:15:08  0:03:28  0:11:40 2409k
 22 3669M   22  841M    0     0  4114k      0  0:15:13  0:03:29  0:11:44 41531
 22 3669M   22  841M    0     0  4095k      0  0:15:17  0:03:30  0:11:47 43706
 23 3669M   23  850M    0     0  4116k      0  0:15:12  0:03:31  0:11:41 1735k
 23 3669M   23  861M    0     0  4150k      0  0:15:05  0:03:32  0:11:33 3996k
 23 3669M   23  861M    0     0  4132k      0  0:15:09  0:03:33  0:11:36 4055k
 23 3669M   23  862M    0     0  4117k      0  0:15:12  0:03:34  0:11:38 4215k
 23 3669M   23  862M    0     0  4098k      0  0:15:16  0:03:35  0:11:41 4202k
 23 3669M   23  878M    0     0  4155k      0  0:15:04  0:03:36  0:11:28 5819k
 23 3669M   23  879M    0     0  4138k      0  0:15:08  0:03:37  0:11:31 3632k
 23 3669M   23  879M    0     0  4121k      0  0:15:11  0:03:38  0:11:33 3661k
 24 3669M   24  888M    0     0  4146k      0  0:15:06  0:03:39  0:11:27 5392k
 24 3669M   24  888M    0     0  4127k      0  0:15:10  0:03:40  0:11:30 5394k
 24 3669M   24  889M    0     0  4112k      0  0:15:13  0:03:41  0:11:32 2221k
 24 3669M   24  903M    0     0  4160k      0  0:15:03  0:03:42  0:11:21 5107k
 24 3669M   24  905M    0     0  4148k      0  0:15:05  0:03:43  0:11:22 5310k
 24 3669M   24  905M    0     0  4131k      0  0:15:09  0:03:44  0:11:25 3499k
 24 3669M   24  910M    0     0  4133k      0  0:15:09  0:03:45  0:11:24 4402k
 24 3669M   24  910M    0     0  4115k      0  0:15:13  0:03:46  0:11:27 4250k
 24 3669M   24  911M    0     0  4102k      0  0:15:16  0:03:47  0:11:29 1526k
 24 3669M   24  912M    0     0  4089k      0  0:15:18  0:03:48  0:11:30 1481k
 25 3669M   25  919M    0     0  4104k      0  0:15:15  0:03:49  0:11:26 2890k
 25 3669M   25  919M    0     0  4086k      0  0:15:19  0:03:50  0:11:29 1989k
 25 3669M   25  919M    0     0  4069k      0  0:15:23  0:03:51  0:11:32 1998k
 25 3669M   25  920M    0     0  4053k      0  0:15:27  0:03:52  0:11:35 1842k
 25 3669M   25  935M    0     0  4102k      0  0:15:15  0:03:53  0:11:22 4693k
 25 3669M   25  935M    0     0  4085k      0  0:15:19  0:03:54  0:11:25 3202k
 25 3669M   25  945M    0     0  4111k      0  0:15:13  0:03:55  0:11:18 5272k
 25 3669M   25  945M    0     0  4094k      0  0:15:17  0:03:56  0:11:21 5243k
 25 3669M   25  951M    0     0  4103k      0  0:15:15  0:03:57  0:11:18 6419k
 26 3669M   26  962M    0     0  4131k      0  0:15:09  0:03:58  0:11:11 5474k
 26 3669M   26  962M    0     0  4114k      0  0:15:13  0:03:59  0:11:14 5465k
 26 3669M   26  962M    0     0  4098k      0  0:15:16  0:04:00  0:11:16 3467k
 26 3669M   26  975M    0     0  4134k      0  0:15:08  0:04:01  0:11:07 6040k
 26 3669M   26  975M    0     0  4119k      0  0:15:12  0:04:02  0:11:10 4898k
 26 3669M   26  975M    0     0  4103k      0  0:15:15  0:04:03  0:11:12 2760k
 26 3669M   26  975M    0     0  4086k      0  0:15:19  0:04:04  0:11:15 2761k
 26 3669M   26  976M    0     0  4071k      0  0:15:22  0:04:05  0:11:17 2767k
 26 3669M   26  976M    0     0  4055k      0  0:15:26  0:04:06  0:11:20  208k
 26 3669M   26  976M    0     0  4039k      0  0:15:30  0:04:07  0:11:23  105k
 26 3669M   26  976M    0     0  4022k      0  0:15:34  0:04:08  0:11:26  103k
 26 3669M   26  980M    0     0  4024k      0  0:15:33  0:04:09  0:11:24  962k
 27 3669M   27  992M    0     0  4055k      0  0:15:26  0:04:10  0:11:16 3298k
 27 3669M   27 1001M    0     0  4078k      0  0:15:21  0:04:11  0:11:10 5219k
 27 3669M   27 1001M    0     0  4062k      0  0:15:25  0:04:12  0:11:13 5221k
 27 3669M   27 1001M    0     0  4046k      0  0:15:28  0:04:13  0:11:15 5230k
 27 3669M   27 1001M    0     0  4031k      0  0:15:32  0:04:14  0:11:18 4416k
 27 3669M   27 1010M    0     0  4051k      0  0:15:27  0:04:15  0:11:12 3847k
 27 3669M   27 1011M    0     0  4038k      0  0:15:30  0:04:16  0:11:14 2031k
 27 3669M   27 1011M    0     0  4023k      0  0:15:34  0:04:17  0:11:17 2031k
 27 3669M   27 1011M    0     0  4007k      0  0:15:37  0:04:18  0:11:19 2033k
 27 3669M   27 1011M    0     0  3992k      0  0:15:41  0:04:19  0:11:22 1974k
 27 3669M   27 1011M    0     0  3977k      0  0:15:44  0:04:20  0:11:24  157k
 27 3669M   27 1018M    0     0  3987k      0  0:15:42  0:04:21  0:11:21 1372k
 27 3669M   27 1022M    0     0  3989k      0  0:15:41  0:04:22  0:11:19 2271k
 27 3669M   27 1022M    0     0  3974k      0  0:15:45  0:04:23  0:11:22 2273k
 27 3669M   27 1022M    0     0  3959k      0  0:15:49  0:04:24  0:11:25 2275k
 27 3669M   27 1023M    0     0  3946k      0  0:15:52  0:04:25  0:11:27 2351k
 28 3669M   28 1035M    0     0  3978k      0  0:15:44  0:04:26  0:11:18 3487k
 28 3669M   28 1044M    0     0  3999k      0  0:15:39  0:04:27  0:11:12 4500k
 28 3669M   28 1048M    0     0  3997k      0  0:15:40  0:04:28  0:11:12 5192k
 28 3669M   28 1050M    0     0  3990k      0  0:15:41  0:04:29  0:11:12 5594k
 28 3669M   28 1050M    0     0  3976k      0  0:15:44  0:04:30  0:11:14 5586k
 28 3669M   28 1050M    0     0  3962k      0  0:15:48  0:04:31  0:11:17 3119k
 28 3669M   28 1052M    0     0  3953k      0  0:15:50  0:04:32  0:11:18 1531k
 28 3669M   28 1052M    0     0  3942k      0  0:15:53  0:04:33  0:11:20  988k
 28 3669M   28 1053M    0     0  3929k      0  0:15:56  0:04:34  0:11:22  673k
 28 3669M   28 1053M    0     0  3915k      0  0:15:59  0:04:35  0:11:24  592k
 28 3669M   28 1058M    0     0  3920k      0  0:15:58  0:04:36  0:11:22 1622k
 29 3669M   29 1070M    0     0  3949k      0  0:15:51  0:04:37  0:11:14 3716k
 29 3669M   29 1077M    0     0  3963k      0  0:15:48  0:04:38  0:11:10 5080k
 29 3669M   29 1090M    0     0  3994k      0  0:15:40  0:04:39  0:11:01 7581k
 29 3669M   29 1093M    0     0  3991k      0  0:15:41  0:04:40  0:11:01 8171k
 29 3669M   29 1093M    0     0  3977k      0  0:15:44  0:04:41  0:11:03 7118k
 29 3669M   29 1094M    0     0  3968k      0  0:15:46  0:04:42  0:11:04 5006k
 30 3669M   30 1109M    0     0  4007k      0  0:15:37  0:04:43  0:10:54 6489k
 30 3669M   30 1109M    0     0  3993k      0  0:15:40  0:04:44  0:10:56 3923k
 30 3669M   30 1109M    0     0  3980k      0  0:15:44  0:04:45  0:10:59 3336k
 30 3669M   30 1109M    0     0  3966k      0  0:15:47  0:04:46  0:11:01 3336k
 30 3669M   30 1109M    0     0  3952k      0  0:15:50  0:04:47  0:11:03 3070k
 30 3669M   30 1120M    0     0  3975k      0  0:15:45  0:04:48  0:10:57 2154k
 30 3669M   30 1125M    0     0  3980k      0  0:15:44  0:04:49  0:10:55 3202k
 31 3669M   31 1140M    0     0  4020k      0  0:15:34  0:04:50  0:10:44 6320k
 31 3669M   31 1141M    0     0  4011k      0  0:15:36  0:04:51  0:10:45 6601k
 31 3669M   31 1141M    0     0  3997k      0  0:15:39  0:04:52  0:10:47 6591k
 31 3669M   31 1154M    0     0  4026k      0  0:15:33  0:04:53  0:10:40 6967k
 31 3669M   31 1161M    0     0  4039k      0  0:15:30  0:04:54  0:10:36 7461k
 31 3669M   31 1161M    0     0  4025k      0  0:15:33  0:04:55  0:10:38 4337k
 31 3669M   31 1161M    0     0  4012k      0  0:15:36  0:04:56  0:10:40 4071k
 31 3669M   31 1161M    0     0  3998k      0  0:15:39  0:04:57  0:10:42 4070k
 31 3669M   31 1162M    0     0  3987k      0  0:15:42  0:04:58  0:10:44 1660k
 31 3669M   31 1162M    0     0  3973k      0  0:15:45  0:04:59  0:10:46  107k
 32 3669M   32 1177M    0     0  4012k      0  0:15:36  0:05:00  0:10:36 3256k
 32 3669M   32 1179M    0     0  4007k      0  0:15:37  0:05:01  0:10:36 3689k
 32 3669M   32 1179M    0     0  3994k      0  0:15:40  0:05:02  0:10:38 3715k
 32 3669M   32 1180M    0     0  3982k      0  0:15:43  0:05:03  0:10:40 3686k
 32 3669M   32 1180M    0     0  3969k      0  0:15:46  0:05:04  0:10:42 3686k
 32 3669M   32 1180M    0     0  3956k      0  0:15:49  0:05:05  0:10:44  586k
 32 3669M   32 1181M    0     0  3948k      0  0:15:51  0:05:06  0:10:45  438k
 32 3669M   32 1182M    0     0  3938k      0  0:15:54  0:05:07  0:10:47  579k
 32 3669M   32 1182M    0     0  3925k      0  0:15:57  0:05:08  0:10:49  532k
 32 3669M   32 1182M    0     0  3913k      0  0:16:00  0:05:09  0:10:51  534k
 32 3669M   32 1182M    0     0  3900k      0  0:16:03  0:05:10  0:10:53  483k
 32 3669M   32 1190M    0     0  3914k      0  0:16:00  0:05:11  0:10:49 1788k
 32 3669M   32 1197M    0     0  3925k      0  0:15:57  0:05:12  0:10:45 3132k
 32 3669M   32 1198M    0     0  3914k      0  0:15:59  0:05:13  0:10:46 3234k
 32 3669M   32 1198M    0     0  3902k      0  0:16:02  0:05:14  0:10:48 3232k
 32 3669M   32 1198M    0     0  3890k      0  0:16:05  0:05:15  0:10:50 3231k
 33 3669M   33 1214M    0     0  3931k      0  0:15:55  0:05:16  0:10:39 4975k
 33 3669M   33 1215M    0     0  3919k      0  0:15:58  0:05:17  0:10:41 3523k
 33 3669M   33 1230M    0     0  3956k      0  0:15:49  0:05:18  0:10:31 6561k
 33 3669M   33 1230M    0     0  3944k      0  0:15:52  0:05:19  0:10:33 6594k
 33 3669M   33 1230M    0     0  3932k      0  0:15:55  0:05:20  0:10:35 6585k
 33 3669M   33 1230M    0     0  3920k      0  0:15:58  0:05:21  0:10:37 3232k
 33 3669M   33 1241M    0     0  3941k      0  0:15:53  0:05:22  0:10:31 5330k
 33 3669M   33 1244M    0     0  3937k      0  0:15:54  0:05:23  0:10:31 2739k
 33 3669M   33 1244M    0     0  3925k      0  0:15:57  0:05:24  0:10:33 2725k
 33 3669M   33 1244M    0     0  3913k      0  0:16:00  0:05:25  0:10:35 2739k
 34 3669M   34 1254M    0     0  3935k      0  0:15:54  0:05:26  0:10:28 4918k
 34 3669M   34 1258M    0     0  3933k      0  0:15:55  0:05:27  0:10:28 3457k
 34 3669M   34 1258M    0     0  3921k      0  0:15:58  0:05:28  0:10:30 2899k
 34 3669M   34 1258M    0     0  3910k      0  0:16:00  0:05:29  0:10:31 2909k
 34 3669M   34 1266M    0     0  3923k      0  0:15:57  0:05:30  0:10:27 4562k
 34 3669M   34 1267M    0     0  3914k      0  0:15:59  0:05:31  0:10:28 2564k
 34 3669M   34 1268M    0     0  3907k      0  0:16:01  0:05:32  0:10:29 2185k
 34 3669M   34 1278M    0     0  3925k      0  0:15:57  0:05:33  0:10:24 4129k
 35 3669M   35 1287M    0     0  3941k      0  0:15:53  0:05:34  0:10:19 5985k
 35 3669M   35 1295M    0     0  3953k      0  0:15:50  0:05:35  0:10:15 5916k
 35 3669M   35 1295M    0     0  3941k      0  0:15:53  0:05:36  0:10:17 5734k
 35 3669M   35 1304M    0     0  3956k      0  0:15:49  0:05:37  0:10:12 7182k
 35 3669M   35 1304M    0     0  3945k      0  0:15:52  0:05:38  0:10:14 5294k
 35 3669M   35 1304M    0     0  3934k      0  0:15:55  0:05:39  0:10:16 3457k
 35 3669M   35 1305M    0     0  3924k      0  0:15:57  0:05:40  0:10:17 1995k
 35 3669M   35 1305M    0     0  3913k      0  0:16:00  0:05:41  0:10:19 2012k
 35 3669M   35 1306M    0     0  3903k      0  0:16:02  0:05:42  0:10:20  444k
 35 3669M   35 1311M    0     0  3909k      0  0:16:01  0:05:43  0:10:18 1522k
 35 3669M   35 1311M    0     0  3898k      0  0:16:03  0:05:44  0:10:19 1486k
 35 3669M   35 1312M    0     0  3888k      0  0:16:06  0:05:45  0:10:21 1435k
 35 3669M   35 1319M    0     0  3899k      0  0:16:03  0:05:46  0:10:17 2959k
 35 3669M   35 1320M    0     0  3890k      0  0:16:05  0:05:47  0:10:18 2963k
 35 3669M   35 1320M    0     0  3879k      0  0:16:08  0:05:48  0:10:20 1781k
 35 3669M   35 1320M    0     0  3869k      0  0:16:11  0:05:49  0:10:22 1884k
 35 3669M   35 1320M    0     0  3858k      0  0:16:13  0:05:50  0:10:23 1800k
 35 3669M   35 1320M    0     0  3847k      0  0:16:16  0:05:51  0:10:25  267k
 35 3669M   35 1320M    0     0  3837k      0  0:16:19  0:05:52  0:10:27  136k
 36 3669M   36 1328M    0     0  3849k      0  0:16:16  0:05:53  0:10:23 1748k
 36 3669M   36 1328M    0     0  3838k      0  0:16:19  0:05:54  0:10:25 1644k
 36 3669M   36 1328M    0     0  3827k      0  0:16:21  0:05:55  0:10:26 1641k
 36 3669M   36 1328M    0     0  3817k      0  0:16:24  0:05:56  0:10:28 1651k
 36 3669M   36 1329M    0     0  3807k      0  0:16:26  0:05:57  0:10:29 1718k
 36 3669M   36 1329M    0     0  3796k      0  0:16:29  0:05:58  0:10:31  106k
 36 3669M   36 1338M    0     0  3812k      0  0:16:25  0:05:59  0:10:26 1959k
 36 3669M   36 1338M    0     0  3801k      0  0:16:28  0:06:00  0:10:28 1962k
 36 3669M   36 1338M    0     0  3792k      0  0:16:30  0:06:01  0:10:29 2042k
 36 3669M   36 1338M    0     0  3782k      0  0:16:33  0:06:02  0:10:31 1977k
 36 3669M   36 1351M    0     0  3806k      0  0:16:27  0:06:03  0:10:24 4502k
 36 3669M   36 1354M    0     0  3802k      0  0:16:28  0:06:04  0:10:24 3133k
 37 3669M   37 1368M    0     0  3835k      0  0:16:19  0:06:05  0:10:14 6240k
 37 3669M   37 1368M    0     0  3824k      0  0:16:22  0:06:06  0:10:16 6168k
 37 3669M   37 1369M    0     0  3814k      0  0:16:25  0:06:07  0:10:18 6193k
 37 3669M   37 1372M    0     0  3813k      0  0:16:25  0:06:08  0:10:17 4327k
 37 3669M   37 1372M    0     0  3803k      0  0:16:28  0:06:09  0:10:19 3852k
 37 3669M   37 1372M    0     0  3793k      0  0:16:30  0:06:10  0:10:20  729k
 37 3669M   37 1372M    0     0  3783k      0  0:16:33  0:06:11  0:10:22  728k
 37 3669M   37 1377M    0     0  3785k      0  0:16:32  0:06:12  0:10:20 1638k
 37 3669M   37 1388M    0     0  3805k      0  0:16:27  0:06:13  0:10:14 3236k
 37 3669M   37 1388M    0     0  3795k      0  0:16:29  0:06:14  0:10:15 3251k
 38 3669M   38 1404M    0     0  3831k      0  0:16:20  0:06:15  0:10:05 6637k
 38 3669M   38 1405M    0     0  3822k      0  0:16:23  0:06:16  0:10:07 6752k
 38 3669M   38 1418M    0     0  3847k      0  0:16:16  0:06:17  0:09:59 8443k
 38 3669M   38 1418M    0     0  3838k      0  0:16:18  0:06:18  0:10:00 6269k
 38 3669M   38 1418M    0     0  3828k      0  0:16:21  0:06:19  0:10:02 6299k
 38 3669M   38 1418M    0     0  3818k      0  0:16:24  0:06:20  0:10:04 2867k
 38 3669M   38 1418M    0     0  3808k      0  0:16:26  0:06:21  0:10:05 2750k
 38 3669M   38 1418M    0     0  3798k      0  0:16:29  0:06:22  0:10:07  102k
 38 3669M   38 1418M    0     0  3789k      0  0:16:31  0:06:23  0:10:08 42675
 38 3669M   38 1419M    0     0  3779k      0  0:16:34  0:06:24  0:10:10 42437
 38 3669M   38 1419M    0     0  3769k      0  0:16:36  0:06:25  0:10:11 42468
 38 3669M   38 1419M    0     0  3759k      0  0:16:39  0:06:26  0:10:13 36742
 38 3669M   38 1419M    0     0  3750k      0  0:16:42  0:06:27  0:10:15 42007
 38 3669M   38 1419M    0     0  3740k      0  0:16:44  0:06:28  0:10:16 41558
 38 3669M   38 1419M    0     0  3731k      0  0:16:47  0:06:29  0:10:18 42201
 38 3669M   38 1419M    0     0  3721k      0  0:16:49  0:06:30  0:10:19 41772
 38 3669M   38 1419M    0     0  3712k      0  0:16:52  0:06:31  0:10:21 44278
 38 3669M   38 1419M    0     0  3702k      0  0:16:54  0:06:32  0:10:22 38995
 38 3669M   38 1419M    0     0  3693k      0  0:16:57  0:06:33  0:10:24 39503
 38 3669M   38 1419M    0     0  3684k      0  0:16:59  0:06:34  0:10:25 44784
 38 3669M   38 1419M    0     0  3675k      0  0:17:02  0:06:35  0:10:27 45124
 38 3669M   38 1419M    0     0  3666k      0  0:17:04  0:06:36  0:10:28 50145
 38 3669M   38 1422M    0     0  3664k      0  0:17:05  0:06:37  0:10:28  625k
 38 3669M   38 1422M    0     0  3655k      0  0:17:08  0:06:38  0:10:30  623k
 38 3669M   38 1422M    0     0  3646k      0  0:17:10  0:06:39  0:10:31  621k
 38 3669M   38 1429M    0     0  3654k      0  0:17:08  0:06:40  0:10:28 2007k
 39 3669M   39 1437M    0     0  3666k      0  0:17:04  0:06:41  0:10:23 3669k
 39 3669M   39 1446M    0     0  3679k      0  0:17:01  0:06:42  0:10:19 4862k
 39 3669M   39 1446M    0     0  3670k      0  0:17:03  0:06:43  0:10:20 4888k
 39 3669M   39 1461M    0     0  3698k      0  0:16:55  0:06:44  0:10:11 7897k
 39 3669M   39 1465M    0     0  3700k      0  0:16:55  0:06:45  0:10:10 7376k
 39 3669M   39 1465M    0     0  3691k      0  0:16:57  0:06:46  0:10:11 5731k
 39 3669M   39 1465M    0     0  3682k      0  0:17:00  0:06:47  0:10:13 3948k
 39 3669M   39 1465M    0     0  3673k      0  0:17:02  0:06:48  0:10:14 3928k
 39 3669M   39 1465M    0     0  3664k      0  0:17:05  0:06:49  0:10:16  916k
 39 3669M   39 1465M    0     0  3656k      0  0:17:07  0:06:50  0:10:17 88669
 39 3669M   39 1465M    0     0  3647k      0  0:17:10  0:06:51  0:10:19 90730
 40 3669M   40 1473M    0     0  3658k      0  0:17:07  0:06:52  0:10:15 1732k
 40 3669M   40 1480M    0     0  3667k      0  0:17:04  0:06:53  0:10:11 3169k
 40 3669M   40 1491M    0     0  3683k      0  0:17:00  0:06:54  0:10:06 5230k
 40 3669M   40 1491M    0     0  3675k      0  0:17:02  0:06:55  0:10:07 5201k
 40 3669M   40 1491M    0     0  3666k      0  0:17:04  0:06:56  0:10:08 5184k
 40 3669M   40 1491M    0     0  3657k      0  0:17:07  0:06:57  0:10:10 3579k
 40 3669M   40 1502M    0     0  3676k      0  0:17:02  0:06:58  0:10:04 4427k
 41 3669M   41 1507M    0     0  3678k      0  0:17:01  0:06:59  0:10:02 3262k
 41 3669M   41 1508M    0     0  3673k      0  0:17:02  0:07:00  0:10:02 3525k
 41 3669M   41 1514M    0     0  3680k      0  0:17:01  0:07:01  0:10:00 4853k
 41 3669M   41 1514M    0     0  3671k      0  0:17:03  0:07:02  0:10:01 4827k
 41 3669M   41 1514M    0     0  3663k      0  0:17:05  0:07:03  0:10:02 2545k
 41 3669M   41 1515M    0     0  3654k      0  0:17:08  0:07:04  0:10:04 1627k
 41 3669M   41 1515M    0     0  3647k      0  0:17:10  0:07:05  0:10:05 1511k
 41 3669M   41 1515M    0     0  3639k      0  0:17:12  0:07:06  0:10:06  186k
 41 3669M   41 1515M    0     0  3630k      0  0:17:14  0:07:07  0:10:07  183k
 41 3669M   41 1515M    0     0  3622k      0  0:17:17  0:07:08  0:10:09  186k
 41 3669M   41 1522M    0     0  3629k      0  0:17:15  0:07:09  0:10:06 1482k
 41 3669M   41 1525M    0     0  3629k      0  0:17:15  0:07:10  0:10:05 2023k
 41 3669M   41 1540M    0     0  3654k      0  0:17:08  0:07:11  0:09:57 4951k
 41 3669M   41 1540M    0     0  3646k      0  0:17:10  0:07:12  0:09:58 4966k
 41 3669M   41 1540M    0     0  3638k      0  0:17:12  0:07:13  0:09:59 4944k
 41 3669M   41 1540M    0     0  3630k      0  0:17:15  0:07:14  0:10:01 3701k
 42 3669M   42 1555M    0     0  3657k      0  0:17:07  0:07:15  0:09:52 6119k
 42 3669M   42 1555M    0     0  3649k      0  0:17:09  0:07:16  0:09:53 3196k
 42 3669M   42 1556M    0     0  3644k      0  0:17:11  0:07:17  0:09:54 3457k
 42 3669M   42 1572M    0     0  3671k      0  0:17:03  0:07:18  0:09:45 6567k
 42 3669M   42 1572M    0     0  3663k      0  0:17:05  0:07:19  0:09:46 6542k
 42 3669M   42 1573M    0     0  3657k      0  0:17:07  0:07:20  0:09:47 3630k
 42 3669M   42 1573M    0     0  3649k      0  0:17:09  0:07:21  0:09:48 3610k
 42 3669M   42 1575M    0     0  3645k      0  0:17:10  0:07:22  0:09:48 3715k
 42 3669M   42 1575M    0     0  3636k      0  0:17:13  0:07:23  0:09:50  599k
 42 3669M   42 1575M    0     0  3629k      0  0:17:15  0:07:24  0:09:51  644k
 42 3669M   42 1575M    0     0  3621k      0  0:17:17  0:07:25  0:09:52  447k
 42 3669M   42 1576M    0     0  3614k      0  0:17:19  0:07:26  0:09:53  581k
 43 3669M   43 1578M    0     0  3612k      0  0:17:20  0:07:27  0:09:53  687k
 43 3669M   43 1591M    0     0  3632k      0  0:17:14  0:07:28  0:09:46 3281k
 43 3669M   43 1591M    0     0  3624k      0  0:17:16  0:07:29  0:09:47 3221k
 43 3669M   43 1591M    0     0  3618k      0  0:17:18  0:07:30  0:09:48 3349k
 43 3669M   43 1591M    0     0  3610k      0  0:17:20  0:07:31  0:09:49 3213k
 43 3669M   43 1591M    0     0  3602k      0  0:17:23  0:07:32  0:09:51 2737k
 43 3669M   43 1592M    0     0  3595k      0  0:17:25  0:07:33  0:09:52  218k
 43 3669M   43 1592M    0     0  3587k      0  0:17:27  0:07:34  0:09:53  219k
 43 3669M   43 1598M    0     0  3594k      0  0:17:25  0:07:35  0:09:50 1467k
 43 3669M   43 1599M    0     0  3588k      0  0:17:27  0:07:36  0:09:51 1580k
 43 3669M   43 1599M    0     0  3580k      0  0:17:29  0:07:37  0:09:52 1579k
 43 3669M   43 1599M    0     0  3572k      0  0:17:31  0:07:38  0:09:53 1517k
 43 3669M   43 1599M    0     0  3564k      0  0:17:34  0:07:39  0:09:55 1510k
 43 3669M   43 1599M    0     0  3557k      0  0:17:36  0:07:40  0:09:56  207k
 43 3669M   43 1600M    0     0  3550k      0  0:17:38  0:07:41  0:09:57  103k
 43 3669M   43 1608M    0     0  3560k      0  0:17:35  0:07:42  0:09:53 1753k
 44 3669M   44 1617M    0     0  3574k      0  0:17:31  0:07:43  0:09:48 3765k
 44 3669M   44 1618M    0     0  3566k      0  0:17:33  0:07:44  0:09:49 3760k
 44 3669M   44 1618M    0     0  3559k      0  0:17:35  0:07:45  0:09:50 3720k
 44 3669M   44 1618M    0     0  3552k      0  0:17:37  0:07:46  0:09:51 3810k
 44 3669M   44 1619M    0     0  3547k      0  0:17:39  0:07:47  0:09:52 2362k
 44 3669M   44 1621M    0     0  3543k      0  0:17:40  0:07:48  0:09:52  653k
 44 3669M   44 1637M    0     0  3571k      0  0:17:32  0:07:49  0:09:43 3955k
 44 3669M   44 1637M    0     0  3563k      0  0:17:34  0:07:50  0:09:44 3933k
 44 3669M   44 1637M    0     0  3556k      0  0:17:36  0:07:51  0:09:45 3844k
 44 3669M   44 1637M    0     0  3548k      0  0:17:38  0:07:52  0:09:46 3623k
 44 3669M   44 1637M    0     0  3541k      0  0:17:41  0:07:53  0:09:48 3309k
 44 3669M   44 1637M    0     0  3533k      0  0:17:43  0:07:54  0:09:49 39290
 44 3669M   44 1637M    0     0  3526k      0  0:17:45  0:07:55  0:09:50 41266
 44 3669M   44 1637M    0     0  3519k      0  0:17:47  0:07:56  0:09:51  107k
 44 3669M   44 1637M    0     0  3512k      0  0:17:49  0:07:57  0:09:52  107k
 44 3669M   44 1644M    0     0  3519k      0  0:17:47  0:07:58  0:09:49 1446k
 44 3669M   44 1646M    0     0  3517k      0  0:17:48  0:07:59  0:09:49 1949k
 45 3669M   45 1655M    0     0  3528k      0  0:17:44  0:08:00  0:09:44 3756k
 45 3669M   45 1669M    0     0  3551k      0  0:17:38  0:08:01  0:09:37 6590k
 45 3669M   45 1669M    0     0  3544k      0  0:17:40  0:08:02  0:09:38 6566k
 45 3669M   45 1670M    0     0  3536k      0  0:17:42  0:08:03  0:09:39 5219k
 45 3669M   45 1670M    0     0  3530k      0  0:17:44  0:08:04  0:09:40 4832k
 45 3669M   45 1675M    0     0  3534k      0  0:17:43  0:08:05  0:09:38 4104k
 45 3669M   45 1675M    0     0  3527k      0  0:17:45  0:08:06  0:09:39 1208k
 46 3669M   46 1690M    0     0  3551k      0  0:17:37  0:08:07  0:09:30 4295k
 46 3669M   46 1691M    0     0  3544k      0  0:17:40  0:08:08  0:09:32 4297k
 46 3669M   46 1697M    0     0  3551k      0  0:17:38  0:08:09  0:09:29 5537k
 46 3669M   46 1698M    0     0  3547k      0  0:17:39  0:08:10  0:09:29 4743k
 46 3669M   46 1706M    0     0  3555k      0  0:17:37  0:08:11  0:09:26 6236k
 46 3669M   46 1712M    0     0  3561k      0  0:17:35  0:08:12  0:09:23 4495k
 46 3669M   46 1712M    0     0  3554k      0  0:17:37  0:08:13  0:09:24 4492k
 46 3669M   46 1712M    0     0  3547k      0  0:17:39  0:08:14  0:09:25 3160k
 46 3669M   46 1713M    0     0  3540k      0  0:17:41  0:08:15  0:09:26 2877k
 46 3669M   46 1713M    0     0  3533k      0  0:17:43  0:08:16  0:09:27 1364k
 46 3669M   46 1713M    0     0  3526k      0  0:17:45  0:08:17  0:09:28 41638
 46 3669M   46 1713M    0     0  3519k      0  0:17:47  0:08:18  0:09:29 80661
 46 3669M   46 1713M    0     0  3513k      0  0:17:49  0:08:19  0:09:30  144k
 46 3669M   46 1713M    0     0  3506k      0  0:17:51  0:08:20  0:09:31  144k
 47 3669M   47 1729M    0     0  3531k      0  0:17:44  0:08:21  0:09:23 3383k
 47 3669M   47 1735M    0     0  3537k      0  0:17:42  0:08:22  0:09:20 4681k
 47 3669M   47 1735M    0     0  3530k      0  0:17:44  0:08:23  0:09:21 4628k
 47 3669M   47 1735M    0     0  3523k      0  0:17:46  0:08:24  0:09:22 4576k
 47 3669M   47 1736M    0     0  3517k      0  0:17:48  0:08:25  0:09:23 4627k
 47 3669M   47 1737M    0     0  3513k      0  0:17:49  0:08:26  0:09:23 1656k
 47 3669M   47 1737M    0     0  3506k      0  0:17:51  0:08:27  0:09:24  424k
 47 3669M   47 1747M    0     0  3519k      0  0:17:47  0:08:28  0:09:19 2356k
 47 3669M   47 1753M    0     0  3524k      0  0:17:46  0:08:29  0:09:17 3559k
 48 3669M   48 1762M    0     0  3536k      0  0:17:42  0:08:30  0:09:12 5452k
 48 3669M   48 1766M    0     0  3535k      0  0:17:42  0:08:31  0:09:11 5849k
 48 3669M   48 1779M    0     0  3555k      0  0:17:36  0:08:32  0:09:04 8549k
 48 3669M   48 1788M    0     0  3566k      0  0:17:33  0:08:33  0:09:00 8431k
 48 3669M   48 1790M    0     0  3562k      0  0:17:34  0:08:34  0:09:00 7501k
 48 3669M   48 1791M    0     0  3557k      0  0:17:36  0:08:35  0:09:01 5751k
 48 3669M   48 1791M    0     0  3551k      0  0:17:38  0:08:36  0:09:02 5107k
 48 3669M   48 1794M    0     0  3551k      0  0:17:38  0:08:37  0:09:01 3086k
 49 3669M   49 1808M    0     0  3571k      0  0:17:32  0:08:38  0:08:54 4054k
 49 3669M   49 1808M    0     0  3565k      0  0:17:34  0:08:39  0:08:55 3798k
 49 3669M   49 1811M    0     0  3563k      0  0:17:34  0:08:40  0:08:54 4200k
 49 3669M   49 1814M    0     0  3562k      0  0:17:34  0:08:41  0:08:53 4755k
 49 3669M   49 1814M    0     0  3556k      0  0:17:36  0:08:42  0:08:54 4105k
 49 3669M   49 1814M    0     0  3549k      0  0:17:38  0:08:43  0:08:55 1287k
 49 3669M   49 1814M    0     0  3543k      0  0:17:40  0:08:44  0:08:56 1287k
 49 3669M   49 1815M    0     0  3537k      0  0:17:42  0:08:45  0:08:57  775k
 49 3669M   49 1815M    0     0  3530k      0  0:17:44  0:08:46  0:08:58  205k
 49 3669M   49 1815M    0     0  3524k      0  0:17:46  0:08:47  0:08:59  114k
 49 3669M   49 1822M    0     0  3531k      0  0:17:44  0:08:48  0:08:56 1624k
 49 3669M   49 1826M    0     0  3531k      0  0:17:44  0:08:49  0:08:55 2306k
 49 3669M   49 1826M    0     0  3525k      0  0:17:46  0:08:50  0:08:56 2244k
 49 3669M   49 1826M    0     0  3518k      0  0:17:48  0:08:51  0:08:57 2244k
 49 3669M   49 1826M    0     0  3511k      0  0:17:50  0:08:52  0:08:58 2237k
 49 3669M   49 1826M    0     0  3506k      0  0:17:51  0:08:53  0:08:58  816k
 49 3669M   49 1826M    0     0  3499k      0  0:17:53  0:08:54  0:08:59  122k
 49 3669M   49 1826M    0     0  3493k      0  0:17:55  0:08:55  0:09:00  121k
 49 3669M   49 1827M    0     0  3489k      0  0:17:57  0:08:56  0:09:01  353k
 49 3669M   49 1832M    0     0  3491k      0  0:17:56  0:08:57  0:08:59 1351k
 50 3669M   50 1840M    0     0  3500k      0  0:17:53  0:08:58  0:08:55 2871k
 50 3669M   50 1840M    0     0  3493k      0  0:17:55  0:08:59  0:08:56 2850k
 50 3669M   50 1840M    0     0  3487k      0  0:17:57  0:09:00  0:08:57 2870k
 50 3669M   50 1840M    0     0  3481k      0  0:17:59  0:09:01  0:08:58 2628k
 50 3669M   50 1840M    0     0  3474k      0  0:18:01  0:09:02  0:08:59 1633k
 50 3669M   50 1841M    0     0  3468k      0  0:18:03  0:09:03  0:09:00 79219
 50 3669M   50 1841M    0     0  3462k      0  0:18:05  0:09:04  0:09:01  129k
 50 3669M   50 1842M    0     0  3459k      0  0:18:06  0:09:05  0:09:01  443k
 50 3669M   50 1842M    0     0  3453k      0  0:18:08  0:09:06  0:09:02  444k
 50 3669M   50 1843M    0     0  3447k      0  0:18:09  0:09:07  0:09:02  532k
 50 3669M   50 1843M    0     0  3441k      0  0:18:11  0:09:08  0:09:03  492k
 50 3669M   50 1843M    0     0  3435k      0  0:18:13  0:09:09  0:09:04  443k
 50 3669M   50 1850M    0     0  3442k      0  0:18:11  0:09:10  0:09:01 1596k
 50 3669M   50 1852M    0     0  3439k      0  0:18:12  0:09:11  0:09:01 1981k
 50 3669M   50 1858M    0     0  3444k      0  0:18:11  0:09:12  0:08:59 3046k
 50 3669M   50 1858M    0     0  3439k      0  0:18:12  0:09:13  0:08:59 3165k
 50 3669M   50 1858M    0     0  3433k      0  0:18:14  0:09:14  0:09:00 3164k
 50 3669M   50 1859M    0     0  3426k      0  0:18:16  0:09:15  0:09:01 1695k
 50 3669M   50 1859M    0     0  3420k      0  0:18:18  0:09:16  0:09:02 1315k
 51 3669M   51 1876M    0     0  3446k      0  0:18:10  0:09:17  0:08:53 3664k
 51 3669M   51 1880M    0     0  3447k      0  0:18:09  0:09:18  0:08:51 4384k
 51 3669M   51 1880M    0     0  3441k      0  0:18:11  0:09:19  0:08:52 4379k
 51 3669M   51 1880M    0     0  3436k      0  0:18:13  0:09:20  0:08:53 4460k
 51 3669M   51 1889M    0     0  3446k      0  0:18:10  0:09:21  0:08:49 6356k
 51 3669M   51 1896M    0     0  3451k      0  0:18:08  0:09:22  0:08:46 4068k
 51 3669M   51 1900M    0     0  3454k      0  0:18:07  0:09:23  0:08:44 4199k
 51 3669M   51 1900M    0     0  3448k      0  0:18:09  0:09:24  0:08:45 4205k
 51 3669M   51 1901M    0     0  3442k      0  0:18:11  0:09:25  0:08:46 4194k
 51 3669M   51 1901M    0     0  3436k      0  0:18:13  0:09:26  0:08:47 2320k
 52 3669M   52 1917M    0     0  3459k      0  0:18:06  0:09:27  0:08:39 4372k
 52 3669M   52 1917M    0     0  3454k      0  0:18:07  0:09:28  0:08:39 3469k
 52 3669M   52 1917M    0     0  3448k      0  0:18:09  0:09:29  0:08:40 3468k
 52 3669M   52 1925M    0     0  3455k      0  0:18:07  0:09:30  0:08:37 4923k
 52 3669M   52 1933M    0     0  3464k      0  0:18:04  0:09:31  0:08:33 6562k
 53 3669M   53 1947M    0     0  3483k      0  0:17:58  0:09:32  0:08:26 6204k
 53 3669M   53 1947M    0     0  3477k      0  0:18:00  0:09:33  0:08:27 6129k
 53 3669M   53 1955M    0     0  3484k      0  0:17:58  0:09:34  0:08:24 7604k
 53 3669M   53 1955M    0     0  3480k      0  0:17:59  0:09:35  0:08:24 6264k
 53 3669M   53 1955M    0     0  3474k      0  0:18:01  0:09:36  0:08:25 4623k
 53 3669M   53 1955M    0     0  3468k      0  0:18:03  0:09:37  0:08:26 1674k
 53 3669M   53 1955M    0     0  3462k      0  0:18:05  0:09:38  0:08:27 1675k
 53 3669M   53 1958M    0     0  3461k      0  0:18:05  0:09:39  0:08:26  765k
 53 3669M   53 1969M    0     0  3474k      0  0:18:01  0:09:40  0:08:21 2794k
 53 3669M   53 1969M    0     0  3468k      0  0:18:03  0:09:41  0:08:22 2794k
 53 3669M   53 1969M    0     0  3462k      0  0:18:05  0:09:42  0:08:23 2800k
 53 3669M   53 1970M    0     0  3457k      0  0:18:06  0:09:43  0:08:23 2928k
 53 3669M   53 1970M    0     0  3452k      0  0:18:08  0:09:44  0:08:24 2378k
 53 3669M   53 1970M    0     0  3446k      0  0:18:10  0:09:45  0:08:25  180k
 53 3669M   53 1970M    0     0  3440k      0  0:18:12  0:09:46  0:08:26  179k
 53 3669M   53 1970M    0     0  3434k      0  0:18:14  0:09:47  0:08:27  177k
 53 3669M   53 1970M    0     0  3428k      0  0:18:15  0:09:48  0:08:27 44452
 53 3669M   53 1978M    0     0  3436k      0  0:18:13  0:09:49  0:08:24 1631k
 53 3669M   53 1978M    0     0  3430k      0  0:18:15  0:09:50  0:08:25 1630k
 53 3669M   53 1978M    0     0  3425k      0  0:18:17  0:09:51  0:08:26 1638k
 53 3669M   53 1978M    0     0  3419k      0  0:18:18  0:09:52  0:08:26 1633k
 53 3669M   53 1978M    0     0  3413k      0  0:18:20  0:09:53  0:08:27 1634k
 53 3669M   53 1978M    0     0  3408k      0  0:18:22  0:09:54  0:08:28 41241
 54 3669M   54 1989M    0     0  3420k      0  0:18:18  0:09:55  0:08:23 2244k
 54 3669M   54 1989M    0     0  3415k      0  0:18:20  0:09:56  0:08:24 2318k
 54 3669M   54 1994M    0     0  3418k      0  0:18:19  0:09:57  0:08:22 3302k
 54 3669M   54 1995M    0     0  3413k      0  0:18:20  0:09:58  0:08:22 3449k
 54 3669M   54 1995M    0     0  3408k      0  0:18:22  0:09:59  0:08:23 3439k
 54 3669M   54 1995M    0     0  3403k      0  0:18:24  0:10:00  0:08:24 1340k
 54 3669M   54 1995M    0     0  3397k      0  0:18:25  0:10:01  0:08:24 1272k
 54 3669M   54 1999M    0     0  3398k      0  0:18:25  0:10:02  0:08:23  958k
 54 3669M   54 2011M    0     0  3413k      0  0:18:20  0:10:03  0:08:17 3318k
 55 3669M   55 2021M    0     0  3424k      0  0:18:17  0:10:04  0:08:13 5430k
 55 3669M   55 2027M    0     0  3429k      0  0:18:15  0:10:05  0:08:10 6509k
 55 3669M   55 2029M    0     0  3425k      0  0:18:16  0:10:06  0:08:10 6793k
 55 3669M   55 2029M    0     0  3420k      0  0:18:18  0:10:07  0:08:11 6090k
 55 3669M   55 2029M    0     0  3414k      0  0:18:20  0:10:08  0:08:12 3594k
 55 3669M   55 2029M    0     0  3409k      0  0:18:22  0:10:09  0:08:13 1509k
 55 3669M   55 2029M    0     0  3403k      0  0:18:24  0:10:10  0:08:14  313k
 55 3669M   55 2029M    0     0  3398k      0  0:18:25  0:10:11  0:08:14  132k
 55 3669M   55 2031M    0     0  3395k      0  0:18:26  0:10:12  0:08:14  406k
 55 3669M   55 2046M    0     0  3415k      0  0:18:20  0:10:13  0:08:07 3548k
 55 3669M   55 2046M    0     0  3410k      0  0:18:21  0:10:14  0:08:07 3533k
 56 3669M   56 2055M    0     0  3420k      0  0:18:18  0:10:15  0:08:03 5423k
 56 3669M   56 2066M    0     0  3432k      0  0:18:14  0:10:16  0:07:58 7566k
 56 3669M   56 2071M    0     0  3435k      0  0:18:13  0:10:17  0:07:56 8295k
 56 3669M   56 2083M    0     0  3450k      0  0:18:09  0:10:18  0:07:51 7699k
 56 3669M   56 2083M    0     0  3444k      0  0:18:10  0:10:19  0:07:51 7657k
 56 3669M   56 2083M    0     0  3439k      0  0:18:12  0:10:20  0:07:52 5759k
 56 3669M   56 2088M    0     0  3441k      0  0:18:11  0:10:21  0:07:50 4528k
 57 3669M   57 2105M    0     0  3463k      0  0:18:05  0:10:22  0:07:43 6925k
 57 3669M   57 2105M    0     0  3458k      0  0:18:06  0:10:23  0:07:43 4502k
 57 3669M   57 2105M    0     0  3453k      0  0:18:08  0:10:24  0:07:44 4506k
 57 3669M   57 2106M    0     0  3447k      0  0:18:09  0:10:25  0:07:44 4552k
 57 3669M   57 2107M    0     0  3444k      0  0:18:10  0:10:26  0:07:44 3878k
 57 3669M   57 2121M    0     0  3462k      0  0:18:05  0:10:27  0:07:38 3376k
 57 3669M   57 2121M    0     0  3457k      0  0:18:06  0:10:28  0:07:38 3284k
 57 3669M   57 2125M    0     0  3457k      0  0:18:06  0:10:29  0:07:37 3993k
 58 3669M   58 2132M    0     0  3463k      0  0:18:04  0:10:30  0:07:34 5444k
 58 3669M   58 2132M    0     0  3458k      0  0:18:06  0:10:31  0:07:35 5172k
 58 3669M   58 2132M    0     0  3453k      0  0:18:08  0:10:32  0:07:36 2275k
 58 3669M   58 2133M    0     0  3448k      0  0:18:09  0:10:33  0:07:36 2333k
 58 3669M   58 2139M    0     0  3452k      0  0:18:08  0:10:34  0:07:34 2875k
 58 3669M   58 2149M    0     0  3463k      0  0:18:04  0:10:35  0:07:29 3431k
 58 3669M   58 2149M    0     0  3458k      0  0:18:06  0:10:36  0:07:30 3438k
 58 3669M   58 2149M    0     0  3453k      0  0:18:08  0:10:37  0:07:31 3473k
 58 3669M   58 2165M    0     0  3472k      0  0:18:02  0:10:38  0:07:24 6503k
 58 3669M   58 2165M    0     0  3466k      0  0:18:03  0:10:39  0:07:24 5256k
 59 3669M   59 2181M    0     0  3488k      0  0:17:57  0:10:40  0:07:17 6601k
 59 3669M   59 2182M    0     0  3483k      0  0:17:58  0:10:41  0:07:17 6711k
 59 3669M   59 2183M    0     0  3479k      0  0:17:59  0:10:42  0:07:17 6843k
 59 3669M   59 2183M    0     0  3474k      0  0:18:01  0:10:43  0:07:18 3762k
 59 3669M   59 2183M    0     0  3469k      0  0:18:03  0:10:44  0:07:19 3764k
 59 3669M   59 2183M    0     0  3463k      0  0:18:04  0:10:45  0:07:19  364k
 59 3669M   59 2183M    0     0  3458k      0  0:18:06  0:10:46  0:07:20  199k
 59 3669M   59 2198M    0     0  3476k      0  0:18:00  0:10:47  0:07:13 3111k
 59 3669M   59 2198M    0     0  3472k      0  0:18:02  0:10:48  0:07:14 3167k
 60 3669M   60 2210M    0     0  3485k      0  0:17:58  0:10:49  0:07:09 5586k
 60 3669M   60 2210M    0     0  3480k      0  0:17:59  0:10:50  0:07:09 5597k
 60 3669M   60 2211M    0     0  3475k      0  0:18:01  0:10:51  0:07:10 5654k
 60 3669M   60 2211M    0     0  3470k      0  0:18:02  0:10:52  0:07:10 2676k
 60 3669M   60 2211M    0     0  3465k      0  0:18:04  0:10:53  0:07:11 2618k
 60 3669M   60 2228M    0     0  3485k      0  0:17:58  0:10:54  0:07:04 3468k
 60 3669M   60 2233M    0     0  3489k      0  0:17:57  0:10:55  0:07:02 4648k
 60 3669M   60 2233M    0     0  3483k      0  0:17:58  0:10:56  0:07:02 4587k
 60 3669M   60 2234M    0     0  3479k      0  0:17:59  0:10:57  0:07:02 4665k
 60 3669M   60 2234M    0     0  3475k      0  0:18:01  0:10:58  0:07:03 4788k
 60 3669M   60 2235M    0     0  3471k      0  0:18:02  0:10:59  0:07:03 1638k
 60 3669M   60 2236M    0     0  3467k      0  0:18:03  0:11:00  0:07:03  610k
 60 3669M   60 2236M    0     0  3462k      0  0:18:05  0:11:01  0:07:04  613k
 60 3669M   60 2236M    0     0  3457k      0  0:18:06  0:11:02  0:07:04  535k
 60 3669M   60 2237M    0     0  3452k      0  0:18:08  0:11:03  0:07:05  420k
 61 3669M   61 2241M    0     0  3453k      0  0:18:08  0:11:04  0:07:04 1033k
 61 3669M   61 2243M    0     0  3452k      0  0:18:08  0:11:05  0:07:03 1424k
 61 3669M   61 2243M    0     0  3447k      0  0:18:10  0:11:06  0:07:04 1486k
 61 3669M   61 2243M    0     0  3442k      0  0:18:11  0:11:07  0:07:04 1409k
 61 3669M   61 2244M    0     0  3438k      0  0:18:12  0:11:08  0:07:04 1524k
 61 3669M   61 2244M    0     0  3433k      0  0:18:14  0:11:09  0:07:05  713k
 61 3669M   61 2253M    0     0  3441k      0  0:18:12  0:11:10  0:07:02 1987k
 61 3669M   61 2260M    0     0  3447k      0  0:18:10  0:11:11  0:06:59 3454k
 61 3669M   61 2265M    0     0  3449k      0  0:18:09  0:11:12  0:06:57 4428k
 61 3669M   61 2265M    0     0  3445k      0  0:18:10  0:11:13  0:06:57 4395k
 61 3669M   61 2265M    0     0  3440k      0  0:18:12  0:11:14  0:06:58 4393k
 61 3669M   61 2265M    0     0  3435k      0  0:18:13  0:11:15  0:06:58 2633k
 61 3669M   61 2266M    0     0  3431k      0  0:18:15  0:11:16  0:06:59 1236k
 61 3669M   61 2273M    0     0  3435k      0  0:18:13  0:11:17  0:06:56 1534k
 61 3669M   61 2273M    0     0  3430k      0  0:18:15  0:11:18  0:06:57 1455k
 62 3669M   62 2279M    0     0  3435k      0  0:18:13  0:11:19  0:06:54 2861k
 62 3669M   62 2287M    0     0  3441k      0  0:18:11  0:11:20  0:06:51 4359k
 62 3669M   62 2289M    0     0  3440k      0  0:18:12  0:11:21  0:06:51 4678k
 62 3669M   62 2289M    0     0  3435k      0  0:18:13  0:11:22  0:06:51 3416k
 62 3669M   62 2289M    0     0  3430k      0  0:18:15  0:11:23  0:06:52 3407k
 62 3669M   62 2289M    0     0  3425k      0  0:18:17  0:11:24  0:06:53 2001k
 62 3669M   62 2290M    0     0  3421k      0  0:18:18  0:11:25  0:06:53  604k
 62 3669M   62 2290M    0     0  3416k      0  0:18:19  0:11:26  0:06:53  147k
 62 3669M   62 2290M    0     0  3411k      0  0:18:21  0:11:27  0:06:54  141k
 62 3669M   62 2307M    0     0  3431k      0  0:18:15  0:11:28  0:06:47 3569k
 62 3669M   62 2307M    0     0  3427k      0  0:18:16  0:11:29  0:06:47 3722k
 62 3669M   62 2307M    0     0  3422k      0  0:18:17  0:11:30  0:06:47 3606k
 62 3669M   62 2309M    0     0  3420k      0  0:18:18  0:11:31  0:06:47 3933k
 62 3669M   62 2309M    0     0  3415k      0  0:18:20  0:11:32  0:06:48 4026k
 62 3669M   62 2309M    0     0  3410k      0  0:18:21  0:11:33  0:06:48  587k
 63 3669M   63 2317M    0     0  3417k      0  0:18:19  0:11:34  0:06:45 2027k
 63 3669M   63 2323M    0     0  3421k      0  0:18:18  0:11:35  0:06:43 3254k
 63 3669M   63 2324M    0     0  3416k      0  0:18:19  0:11:36  0:06:43 2993k
 63 3669M   63 2324M    0     0  3412k      0  0:18:21  0:11:37  0:06:44 3000k
 63 3669M   63 2324M    0     0  3407k      0  0:18:22  0:11:38  0:06:44 3000k
 63 3669M   63 2331M    0     0  3412k      0  0:18:21  0:11:39  0:06:42 2741k
 63 3669M   63 2340M    0     0  3422k      0  0:18:18  0:11:40  0:06:38 3516k
 64 3669M   64 2352M    0     0  3434k      0  0:18:14  0:11:41  0:06:33 5820k
 64 3669M   64 2352M    0     0  3429k      0  0:18:15  0:11:42  0:06:33 5723k
 64 3669M   64 2352M    0     0  3424k      0  0:18:17  0:11:43  0:06:34 5780k
 64 3669M   64 2352M    0     0  3420k      0  0:18:18  0:11:44  0:06:34 4473k
 64 3669M   64 2353M    0     0  3415k      0  0:18:20  0:11:45  0:06:35 2555k
 64 3669M   64 2353M    0     0  3411k      0  0:18:21  0:11:46  0:06:35  196k
 64 3669M   64 2353M    0     0  3406k      0  0:18:23  0:11:47  0:06:36  193k
 64 3669M   64 2367M    0     0  3421k      0  0:18:18  0:11:48  0:06:30 2925k
 64 3669M   64 2368M    0     0  3418k      0  0:18:19  0:11:49  0:06:30 3190k
 64 3669M   64 2368M    0     0  3413k      0  0:18:20  0:11:50  0:06:30 3121k
 64 3669M   64 2368M    0     0  3409k      0  0:18:22  0:11:51  0:06:31 3129k
 64 3669M   64 2369M    0     0  3404k      0  0:18:23  0:11:52  0:06:31 3182k
 64 3669M   64 2369M    0     0  3400k      0  0:18:25  0:11:53  0:06:32  400k
 64 3669M   64 2370M    0     0  3397k      0  0:18:25  0:11:54  0:06:31  451k
 64 3669M   64 2370M    0     0  3393k      0  0:18:27  0:11:55  0:06:32  450k
 64 3669M   64 2371M    0     0  3389k      0  0:18:28  0:11:56  0:06:32  568k
 64 3669M   64 2371M    0     0  3384k      0  0:18:30  0:11:57  0:06:33  494k
 64 3669M   64 2371M    0     0  3380k      0  0:18:31  0:11:58  0:06:33  497k
 65 3669M   65 2386M    0     0  3396k      0  0:18:26  0:11:59  0:06:27 3203k
 65 3669M   65 2387M    0     0  3393k      0  0:18:27  0:12:00  0:06:27 3449k
 65 3669M   65 2387M    0     0  3388k      0  0:18:28  0:12:01  0:06:27 3353k
 65 3669M   65 2387M    0     0  3384k      0  0:18:30  0:12:02  0:06:28 3352k
 65 3669M   65 2387M    0     0  3379k      0  0:18:31  0:12:03  0:06:28 3331k
 65 3669M   65 2389M    0     0  3376k      0  0:18:32  0:12:04  0:06:28  553k
 65 3669M   65 2396M    0     0  3382k      0  0:18:30  0:12:05  0:06:25 1797k
 65 3669M   65 2396M    0     0  3378k      0  0:18:32  0:12:06  0:06:26 1796k
 65 3669M   65 2396M    0     0  3373k      0  0:18:33  0:12:07  0:06:26 1860k
 65 3669M   65 2396M    0     0  3369k      0  0:18:35  0:12:08  0:06:27 1859k
 65 3669M   65 2396M    0     0  3364k      0  0:18:36  0:12:09  0:06:27 1603k
 65 3669M   65 2397M    0     0  3360k      0  0:18:38  0:12:10  0:06:28  202k
 65 3669M   65 2397M    0     0  3356k      0  0:18:39  0:12:11  0:06:28  202k
 65 3669M   65 2410M    0     0  3369k      0  0:18:35  0:12:12  0:06:23 2789k
 65 3669M   65 2414M    0     0  3370k      0  0:18:34  0:12:13  0:06:21 3585k
 65 3669M   65 2414M    0     0  3366k      0  0:18:36  0:12:14  0:06:22 3589k
 65 3669M   65 2414M    0     0  3361k      0  0:18:37  0:12:15  0:06:22 3498k
 65 3669M   65 2414M    0     0  3357k      0  0:18:39  0:12:16  0:06:23 3540k
 65 3669M   65 2414M    0     0  3353k      0  0:18:40  0:12:17  0:06:23  894k
 65 3669M   65 2414M    0     0  3348k      0  0:18:42  0:12:18  0:06:24 94339
 66 3669M   66 2423M    0     0  3355k      0  0:18:39  0:12:19  0:06:20 1774k
 66 3669M   66 2424M    0     0  3352k      0  0:18:40  0:12:20  0:06:20 1959k
 66 3669M   66 2424M    0     0  3347k      0  0:18:42  0:12:21  0:06:21 1919k
 66 3669M   66 2424M    0     0  3343k      0  0:18:43  0:12:22  0:06:21 1921k
 66 3669M   66 2425M    0     0  3341k      0  0:18:44  0:12:23  0:06:21 2256k
 66 3669M   66 2432M    0     0  3345k      0  0:18:43  0:12:24  0:06:19 1890k
 66 3669M   66 2432M    0     0  3341k      0  0:18:44  0:12:25  0:06:19 1701k
 66 3669M   66 2432M    0     0  3336k      0  0:18:46  0:12:26  0:06:20 1693k
 66 3669M   66 2433M    0     0  3333k      0  0:18:47  0:12:27  0:06:20 1851k
 66 3669M   66 2452M    0     0  3355k      0  0:18:40  0:12:28  0:06:12 5403k
 66 3669M   66 2454M    0     0  3352k      0  0:18:40  0:12:29  0:06:11 4438k
 67 3669M   67 2467M    0     0  3366k      0  0:18:36  0:12:30  0:06:06 7089k
 67 3669M   67 2467M    0     0  3361k      0  0:18:37  0:12:31  0:06:06 7089k
 67 3669M   67 2467M    0     0  3357k      0  0:18:39  0:12:32  0:06:07 6915k
 67 3669M   67 2470M    0     0  3358k      0  0:18:39  0:12:33  0:06:06 3807k
 67 3669M   67 2473M    0     0  3356k      0  0:18:39  0:12:34  0:06:05 3956k
 67 3669M   67 2486M    0     0  3369k      0  0:18:35  0:12:35  0:06:00 3930k
 67 3669M   67 2486M    0     0  3365k      0  0:18:36  0:12:36  0:06:00 3931k
 67 3669M   67 2486M    0     0  3361k      0  0:18:38  0:12:37  0:06:01 3939k
 67 3669M   67 2486M    0     0  3356k      0  0:18:39  0:12:38  0:06:01 3187k
 67 3669M   67 2486M    0     0  3352k      0  0:18:40  0:12:39  0:06:01 2689k
 67 3669M   67 2486M    0     0  3348k      0  0:18:42  0:12:40  0:06:02 44064
 68 3669M   68 2495M    0     0  3356k      0  0:18:39  0:12:41  0:05:58 1963k
 68 3669M   68 2501M    0     0  3359k      0  0:18:38  0:12:42  0:05:56 3121k
 68 3669M   68 2506M    0     0  3362k      0  0:18:37  0:12:43  0:05:54 4171k
 68 3669M   68 2510M    0     0  3362k      0  0:18:37  0:12:44  0:05:53 4899k
 68 3669M   68 2511M    0     0  3359k      0  0:18:38  0:12:45  0:05:53 5023k
 68 3669M   68 2511M    0     0  3354k      0  0:18:40  0:12:46  0:05:54 3099k
 68 3669M   68 2511M    0     0  3350k      0  0:18:41  0:12:47  0:05:54 1953k
 68 3669M   68 2511M    0     0  3346k      0  0:18:42  0:12:48  0:05:54  971k
 68 3669M   68 2514M    0     0  3345k      0  0:18:43  0:12:49  0:05:54  764k
 68 3669M   68 2520M    0     0  3350k      0  0:18:41  0:12:50  0:05:51 2004k
 68 3669M   68 2520M    0     0  3345k      0  0:18:43  0:12:51  0:05:52 2006k
 68 3669M   68 2520M    0     0  3341k      0  0:18:44  0:12:52  0:05:52 1996k
 68 3669M   68 2521M    0     0  3338k      0  0:18:45  0:12:53  0:05:52 2012k
 68 3669M   68 2521M    0     0  3333k      0  0:18:47  0:12:54  0:05:53 1475k
 68 3669M   68 2528M    0     0  3338k      0  0:18:45  0:12:55  0:05:50 1554k
 68 3669M   68 2529M    0     0  3336k      0  0:18:46  0:12:56  0:05:50 1796k
 68 3669M   68 2529M    0     0  3331k      0  0:18:47  0:12:57  0:05:50 1797k
 68 3669M   68 2531M    0     0  3330k      0  0:18:48  0:12:58  0:05:50 2131k
 69 3669M   69 2537M    0     0  3333k      0  0:18:47  0:12:59  0:05:48 3231k
 69 3669M   69 2538M    0     0  3330k      0  0:18:48  0:13:00  0:05:48 2051k
 69 3669M   69 2539M    0     0  3326k      0  0:18:49  0:13:01  0:05:48 1910k
 69 3669M   69 2539M    0     0  3322k      0  0:18:50  0:13:02  0:05:48 1907k
 69 3669M   69 2539M    0     0  3318k      0  0:18:52  0:13:03  0:05:49 1486k
 69 3669M   69 2539M    0     0  3314k      0  0:18:53  0:13:04  0:05:49  386k
 69 3669M   69 2542M    0     0  3314k      0  0:18:53  0:13:05  0:05:48  857k
 69 3669M   69 2542M    0     0  3310k      0  0:18:55  0:13:06  0:05:49  769k
 69 3669M   69 2548M    0     0  3313k      0  0:18:53  0:13:07  0:05:46 1942k
 69 3669M   69 2548M    0     0  3309k      0  0:18:55  0:13:08  0:05:47 1941k
 69 3669M   69 2549M    0     0  3306k      0  0:18:56  0:13:09  0:05:47 2035k
 69 3669M   69 2549M    0     0  3302k      0  0:18:57  0:13:10  0:05:47 1325k
 69 3669M   69 2555M    0     0  3306k      0  0:18:56  0:13:11  0:05:45 2671k
 69 3669M   69 2567M    0     0  3317k      0  0:18:52  0:13:12  0:05:40 3868k
 69 3669M   69 2567M    0     0  3313k      0  0:18:54  0:13:13  0:05:41 3906k
 69 3669M   69 2567M    0     0  3309k      0  0:18:55  0:13:14  0:05:41 3791k
 69 3669M   69 2567M    0     0  3305k      0  0:18:56  0:13:15  0:05:41 3798k
 69 3669M   69 2567M    0     0  3301k      0  0:18:58  0:13:16  0:05:42 2441k
 69 3669M   69 2567M    0     0  3297k      0  0:18:59  0:13:17  0:05:42 41165
 69 3669M   69 2567M    0     0  3293k      0  0:19:01  0:13:18  0:05:43 41381
 69 3669M   69 2567M    0     0  3289k      0  0:19:02  0:13:19  0:05:43 41631
 69 3669M   69 2567M    0     0  3284k      0  0:19:03  0:13:20  0:05:43 41772
 69 3669M   69 2568M    0     0  3281k      0  0:19:05  0:13:21  0:05:44  111k
 69 3669M   69 2568M    0     0  3277k      0  0:19:06  0:13:22  0:05:44  109k
 70 3669M   70 2584M    0     0  3294k      0  0:19:00  0:13:23  0:05:37 3463k
 70 3669M   70 2586M    0     0  3291k      0  0:19:01  0:13:24  0:05:37 3709k
 70 3669M   70 2586M    0     0  3288k      0  0:19:02  0:13:25  0:05:37 3779k
 70 3669M   70 2601M    0     0  3302k      0  0:18:57  0:13:26  0:05:31 6759k
 70 3669M   70 2601M    0     0  3298k      0  0:18:59  0:13:27  0:05:32 6759k
 70 3669M   70 2601M    0     0  3294k      0  0:19:00  0:13:28  0:05:32 3415k
 70 3669M   70 2603M    0     0  3293k      0  0:19:01  0:13:29  0:05:32 3555k
 70 3669M   70 2603M    0     0  3289k      0  0:19:02  0:13:30  0:05:32 3487k
 70 3669M   70 2603M    0     0  3285k      0  0:19:03  0:13:31  0:05:32  491k
 71 3669M   71 2609M    0     0  3288k      0  0:19:02  0:13:32  0:05:30 1666k
 71 3669M   71 2609M    0     0  3284k      0  0:19:04  0:13:33  0:05:31 1656k
 71 3669M   71 2609M    0     0  3281k      0  0:19:05  0:13:34  0:05:31 1343k
 71 3669M   71 2610M    0     0  3277k      0  0:19:06  0:13:35  0:05:31 1351k
 71 3669M   71 2610M    0     0  3273k      0  0:19:07  0:13:36  0:05:31 1392k
 71 3669M   71 2610M    0     0  3269k      0  0:19:09  0:13:37  0:05:32  219k
 71 3669M   71 2617M    0     0  3274k      0  0:19:07  0:13:38  0:05:29 1558k
 71 3669M   71 2625M    0     0  3281k      0  0:19:05  0:13:39  0:05:26 3300k
 71 3669M   71 2638M    0     0  3292k      0  0:19:01  0:13:40  0:05:21 5798k
 71 3669M   71 2638M    0     0  3288k      0  0:19:02  0:13:41  0:05:21 5729k
 71 3669M   71 2638M    0     0  3284k      0  0:19:03  0:13:42  0:05:21 5730k
 71 3669M   71 2638M    0     0  3280k      0  0:19:05  0:13:43  0:05:22 4376k
 71 3669M   71 2638M    0     0  3277k      0  0:19:06  0:13:44  0:05:22 2563k
 71 3669M   71 2638M    0     0  3273k      0  0:19:08  0:13:45  0:05:23 43920
 72 3669M   72 2651M    0     0  3285k      0  0:19:03  0:13:46  0:05:17 2758k
 72 3669M   72 2662M    0     0  3294k      0  0:19:00  0:13:47  0:05:13 4917k
 72 3669M   72 2662M    0     0  3290k      0  0:19:01  0:13:48  0:05:13 4945k
 72 3669M   72 2662M    0     0  3286k      0  0:19:03  0:13:49  0:05:14 4923k
 72 3669M   72 2662M    0     0  3283k      0  0:19:04  0:13:50  0:05:14 4923k
 72 3669M   72 2678M    0     0  3299k      0  0:18:59  0:13:51  0:05:08 5521k
 73 3669M   73 2683M    0     0  3301k      0  0:18:58  0:13:52  0:05:06 4340k
 73 3669M   73 2683M    0     0  3297k      0  0:18:59  0:13:53  0:05:06 4340k
 73 3669M   73 2684M    0     0  3293k      0  0:19:00  0:13:54  0:05:06 4435k
 73 3669M   73 2684M    0     0  3289k      0  0:19:02  0:13:55  0:05:07 4436k
 73 3669M   73 2684M    0     0  3286k      0  0:19:03  0:13:56  0:05:07 1126k
 73 3669M   73 2684M    0     0  3282k      0  0:19:04  0:13:57  0:05:07  215k
 73 3669M   73 2684M    0     0  3278k      0  0:19:06  0:13:58  0:05:08  216k
 73 3669M   73 2691M    0     0  3283k      0  0:19:04  0:13:59  0:05:05 1559k
 73 3669M   73 2701M    0     0  3291k      0  0:19:01  0:14:00  0:05:01 3626k
 73 3669M   73 2710M    0     0  3298k      0  0:18:59  0:14:01  0:04:58 5347k
 73 3669M   73 2710M    0     0  3294k      0  0:19:00  0:14:02  0:04:58 5266k
 73 3669M   73 2710M    0     0  3290k      0  0:19:01  0:14:03  0:04:58 5254k
 73 3669M   73 2710M    0     0  3286k      0  0:19:03  0:14:04  0:04:59 3837k
 73 3669M   73 2710M    0     0  3283k      0  0:19:04  0:14:05  0:04:59 1824k
 73 3669M   73 2710M    0     0  3279k      0  0:19:05  0:14:06  0:04:59 79795
 74 3669M   74 2724M    0     0  3292k      0  0:19:01  0:14:07  0:04:54 2883k
 74 3669M   74 2726M    0     0  3291k      0  0:19:01  0:14:08  0:04:53 3359k
 74 3669M   74 2734M    0     0  3296k      0  0:19:00  0:14:09  0:04:51 4870k
 74 3669M   74 2736M    0     0  3294k      0  0:19:00  0:14:10  0:04:50 5183k
 74 3669M   74 2736M    0     0  3290k      0  0:19:02  0:14:11  0:04:51 5182k
 74 3669M   74 2736M    0     0  3286k      0  0:19:03  0:14:12  0:04:51 2373k
 74 3669M   74 2736M    0     0  3282k      0  0:19:04  0:14:13  0:04:51 1906k
 74 3669M   74 2736M    0     0  3279k      0  0:19:05  0:14:14  0:04:51  377k
 74 3669M   74 2736M    0     0  3275k      0  0:19:07  0:14:15  0:04:52 41285
 74 3669M   74 2736M    0     0  3271k      0  0:19:08  0:14:16  0:04:52 41601
 74 3669M   74 2736M    0     0  3268k      0  0:19:09  0:14:17  0:04:52  112k
 74 3669M   74 2737M    0     0  3265k      0  0:19:10  0:14:18  0:04:52  348k
 75 3669M   75 2753M    0     0  3280k      0  0:19:05  0:14:19  0:04:46 3458k
 75 3669M   75 2761M    0     0  3286k      0  0:19:03  0:14:20  0:04:43 5230k
 75 3669M   75 2769M    0     0  3291k      0  0:19:01  0:14:21  0:04:40 6727k
 75 3669M   75 2769M    0     0  3287k      0  0:19:02  0:14:22  0:04:40 6662k
 75 3669M   75 2769M    0     0  3284k      0  0:19:04  0:14:23  0:04:41 6427k
 75 3669M   75 2769M    0     0  3280k      0  0:19:05  0:14:24  0:04:41 3326k
 75 3669M   75 2769M    0     0  3276k      0  0:19:06  0:14:25  0:04:41 1574k
 75 3669M   75 2769M    0     0  3273k      0  0:19:08  0:14:26  0:04:42 41265
 75 3669M   75 2769M    0     0  3269k      0  0:19:09  0:14:27  0:04:42 40985
 75 3669M   75 2772M    0     0  3268k      0  0:19:09  0:14:28  0:04:41  640k
 75 3669M   75 2772M    0     0  3265k      0  0:19:10  0:14:29  0:04:41  667k
 75 3669M   75 2773M    0     0  3262k      0  0:19:11  0:14:30  0:04:41  735k
 75 3669M   75 2773M    0     0  3258k      0  0:19:13  0:14:31  0:04:42  735k
 75 3669M   75 2773M    0     0  3255k      0  0:19:14  0:14:32  0:04:42  811k
 75 3669M   75 2773M    0     0  3251k      0  0:19:15  0:14:33  0:04:42  209k
 75 3669M   75 2773M    0     0  3247k      0  0:19:17  0:14:34  0:04:43  186k
 75 3669M   75 2773M    0     0  3244k      0  0:19:18  0:14:35  0:04:43  149k
 76 3669M   76 2789M    0     0  3258k      0  0:19:13  0:14:36  0:04:37 3264k
 76 3669M   76 2797M    0     0  3264k      0  0:19:10  0:14:37  0:04:33 4963k
 76 3669M   76 2797M    0     0  3261k      0  0:19:12  0:14:38  0:04:34 4933k
 76 3669M   76 2797M    0     0  3257k      0  0:19:13  0:14:39  0:04:34 4974k
 76 3669M   76 2804M    0     0  3262k      0  0:19:11  0:14:40  0:04:31 6341k
 76 3669M   76 2804M    0     0  3258k      0  0:19:13  0:14:41  0:04:32 3232k
 76 3669M   76 2814M    0     0  3265k      0  0:19:10  0:14:42  0:04:28 3440k
 76 3669M   76 2819M    0     0  3268k      0  0:19:09  0:14:43  0:04:26 4564k
 76 3669M   76 2820M    0     0  3264k      0  0:19:10  0:14:44  0:04:26 4538k
 77 3669M   77 2827M    0     0  3269k      0  0:19:09  0:14:45  0:04:24 4622k
 77 3669M   77 2836M    0     0  3276k      0  0:19:07  0:14:46  0:04:21 6422k
 77 3669M   77 2849M    0     0  3288k      0  0:19:02  0:14:47  0:04:15 7220k
 77 3669M   77 2850M    0     0  3284k      0  0:19:03  0:14:48  0:04:15 6153k
 77 3669M   77 2850M    0     0  3281k      0  0:19:05  0:14:49  0:04:16 6186k
 77 3669M   77 2850M    0     0  3278k      0  0:19:06  0:14:50  0:04:16 4814k
 78 3669M   78 2865M    0     0  3291k      0  0:19:01  0:14:51  0:04:10 6084k
 78 3669M   78 2873M    0     0  3296k      0  0:18:59  0:14:52  0:04:07 4780k
 78 3669M   78 2882M    0     0  3302k      0  0:18:57  0:14:53  0:04:04 6526k
 78 3669M   78 2888M    0     0  3306k      0  0:18:56  0:14:54  0:04:02 7848k
 78 3669M   78 2888M    0     0  3303k      0  0:18:57  0:14:55  0:04:02 7754k
 78 3669M   78 2889M    0     0  3300k      0  0:18:58  0:14:56  0:04:02 4789k
 78 3669M   78 2892M    0     0  3300k      0  0:18:58  0:14:57  0:04:01 4003k
 78 3669M   78 2893M    0     0  3297k      0  0:18:59  0:14:58  0:04:01 2278k
 78 3669M   78 2893M    0     0  3293k      0  0:19:00  0:14:59  0:04:01  913k
 78 3669M   78 2893M    0     0  3290k      0  0:19:02  0:15:00  0:04:02  908k
 78 3669M   78 2894M    0     0  3288k      0  0:19:02  0:15:01  0:04:01 1157k
 78 3669M   78 2895M    0     0  3285k      0  0:19:03  0:15:02  0:04:01  616k
 78 3669M   78 2895M    0     0  3282k      0  0:19:04  0:15:03  0:04:01  540k
 78 3669M   78 2895M    0     0  3278k      0  0:19:06  0:15:04  0:04:02  539k
 79 3669M   79 2911M    0     0  3292k      0  0:19:01  0:15:05  0:03:56 3760k
 79 3669M   79 2918M    0     0  3296k      0  0:19:00  0:15:06  0:03:54 4722k
 79 3669M   79 2918M    0     0  3293k      0  0:19:01  0:15:07  0:03:54 4629k
 79 3669M   79 2921M    0     0  3292k      0  0:19:01  0:15:08  0:03:53 5240k
 79 3669M   79 2921M    0     0  3289k      0  0:19:02  0:15:09  0:03:53 5241k
 79 3669M   79 2921M    0     0  3285k      0  0:19:03  0:15:10  0:03:53 2001k
 79 3669M   79 2921M    0     0  3281k      0  0:19:04  0:15:11  0:03:53  695k
 79 3669M   79 2921M    0     0  3278k      0  0:19:06  0:15:12  0:03:54  725k
 79 3669M   79 2927M    0     0  3281k      0  0:19:05  0:15:13  0:03:52 1291k
 79 3669M   79 2927M    0     0  3278k      0  0:19:06  0:15:14  0:03:52 1294k
 79 3669M   79 2928M    0     0  3275k      0  0:19:07  0:15:15  0:03:52 1405k
 79 3669M   79 2928M    0     0  3271k      0  0:19:08  0:15:16  0:03:52 1408k
 80 3669M   80 2943M    0     0  3284k      0  0:19:03  0:15:17  0:03:46 4372k
 80 3669M   80 2943M    0     0  3281k      0  0:19:05  0:15:18  0:03:47 3245k
 80 3669M   80 2943M    0     0  3278k      0  0:19:06  0:15:19  0:03:47 3262k
 80 3669M   80 2960M    0     0  3293k      0  0:19:01  0:15:20  0:03:41 6573k
 80 3669M   80 2969M    0     0  3298k      0  0:18:59  0:15:21  0:03:38 8083k
 80 3669M   80 2972M    0     0  3298k      0  0:18:59  0:15:22  0:03:37 5871k
 81 3669M   81 2972M    0     0  3296k      0  0:18:59  0:15:23  0:03:36 6041k
 81 3669M   81 2972M    0     0  3292k      0  0:19:01  0:15:24  0:03:37 6002k
 81 3669M   81 2972M    0     0  3289k      0  0:19:02  0:15:25  0:03:37 2585k
 81 3669M   81 2986M    0     0  3301k      0  0:18:58  0:15:26  0:03:32 3738k
 81 3669M   81 2996M    0     0  3308k      0  0:18:55  0:15:27  0:03:28 5044k
 81 3669M   81 2998M    0     0  3307k      0  0:18:56  0:15:28  0:03:28 5353k
 81 3669M   81 2999M    0     0  3303k      0  0:18:57  0:15:29  0:03:28 5354k
 81 3669M   81 2999M    0     0  3300k      0  0:18:58  0:15:30  0:03:28 5401k
 81 3669M   81 2999M    0     0  3297k      0  0:18:59  0:15:31  0:03:28 2601k
 81 3669M   81 3004M    0     0  3299k      0  0:18:58  0:15:32  0:03:26 1685k
 81 3669M   81 3005M    0     0  3297k      0  0:18:59  0:15:33  0:03:26 1352k
 81 3669M   81 3005M    0     0  3293k      0  0:19:00  0:15:34  0:03:26 1355k
 81 3669M   81 3005M    0     0  3290k      0  0:19:02  0:15:35  0:03:27 1310k
 82 3669M   82 3022M    0     0  3305k      0  0:18:56  0:15:36  0:03:20 4775k
 82 3669M   82 3022M    0     0  3301k      0  0:18:58  0:15:37  0:03:21 3698k
 82 3669M   82 3022M    0     0  3298k      0  0:18:59  0:15:38  0:03:21 3522k
 82 3669M   82 3027M    0     0  3299k      0  0:18:58  0:15:39  0:03:19 4403k
 82 3669M   82 3027M    0     0  3296k      0  0:19:00  0:15:40  0:03:20 4429k
 82 3669M   82 3028M    0     0  3293k      0  0:19:01  0:15:41  0:03:20 1094k
 82 3669M   82 3028M    0     0  3289k      0  0:19:02  0:15:42  0:03:20 1091k
 82 3669M   82 3041M    0     0  3301k      0  0:18:58  0:15:43  0:03:15 3863k
 82 3669M   82 3041M    0     0  3297k      0  0:18:59  0:15:44  0:03:15 2990k
 82 3669M   82 3041M    0     0  3294k      0  0:19:00  0:15:45  0:03:15 2954k
 82 3669M   82 3042M    0     0  3291k      0  0:19:01  0:15:46  0:03:15 2906k
 82 3669M   82 3042M    0     0  3287k      0  0:19:02  0:15:47  0:03:15 2906k
 82 3669M   82 3042M    0     0  3284k      0  0:19:03  0:15:48  0:03:15  205k
 82 3669M   82 3042M    0     0  3281k      0  0:19:05  0:15:49  0:03:16  207k
 83 3669M   83 3047M    0     0  3283k      0  0:19:04  0:15:50  0:03:14 1204k
 83 3669M   83 3050M    0     0  3283k      0  0:19:04  0:15:51  0:03:13 1741k
 83 3669M   83 3051M    0     0  3280k      0  0:19:05  0:15:52  0:03:13 1927k
 83 3669M   83 3051M    0     0  3277k      0  0:19:06  0:15:53  0:03:13 1845k
 83 3669M   83 3051M    0     0  3273k      0  0:19:07  0:15:54  0:03:13 1845k
 83 3669M   83 3051M    0     0  3270k      0  0:19:08  0:15:55  0:03:13  839k
 83 3669M   83 3053M    0     0  3268k      0  0:19:09  0:15:56  0:03:13  520k
 83 3669M   83 3068M    0     0  3281k      0  0:19:05  0:15:57  0:03:08 3395k
 83 3669M   83 3068M    0     0  3277k      0  0:19:06  0:15:58  0:03:08 3394k
 83 3669M   83 3069M    0     0  3275k      0  0:19:07  0:15:59  0:03:08 3570k
 83 3669M   83 3069M    0     0  3272k      0  0:19:08  0:16:00  0:03:08 3549k
 83 3669M   83 3069M    0     0  3268k      0  0:19:09  0:16:01  0:03:08 3244k
 83 3669M   83 3069M    0     0  3265k      0  0:19:10  0:16:02  0:03:08  204k
 83 3669M   83 3069M    0     0  3262k      0  0:19:11  0:16:03  0:03:08  206k
 83 3669M   83 3069M    0     0  3259k      0  0:19:12  0:16:04  0:03:08  160k
 84 3669M   84 3085M    0     0  3272k      0  0:19:08  0:16:05  0:03:03 3329k
 84 3669M   84 3089M    0     0  3273k      0  0:19:07  0:16:06  0:03:01 4278k
 84 3669M   84 3101M    0     0  3282k      0  0:19:04  0:16:07  0:02:57 6563k
 84 3669M   84 3101M    0     0  3279k      0  0:19:05  0:16:08  0:02:57 6628k
 84 3669M   84 3111M    0     0  3286k      0  0:19:03  0:16:09  0:02:54 8575k
 84 3669M   84 3116M    0     0  3288k      0  0:19:02  0:16:10  0:02:52 6359k
 84 3669M   84 3116M    0     0  3285k      0  0:19:03  0:16:11  0:02:52 5439k
 84 3669M   84 3116M    0     0  3281k      0  0:19:05  0:16:12  0:02:53 3134k
 84 3669M   84 3116M    0     0  3278k      0  0:19:06  0:16:13  0:02:53 3073k
 85 3669M   85 3123M    0     0  3282k      0  0:19:04  0:16:14  0:02:50 2412k
 85 3669M   85 3133M    0     0  3288k      0  0:19:02  0:16:15  0:02:47 3399k
 85 3669M   85 3133M    0     0  3285k      0  0:19:03  0:16:16  0:02:47 3407k
 85 3669M   85 3133M    0     0  3282k      0  0:19:04  0:16:17  0:02:47 3404k
 85 3669M   85 3133M    0     0  3279k      0  0:19:05  0:16:18  0:02:47 3513k
 85 3669M   85 3137M    0     0  3279k      0  0:19:05  0:16:19  0:02:46 2813k
 85 3669M   85 3147M    0     0  3286k      0  0:19:03  0:16:20  0:02:43 2906k
 85 3669M   85 3147M    0     0  3284k      0  0:19:04  0:16:21  0:02:43 3008k
 85 3669M   85 3147M    0     0  3280k      0  0:19:05  0:16:22  0:02:43 3009k
 85 3669M   85 3147M    0     0  3277k      0  0:19:06  0:16:23  0:02:43 2913k
 85 3669M   85 3148M    0     0  3274k      0  0:19:07  0:16:24  0:02:43 2262k
 85 3669M   85 3148M    0     0  3271k      0  0:19:08  0:16:25  0:02:43  215k
 86 3669M   86 3161M    0     0  3282k      0  0:19:04  0:16:26  0:02:38 2887k
 86 3669M   86 3163M    0     0  3280k      0  0:19:05  0:16:27  0:02:38 3223k
 86 3669M   86 3163M    0     0  3277k      0  0:19:06  0:16:28  0:02:38 3211k
 86 3669M   86 3179M    0     0  3290k      0  0:19:02  0:16:29  0:02:33 6305k
 86 3669M   86 3180M    0     0  3288k      0  0:19:02  0:16:30  0:02:32 6624k
 86 3669M   86 3180M    0     0  3285k      0  0:19:03  0:16:31  0:02:32 3828k
 86 3669M   86 3180M    0     0  3281k      0  0:19:05  0:16:32  0:02:33 3494k
 86 3669M   86 3180M    0     0  3278k      0  0:19:06  0:16:33  0:02:33 3514k
 86 3669M   86 3180M    0     0  3275k      0  0:19:07  0:16:34  0:02:33  335k
 86 3669M   86 3181M    0     0  3272k      0  0:19:08  0:16:35  0:02:33  121k
 86 3669M   86 3181M    0     0  3269k      0  0:19:09  0:16:36  0:02:33  121k
 87 3669M   87 3198M    0     0  3283k      0  0:19:04  0:16:37  0:02:27 3555k
 87 3669M   87 3198M    0     0  3280k      0  0:19:05  0:16:38  0:02:27 3588k
 87 3669M   87 3204M    0     0  3282k      0  0:19:04  0:16:39  0:02:25 4808k
 87 3669M   87 3204M    0     0  3280k      0  0:19:05  0:16:40  0:02:25 4837k
 87 3669M   87 3204M    0     0  3276k      0  0:19:06  0:16:41  0:02:25 4837k
 87 3669M   87 3204M    0     0  3273k      0  0:19:07  0:16:42  0:02:25 1404k
 87 3669M   87 3210M    0     0  3275k      0  0:19:07  0:16:43  0:02:24 2427k
 87 3669M   87 3218M    0     0  3281k      0  0:19:05  0:16:44  0:02:21 2927k
 87 3669M   87 3219M    0     0  3278k      0  0:19:06  0:16:45  0:02:21 2903k
 87 3669M   87 3219M    0     0  3275k      0  0:19:07  0:16:46  0:02:21 2913k
 87 3669M   87 3219M    0     0  3272k      0  0:19:08  0:16:47  0:02:21 3004k
 87 3669M   87 3219M    0     0  3269k      0  0:19:09  0:16:48  0:02:21 1927k
 88 3669M   88 3234M    0     0  3281k      0  0:19:05  0:16:49  0:02:16 3307k
 88 3669M   88 3240M    0     0  3283k      0  0:19:04  0:16:50  0:02:14 4401k
 88 3669M   88 3245M    0     0  3286k      0  0:19:03  0:16:51  0:02:12 5456k
 88 3669M   88 3245M    0     0  3282k      0  0:19:04  0:16:52  0:02:12 5389k
 88 3669M   88 3252M    0     0  3286k      0  0:19:03  0:16:53  0:02:10 6751k
 88 3669M   88 3252M    0     0  3283k      0  0:19:04  0:16:54  0:02:10 3650k
 88 3669M   88 3252M    0     0  3279k      0  0:19:05  0:16:55  0:02:10 2491k
 88 3669M   88 3254M    0     0  3278k      0  0:19:06  0:16:56  0:02:10 1684k
 89 3669M   89 3268M    0     0  3289k      0  0:19:02  0:16:57  0:02:05 4621k
 89 3669M   89 3268M    0     0  3286k      0  0:19:03  0:16:58  0:02:05 3258k
 89 3669M   89 3268M    0     0  3283k      0  0:19:04  0:16:59  0:02:05 3263k
 89 3669M   89 3268M    0     0  3279k      0  0:19:05  0:17:00  0:02:05 3264k
 89 3669M   89 3269M    0     0  3277k      0  0:19:06  0:17:01  0:02:05 3167k
 89 3669M   89 3284M    0     0  3289k      0  0:19:02  0:17:02  0:02:00 3347k
 89 3669M   89 3291M    0     0  3293k      0  0:19:00  0:17:03  0:01:57 4783k
 89 3669M   89 3296M    0     0  3295k      0  0:19:00  0:17:04  0:01:56 5821k
 89 3669M   89 3296M    0     0  3292k      0  0:19:01  0:17:05  0:01:56 5778k
 89 3669M   89 3297M    0     0  3289k      0  0:19:02  0:17:06  0:01:56 5715k
 90 3669M   90 3312M    0     0  3301k      0  0:18:58  0:17:07  0:01:51 5761k
 90 3669M   90 3326M    0     0  3311k      0  0:18:54  0:17:08  0:01:46 7091k
 90 3669M   90 3327M    0     0  3309k      0  0:18:55  0:17:09  0:01:46 6191k
 90 3669M   90 3336M    0     0  3315k      0  0:18:53  0:17:10  0:01:43 8169k
 90 3669M   90 3336M    0     0  3312k      0  0:18:54  0:17:11  0:01:43 8063k
 90 3669M   90 3336M    0     0  3309k      0  0:18:55  0:17:12  0:01:43 4870k
 90 3669M   90 3337M    0     0  3306k      0  0:18:56  0:17:13  0:01:43 2170k
 91 3669M   91 3346M    0     0  3312k      0  0:18:54  0:17:14  0:01:40 3900k
 91 3669M   91 3354M    0     0  3317k      0  0:18:52  0:17:15  0:01:37 3691k
 91 3669M   91 3356M    0     0  3315k      0  0:18:53  0:17:16  0:01:37 3996k
 91 3669M   91 3356M    0     0  3312k      0  0:18:54  0:17:17  0:01:37 4005k
 91 3669M   91 3364M    0     0  3318k      0  0:18:52  0:17:18  0:01:34 5719k
 91 3669M   91 3372M    0     0  3322k      0  0:18:51  0:17:19  0:01:32 5365k
 91 3669M   91 3372M    0     0  3319k      0  0:18:52  0:17:20  0:01:32 3652k
 91 3669M   91 3372M    0     0  3315k      0  0:18:53  0:17:21  0:01:32 3335k
 91 3669M   91 3372M    0     0  3312k      0  0:18:54  0:17:22  0:01:32 3325k
 91 3669M   91 3372M    0     0  3309k      0  0:18:55  0:17:23  0:01:32 1620k
 92 3669M   92 3382M    0     0  3315k      0  0:18:53  0:17:24  0:01:29 1984k
 92 3669M   92 3383M    0     0  3314k      0  0:18:53  0:17:25  0:01:28 2295k
 92 3669M   92 3383M    0     0  3311k      0  0:18:54  0:17:26  0:01:28 2293k
 92 3669M   92 3383M    0     0  3308k      0  0:18:55  0:17:27  0:01:28 2315k
 92 3669M   92 3383M    0     0  3304k      0  0:18:57  0:17:28  0:01:29 2265k
 92 3669M   92 3384M    0     0  3302k      0  0:18:58  0:17:29  0:01:29  440k
 92 3669M   92 3384M    0     0  3299k      0  0:18:59  0:17:30  0:01:29  111k
 92 3669M   92 3384M    0     0  3296k      0  0:19:00  0:17:31  0:01:29  186k
 92 3669M   92 3399M    0     0  3307k      0  0:18:56  0:17:32  0:01:24 3280k
 92 3669M   92 3410M    0     0  3315k      0  0:18:53  0:17:33  0:01:20 5447k
 92 3669M   92 3410M    0     0  3311k      0  0:18:54  0:17:34  0:01:20 5375k
 92 3669M   92 3410M    0     0  3308k      0  0:18:55  0:17:35  0:01:20 5371k
 93 3669M   93 3426M    0     0  3321k      0  0:18:51  0:17:36  0:01:15 8644k
 93 3669M   93 3431M    0     0  3323k      0  0:18:50  0:17:37  0:01:13 6510k
 93 3669M   93 3441M    0     0  3329k      0  0:18:48  0:17:38  0:01:10 6397k
 93 3669M   93 3441M    0     0  3326k      0  0:18:49  0:17:39  0:01:10 6452k
 93 3669M   93 3445M    0     0  3327k      0  0:18:49  0:17:40  0:01:09 7154k
 93 3669M   93 3445M    0     0  3323k      0  0:18:50  0:17:41  0:01:09 3823k
 93 3669M   93 3445M    0     0  3321k      0  0:18:51  0:17:42  0:01:09 2935k
 94 3669M   94 3455M    0     0  3327k      0  0:18:49  0:17:43  0:01:06 2933k
 94 3669M   94 3457M    0     0  3326k      0  0:18:49  0:17:44  0:01:05 3283k
 94 3669M   94 3458M    0     0  3323k      0  0:18:50  0:17:45  0:01:05 2542k
 94 3669M   94 3458M    0     0  3320k      0  0:18:51  0:17:46  0:01:05 2550k
 94 3669M   94 3458M    0     0  3317k      0  0:18:52  0:17:47  0:01:05 2538k
 94 3669M   94 3458M    0     0  3314k      0  0:18:53  0:17:48  0:01:05  509k
 94 3669M   94 3458M    0     0  3311k      0  0:18:54  0:17:49  0:01:05  107k
 94 3669M   94 3458M    0     0  3308k      0  0:18:55  0:17:50  0:01:05  110k
 94 3669M   94 3468M    0     0  3314k      0  0:18:53  0:17:51  0:01:02 2166k
 94 3669M   94 3474M    0     0  3317k      0  0:18:52  0:17:52  0:01:00 3334k
 94 3669M   94 3485M    0     0  3324k      0  0:18:50  0:17:53  0:00:57 5545k
 94 3669M   94 3485M    0     0  3321k      0  0:18:51  0:17:54  0:00:57 5524k
 94 3669M   94 3485M    0     0  3318k      0  0:18:52  0:17:55  0:00:57 5552k
 94 3669M   94 3485M    0     0  3315k      0  0:18:53  0:17:56  0:00:57 3509k
 94 3669M   94 3486M    0     0  3313k      0  0:18:54  0:17:57  0:00:57 2344k
 95 3669M   95 3492M    0     0  3316k      0  0:18:53  0:17:58  0:00:55 1486k
 95 3669M   95 3493M    0     0  3313k      0  0:18:54  0:17:59  0:00:55 1553k
 95 3669M   95 3505M    0     0  3322k      0  0:18:51  0:18:00  0:00:51 4043k
 95 3669M   95 3509M    0     0  3322k      0  0:18:50  0:18:01  0:00:49 4864k
 95 3669M   95 3509M    0     0  3319k      0  0:18:51  0:18:02  0:00:49 4794k
 95 3669M   95 3509M    0     0  3316k      0  0:18:52  0:18:03  0:00:49 3428k
 95 3669M   95 3509M    0     0  3314k      0  0:18:53  0:18:04  0:00:49 3437k
 95 3669M   95 3510M    0     0  3311k      0  0:18:54  0:18:05  0:00:49  948k
 95 3669M   95 3515M    0     0  3313k      0  0:18:54  0:18:06  0:00:48 1259k
 96 3669M   96 3526M    0     0  3320k      0  0:18:51  0:18:07  0:00:44 3422k
 96 3669M   96 3536M    0     0  3326k      0  0:18:49  0:18:08  0:00:41 5468k
 96 3669M   96 3543M    0     0  3330k      0  0:18:48  0:18:09  0:00:39 6871k
 96 3669M   96 3543M    0     0  3327k      0  0:18:49  0:18:10  0:00:39 6863k
 96 3669M   96 3543M    0     0  3324k      0  0:18:50  0:18:11  0:00:39 5743k
 96 3669M   96 3548M    0     0  3326k      0  0:18:49  0:18:12  0:00:37 4557k
 96 3669M   96 3554M    0     0  3328k      0  0:18:49  0:18:13  0:00:36 3671k
 96 3669M   96 3558M    0     0  3329k      0  0:18:48  0:18:14  0:00:34 3158k
 97 3669M   97 3571M    0     0  3338k      0  0:18:45  0:18:15  0:00:30 5660k
 97 3669M   97 3571M    0     0  3335k      0  0:18:46  0:18:16  0:00:30 5627k
 97 3669M   97 3571M    0     0  3332k      0  0:18:47  0:18:17  0:00:30 4646k
 97 3669M   97 3572M    0     0  3329k      0  0:18:48  0:18:18  0:00:30 3687k
 97 3669M   97 3572M    0     0  3326k      0  0:18:49  0:18:19  0:00:30 2710k
 97 3669M   97 3572M    0     0  3324k      0  0:18:50  0:18:20  0:00:30  215k
 97 3669M   97 3572M    0     0  3321k      0  0:18:51  0:18:21  0:00:30  215k
 97 3669M   97 3587M    0     0  3332k      0  0:18:47  0:18:22  0:00:25 3359k
 97 3669M   97 3589M    0     0  3330k      0  0:18:48  0:18:23  0:00:25 3503k
 97 3669M   97 3589M    0     0  3327k      0  0:18:49  0:18:24  0:00:25 3526k
 97 3669M   97 3589M    0     0  3324k      0  0:18:50  0:18:25  0:00:25 3502k
 97 3669M   97 3589M    0     0  3321k      0  0:18:51  0:18:26  0:00:25 3510k
 97 3669M   97 3589M    0     0  3318k      0  0:18:52  0:18:27  0:00:25  375k
 97 3669M   97 3589M    0     0  3316k      0  0:18:53  0:18:28  0:00:25  131k
 97 3669M   97 3590M    0     0  3313k      0  0:18:54  0:18:29  0:00:25  130k
 97 3669M   97 3592M    0     0  3312k      0  0:18:54  0:18:30  0:00:24  607k
 98 3669M   98 3606M    0     0  3322k      0  0:18:50  0:18:31  0:00:19 3512k
 98 3669M   98 3607M    0     0  3320k      0  0:18:51  0:18:32  0:00:19 3741k
 98 3669M   98 3614M    0     0  3323k      0  0:18:50  0:18:33  0:00:17 4977k
 98 3669M   98 3614M    0     0  3321k      0  0:18:51  0:18:34  0:00:17 5083k
 98 3669M   98 3614M    0     0  3318k      0  0:18:52  0:18:35  0:00:17 4576k
 98 3669M   98 3614M    0     0  3315k      0  0:18:53  0:18:36  0:00:17 1697k
 98 3669M   98 3630M    0     0  3326k      0  0:18:49  0:18:37  0:00:12 4656k
 98 3669M   98 3630M    0     0  3323k      0  0:18:50  0:18:38  0:00:12 3327k
 98 3669M   98 3630M    0     0  3320k      0  0:18:51  0:18:39  0:00:12 3253k
 99 3669M   99 3635M    0     0  3322k      0  0:18:50  0:18:40  0:00:10 4323k
 99 3669M   99 3636M    0     0  3320k      0  0:18:51  0:18:41  0:00:10 4405k
 99 3669M   99 3636M    0     0  3317k      0  0:18:52  0:18:42  0:00:10 1231k
 99 3669M   99 3653M    0     0  3329k      0  0:18:48  0:18:43  0:00:05 4691k
 99 3669M   99 3653M    0     0  3326k      0  0:18:49  0:18:44  0:00:05 4657k
 99 3669M   99 3653M    0     0  3324k      0  0:18:50  0:18:45  0:00:05 3608k
 99 3669M   99 3653M    0     0  3321k      0  0:18:51  0:18:46  0:00:05 3495k
 99 3669M   99 3653M    0     0  3318k      0  0:18:52  0:18:47  0:00:05 3499k
 99 3669M   99 3653M    0     0  3315k      0  0:18:53  0:18:48  0:00:05 48827
 99 3669M   99 3655M    0     0  3313k      0  0:18:54  0:18:49  0:00:05  347k
 99 3669M   99 3669M    0     0  3323k      0  0:18:50  0:18:50 --:--:-- 3307k
 99 3669M   99 3669M    0     0  3320k      0  0:18:51  0:18:51 --:--:-- 3284k
 99 3669M   99 3669M    0     0  3318k      0  0:18:52  0:18:52 --:--:-- 3278k
 99 3669M   99 3669M    0     0  3315k      0  0:18:53  0:18:53 --:--:-- 3275k
100 3669M  100 3669M    0     0  3313k      0  0:18:54  0:18:54 --:--:-- 3261k
[faiss-sra] /home/runner/boostkit-perf/faiss/1.14.3/aarch64/38043065570-1/sra-test/hnsw_test hnsw deep-image-96-angular --no-pin
Loaded configuration:
  batch_size = 100
  batch_mode = false
  top_k = 10
  index_path = indexes/hnsw/deep.faiss
  num_threads = 32
  nloop = 5
  metric = IP
  efc = 450
  save_or_load = save
  efs = 164
  k_f = 32
base vector size: 9990000
query vector size: 10000
Index build+prepare time: 474.485 s
Loop 1/5:
  wall_time = 11.9807 s (broadcast->join)
  thread_time: min=10.9512 s, avg=11.7544 s, max=11.9805 s
  total_queries = nq(10000) * threads(32) = 320000
  QPS_total(wall) = 26709.5
  QPS_avg_thread  = 850.747
Loop 2/5:
  wall_time = 12.0713 s (broadcast->join)
  thread_time: min=11.0696 s, avg=11.891 s, max=12.0706 s
  total_queries = nq(10000) * threads(32) = 320000
  QPS_total(wall) = 26509.2
  QPS_avg_thread  = 840.971
Loop 3/5:
  wall_time = 12.0291 s (broadcast->join)
  thread_time: min=11.0727 s, avg=11.7842 s, max=12.0289 s
  total_queries = nq(10000) * threads(32) = 320000
  QPS_total(wall) = 26602.1
  QPS_avg_thread  = 848.594
Loop 4/5:
  wall_time = 12.228 s (broadcast->join)
  thread_time: min=11.1798 s, avg=11.8852 s, max=12.2279 s
  total_queries = nq(10000) * threads(32) = 320000
  QPS_total(wall) = 26169.4
  QPS_avg_thread  = 841.384
Loop 5/5:
  wall_time = 11.9845 s (broadcast->join)
  thread_time: min=11.3685 s, avg=11.7817 s, max=11.9838 s
  total_queries = nq(10000) * threads(32) = 320000
  QPS_total(wall) = 26701.1
  QPS_avg_thread  = 848.772
==================================================
Final Summary (same nq per thread):
  build+prepare_time = 474.485 s
  recall = 0.99129
  pin_threads = OFF
  loops = 5
  avg_loop_wall_time = 12.0587 s
  avg_thread_time(min/avg/max) = 11.1283 / 11.8193 / 12.0583 s
  mid50_sorted_wall_mean = 12.0068 s
  total_queries_per_loop = 320000
  final_QPS(mid50 wall mean) = 26651.5
  QPS_from_avg_thread_time * threads = 27074.4
[faiss-sra] downloading https://ann-benchmarks.com/fashion-mnist-784-euclidean.hdf5
  % Total    % Received % Xferd  Average Speed   Time    Time     Time  Current
                                 Dload  Upload   Total   Spent    Left  Speed

  0     0    0     0    0     0      0      0 --:--:-- --:--:-- --:--:--     0
  0     0    0     0    0     0      0      0 --:--:-- --:--:-- --:--:--     0
  0  216M    0  230k    0     0   220k      0  0:16:49  0:00:01  0:16:48  219k
  3  216M    3 6676k    0     0  3257k      0  0:01:08  0:00:02  0:01:06 3256k
  3  216M    3 6724k    0     0  2191k      0  0:01:41  0:00:03  0:01:38 2191k
  3  216M    3 6758k    0     0  1666k      0  0:02:13  0:00:04  0:02:09 1666k
  3  216M    3 6794k    0     0  1347k      0  0:02:44  0:00:05  0:02:39 1369k
  3  216M    3 6828k    0     0  1127k      0  0:03:17  0:00:06  0:03:11 1318k
  8  216M    8 18.2M    0     0  2635k      0  0:01:24  0:00:07  0:01:17 2381k
 10  216M   10 23.3M    0     0  2966k      0  0:01:14  0:00:08  0:01:06 3443k
 10  216M   10 23.3M    0     0  2645k      0  0:01:23  0:00:09  0:01:14 3440k
 11  216M   11 23.9M    0     0  2441k      0  0:01:30  0:00:10  0:01:20 3545k
 11  216M   11 24.0M    0     0  2221k      0  0:01:40  0:00:11  0:01:29 3542k
 11  216M   11 24.0M    0     0  2041k      0  0:01:48  0:00:12  0:01:36 1198k
 11  216M   11 24.0M    0     0  1889k      0  0:01:57  0:00:13  0:01:44  148k
 15  216M   15 32.5M    0     0  2374k      0  0:01:33  0:00:14  0:01:19 1880k
 18  216M   18 39.3M    0     0  2678k      0  0:01:22  0:00:15  0:01:07 3153k
 20  216M   20 45.3M    0     0  2895k      0  0:01:16  0:00:16  0:01:00 4392k
 24  216M   24 52.5M    0     0  3154k      0  0:01:10  0:00:17  0:00:53 5841k
 24  216M   24 52.5M    0     0  2983k      0  0:01:14  0:00:18  0:00:56 5844k
 24  216M   24 52.6M    0     0  2826k      0  0:01:18  0:00:19  0:00:59 4090k
 24  216M   24 52.8M    0     0  2701k      0  0:01:22  0:00:20  0:01:02 2769k
 24  216M   24 53.1M    0     0  2588k      0  0:01:25  0:00:21  0:01:04 1602k
 31  216M   31 68.1M    0     0  3161k      0  0:01:10  0:00:22  0:00:48 3188k
 31  216M   31 68.1M    0     0  3028k      0  0:01:13  0:00:23  0:00:50 3191k
 38  216M   38 84.1M    0     0  3582k      0  0:01:02  0:00:24  0:00:38 6478k
 39  216M   39 85.2M    0     0  3481k      0  0:01:03  0:00:25  0:00:38 6603k
 46  216M   46  100M    0     0  3942k      0  0:00:56  0:00:26  0:00:30 9631k
 46  216M   46  100M    0     0  3806k      0  0:00:58  0:00:27  0:00:31 6649k
 53  216M   53  116M    0     0  4237k      0  0:00:52  0:00:28  0:00:24 9806k
 53  216M   53  116M    0     0  4090k      0  0:00:54  0:00:29  0:00:25 6520k
 60  216M   60  131M    0     0  4465k      0  0:00:49  0:00:30  0:00:19 9404k
 65  216M   65  141M    0     0  4665k      0  0:00:47  0:00:31  0:00:16 8436k
 65  216M   65  141M    0     0  4518k      0  0:00:49  0:00:32  0:00:17 8368k
 65  216M   65  141M    0     0  4392k      0  0:00:50  0:00:33  0:00:17 5264k
 65  216M   65  141M    0     0  4266k      0  0:00:52  0:00:34  0:00:18 5291k
 67  216M   67  147M    0     0  4306k      0  0:00:51  0:00:35  0:00:16 3343k
 68  216M   68  148M    0     0  4224k      0  0:00:52  0:00:36  0:00:16 1495k
 68  216M   68  148M    0     0  4111k      0  0:00:54  0:00:37  0:00:17 1498k
 68  216M   68  148M    0     0  4005k      0  0:00:55  0:00:38  0:00:17 1442k
 68  216M   68  148M    0     0  3902k      0  0:00:56  0:00:39  0:00:17 1436k
 69  216M   69  149M    0     0  3828k      0  0:00:58  0:00:40  0:00:18  495k
 69  216M   69  151M    0     0  3766k      0  0:00:58  0:00:41  0:00:17  475k
 69  216M   69  151M    0     0  3688k      0  0:01:00  0:00:42  0:00:18  557k
 74  216M   74  162M    0     0  3865k      0  0:00:57  0:00:43  0:00:14 2799k
 77  216M   77  167M    0     0  3899k      0  0:00:56  0:00:44  0:00:12 3881k
 79  216M   79  172M    0     0  3918k      0  0:00:56  0:00:45  0:00:11 4644k
 79  216M   79  172M    0     0  3833k      0  0:00:57  0:00:46  0:00:11 4382k
 79  216M   79  172M    0     0  3754k      0  0:00:59  0:00:47  0:00:12 4313k
 79  216M   79  172M    0     0  3677k      0  0:01:00  0:00:48  0:00:12 2064k
 79  216M   79  172M    0     0  3605k      0  0:01:01  0:00:49  0:00:12 1009k
 79  216M   79  172M    0     0  3532k      0  0:01:02  0:00:50  0:00:12 68885
 79  216M   79  172M    0     0  3464k      0  0:01:04  0:00:51  0:00:13 64112
 79  216M   79  172M    0     0  3398k      0  0:01:05  0:00:52  0:00:13 57566
 79  216M   79  172M    0     0  3335k      0  0:01:06  0:00:53  0:00:13 58723
 79  216M   79  172M    0     0  3276k      0  0:01:07  0:00:54  0:00:13 56316
 79  216M   79  172M    0     0  3217k      0  0:01:09  0:00:55  0:00:14 53595
 82  216M   82  178M    0     0  3253k      0  0:01:08  0:00:56  0:00:12 1103k
 82  216M   82  178M    0     0  3198k      0  0:01:09  0:00:57  0:00:12 1109k
 83  216M   83  180M    0     0  3190k      0  0:01:09  0:00:58  0:00:11 1642k
 87  216M   87  190M    0     0  3296k      0  0:01:07  0:00:59  0:00:08 3512k
 87  216M   87  190M    0     0  3241k      0  0:01:08  0:01:00  0:00:08 3504k
 87  216M   87  190M    0     0  3193k      0  0:01:09  0:01:01  0:00:08 2515k
 94  216M   94  204M    0     0  3381k      0  0:01:05  0:01:02  0:00:03 5478k
 94  216M   94  204M    0     0  3326k      0  0:01:06  0:01:03  0:00:03 4900k
100  216M  100  216M    0     0  3494k      0  0:01:03  0:01:03 --:--:-- 6078k
[faiss-sra] /home/runner/boostkit-perf/faiss/1.14.3/aarch64/38043065570-1/sra-test/hnsw_test hnsw fashion-mnist-784-euclidean --no-pin
Loaded configuration:
  batch_size = 100
  batch_mode = false
  top_k = 10
  index_path = indexes/hnsw/fashion.faiss
  num_threads = 32
  nloop = 5
  metric = L2
  efc = 300
  save_or_load = save
  efs = 30
  k_f = 18
base vector size: 60000
query vector size: 10000
Index build+prepare time: 0.932554 s
Loop 1/5:
  wall_time = 2.12752 s (broadcast->join)
  thread_time: min=1.37056 s, avg=1.82178 s, max=2.12719 s
  total_queries = nq(10000) * threads(32) = 320000
  QPS_total(wall) = 150410
  QPS_avg_thread  = 5489.12
Loop 2/5:
  wall_time = 2.00917 s (broadcast->join)
  thread_time: min=1.53397 s, avg=1.82386 s, max=2.0089 s
  total_queries = nq(10000) * threads(32) = 320000
  QPS_total(wall) = 159270
  QPS_avg_thread  = 5482.89
Loop 3/5:
  wall_time = 1.94466 s (broadcast->join)
  thread_time: min=1.665 s, avg=1.79801 s, max=1.94412 s
  total_queries = nq(10000) * threads(32) = 320000
  QPS_total(wall) = 164553
  QPS_avg_thread  = 5561.71
Loop 4/5:
  wall_time = 2.06426 s (broadcast->join)
  thread_time: min=1.57911 s, avg=1.80774 s, max=2.06401 s
  total_queries = nq(10000) * threads(32) = 320000
  QPS_total(wall) = 155020
  QPS_avg_thread  = 5531.78
Loop 5/5:
  wall_time = 1.96075 s (broadcast->join)
  thread_time: min=1.60097 s, avg=1.80179 s, max=1.96049 s
  total_queries = nq(10000) * threads(32) = 320000
  QPS_total(wall) = 163203
  QPS_avg_thread  = 5550.04
==================================================
Final Summary (same nq per thread):
  build+prepare_time = 0.932554 s
  recall = 0.99245
  pin_threads = OFF
  loops = 5
  avg_loop_wall_time = 2.02127 s
  avg_thread_time(min/avg/max) = 1.54992 / 1.81063 / 2.02094 s
  mid50_sorted_wall_mean = 1.98496 s
  total_queries_per_loop = 320000
  final_QPS(mid50 wall mean) = 161212
  QPS_from_avg_thread_time * threads = 176734
[faiss-sra] downloading https://ann-benchmarks.com/gist-960-euclidean.hdf5
  % Total    % Received % Xferd  Average Speed   Time    Time     Time  Current
                                 Dload  Upload   Total   Spent    Left  Speed

  0     0    0     0    0     0      0      0 --:--:-- --:--:-- --:--:--     0
  0     0    0     0    0     0      0      0 --:--:-- --:--:-- --:--:--     0
  0 3666M    0  178k    0     0   160k      0  6:29:56  0:00:01  6:29:55  160k
  0 3666M    0  272k    0     0   128k      0  8:06:10  0:00:02  8:06:08  128k
  0 3666M    0 14.6M    0     0  4793k      0  0:13:03  0:00:03  0:13:00 4792k
  0 3666M    0 14.6M    0     0  3647k      0  0:17:09  0:00:04  0:17:05 3646k
  0 3666M    0 15.5M    0     0  3125k      0  0:20:01  0:00:05  0:19:56 3213k
  0 3666M    0 15.6M    0     0  2611k      0  0:23:57  0:00:06  0:23:51 3154k
  0 3666M    0 15.6M    0     0  2257k      0  0:27:43  0:00:07  0:27:36 3159k
  0 3666M    0 15.7M    0     0  1981k      0  0:31:34  0:00:08  0:31:26  218k
  0 3666M    0 15.7M    0     0  1769k      0  0:35:21  0:00:09  0:35:12  218k
  0 3666M    0 19.9M    0     0  2014k      0  0:31:03  0:00:10  0:30:53  882k
  0 3666M    0 19.9M    0     0  1841k      0  0:33:58  0:00:11  0:33:47  894k
  0 3666M    0 20.0M    0     0  1691k      0  0:37:00  0:00:12  0:36:48  886k
  0 3666M    0 21.8M    0     0  1703k      0  0:36:44  0:00:13  0:36:31 1249k
  0 3666M    0 35.4M    0     0  2568k      0  0:24:21  0:00:14  0:24:07 4022k
  1 3666M    1 41.1M    0     0  2785k      0  0:22:27  0:00:15  0:22:12 4352k
  1 3666M    1 41.5M    0     0  2636k      0  0:23:44  0:00:16  0:23:28 4395k
  1 3666M    1 41.5M    0     0  2483k      0  0:25:11  0:00:17  0:24:54 4400k
  1 3666M    1 41.9M    0     0  2373k      0  0:26:22  0:00:18  0:26:04 4126k
  1 3666M    1 42.0M    0     0  2250k      0  0:27:48  0:00:19  0:27:29 1350k
  1 3666M    1 42.0M    0     0  2141k      0  0:29:13  0:00:20  0:28:53  193k
  1 3666M    1 46.5M    0     0  2255k      0  0:27:44  0:00:21  0:27:23 1032k
  1 3666M    1 49.8M    0     0  2307k      0  0:27:07  0:00:22  0:26:45 1702k
  1 3666M    1 49.9M    0     0  2211k      0  0:28:18  0:00:23  0:27:55 1623k
  1 3666M    1 49.9M    0     0  2120k      0  0:29:30  0:00:24  0:29:06 1622k
  1 3666M    1 49.9M    0     0  2036k      0  0:30:43  0:00:25  0:30:18 1617k
  1 3666M    1 50.0M    0     0  1962k      0  0:31:53  0:00:26  0:31:27  713k
  1 3666M    1 50.3M    0     0  1900k      0  0:32:55  0:00:27  0:32:28   99k
  1 3666M    1 50.3M    0     0  1834k      0  0:34:07  0:00:28  0:33:39   98k
  1 3666M    1 52.7M    0     0  1855k      0  0:33:43  0:00:29  0:33:14  574k
  1 3666M    1 52.7M    0     0  1793k      0  0:34:53  0:00:30  0:34:23  572k
  1 3666M    1 52.8M    0     0  1737k      0  0:36:01  0:00:31  0:35:30  568k
  1 3666M    1 52.8M    0     0  1685k      0  0:37:07  0:00:32  0:36:35  513k
  1 3666M    1 52.8M    0     0  1635k      0  0:38:16  0:00:33  0:37:43  513k
  1 3666M    1 52.9M    0     0  1587k      0  0:39:24  0:00:34  0:38:50 36477
  1 3666M    1 52.9M    0     0  1543k      0  0:40:32  0:00:35  0:39:57 36655
  1 3666M    1 53.7M    0     0  1523k      0  0:41:04  0:00:36  0:40:28  188k
  1 3666M    1 53.7M    0     0  1482k      0  0:42:12  0:00:37  0:41:35  187k
  1 3666M    1 53.8M    0     0  1445k      0  0:43:17  0:00:38  0:42:39  190k
  1 3666M    1 53.8M    0     0  1409k      0  0:44:23  0:00:39  0:43:44  192k
  1 3666M    1 58.9M    0     0  1503k      0  0:41:37  0:00:40  0:40:57 1222k
  1 3666M    1 64.7M    0     0  1611k      0  0:38:50  0:00:41  0:38:09 2244k
  1 3666M    1 64.7M    0     0  1573k      0  0:39:46  0:00:42  0:39:04 2245k
  1 3666M    1 64.7M    0     0  1538k      0  0:40:40  0:00:43  0:39:57 2245k
  1 3666M    1 64.8M    0     0  1504k      0  0:41:36  0:00:44  0:40:52 2246k
  1 3666M    1 65.0M    0     0  1477k      0  0:42:21  0:00:45  0:41:36 1267k
  2 3666M    2 74.5M    0     0  1655k      0  0:37:47  0:00:46  0:37:01 2025k
  2 3666M    2 83.8M    0     0  1823k      0  0:34:18  0:00:47  0:33:31 3944k
  2 3666M    2 89.0M    0     0  1894k      0  0:33:01  0:00:48  0:32:13 4965k
  2 3666M    2 89.1M    0     0  1857k      0  0:33:41  0:00:49  0:32:52 4974k
  2 3666M    2 89.1M    0     0  1821k      0  0:34:21  0:00:50  0:33:31 4919k
  2 3666M    2 89.3M    0     0  1790k      0  0:34:57  0:00:51  0:34:06 3030k
  2 3666M    2 91.2M    0     0  1793k      0  0:34:53  0:00:52  0:34:01 1509k
  2 3666M    2 91.3M    0     0  1760k      0  0:35:32  0:00:53  0:34:39  460k
  2 3666M    2 91.6M    0     0  1733k      0  0:36:05  0:00:54  0:35:11  523k
  2 3666M    2 96.9M    0     0  1801k      0  0:34:44  0:00:55  0:33:49 1604k
  2 3666M    2 98.7M    0     0  1801k      0  0:34:43  0:00:56  0:33:47 1918k
  2 3666M    2 98.7M    0     0  1770k      0  0:35:20  0:00:57  0:34:23 1533k
  2 3666M    2 98.8M    0     0  1741k      0  0:35:56  0:00:58  0:34:58 1535k
  2 3666M    2 99.2M    0     0  1719k      0  0:36:23  0:00:59  0:35:24 1564k
  2 3666M    2 99.3M    0     0  1691k      0  0:36:59  0:01:00  0:35:59  482k
  2 3666M    2 99.4M    0     0  1665k      0  0:37:33  0:01:01  0:36:32  139k
  2 3666M    2  108M    0     0  1792k      0  0:34:54  0:01:02  0:33:52 2045k
  3 3666M    3  110M    0     0  1795k      0  0:34:51  0:01:03  0:33:48 2424k
  3 3666M    3  110M    0     0  1768k      0  0:35:22  0:01:04  0:34:18 2349k
  3 3666M    3  110M    0     0  1742k      0  0:35:55  0:01:05  0:34:50 2348k
  3 3666M    3  112M    0     0  1740k      0  0:35:57  0:01:06  0:34:51 2647k
  3 3666M    3  112M    0     0  1714k      0  0:36:29  0:01:07  0:35:22  746k
  3 3666M    3  112M    0     0  1696k      0  0:36:52  0:01:08  0:35:44  445k
  3 3666M    3  114M    0     0  1699k      0  0:36:48  0:01:09  0:35:39  813k
  3 3666M    3  120M    0     0  1763k      0  0:35:28  0:01:10  0:34:18 2049k
  3 3666M    3  121M    0     0  1747k      0  0:35:47  0:01:11  0:34:36 1852k
  3 3666M    3  121M    0     0  1723k      0  0:36:17  0:01:12  0:35:05 1850k
  3 3666M    3  121M    0     0  1705k      0  0:36:41  0:01:13  0:35:28 1822k
  3 3666M    3  121M    0     0  1683k      0  0:37:10  0:01:14  0:35:56 1457k
  3 3666M    3  121M    0     0  1661k      0  0:37:39  0:01:15  0:36:24  222k
  3 3666M    3  137M    0     0  1847k      0  0:33:51  0:01:16  0:32:35 3263k
  3 3666M    3  139M    0     0  1847k      0  0:33:52  0:01:17  0:32:35 3637k
  4 3666M    4  151M    0     0  1988k      0  0:31:28  0:01:18  0:30:10 6143k
  4 3666M    4  151M    0     0  1963k      0  0:31:52  0:01:19  0:30:33 6109k
  4 3666M    4  160M    0     0  2054k      0  0:30:27  0:01:20  0:29:07 7944k
  4 3666M    4  160M    0     0  2029k      0  0:30:49  0:01:21  0:29:28 4808k
  4 3666M    4  161M    0     0  2011k      0  0:31:06  0:01:22  0:29:44 4521k
  4 3666M    4  161M    0     0  1987k      0  0:31:28  0:01:23  0:30:05 1982k
  4 3666M    4  173M    0     0  2114k      0  0:29:35  0:01:24  0:28:11 4513k
  5 3666M    5  187M    0     0  2253k      0  0:27:45  0:01:25  0:26:20 5475k
  5 3666M    5  191M    0     0  2279k      0  0:27:26  0:01:26  0:26:00 6340k
  5 3666M    5  198M    0     0  2334k      0  0:26:48  0:01:27  0:25:21 7666k
  5 3666M    5  199M    0     0  2314k      0  0:27:02  0:01:28  0:25:34 7736k
  5 3666M    5  200M    0     0  2299k      0  0:27:12  0:01:29  0:25:43 5388k
  5 3666M    5  200M    0     0  2274k      0  0:27:30  0:01:30  0:26:00 2628k
  5 3666M    5  210M    0     0  2368k      0  0:26:25  0:01:31  0:24:54 3892k
  5 3666M    5  210M    0     0  2343k      0  0:26:41  0:01:32  0:25:09 2512k
  5 3666M    5  210M    0     0  2318k      0  0:26:59  0:01:33  0:25:26 2403k
  5 3666M    5  211M    0     0  2302k      0  0:27:10  0:01:34  0:25:36 2354k
  5 3666M    5  215M    0     0  2317k      0  0:27:00  0:01:35  0:25:25 3080k
  5 3666M    5  215M    0     0  2294k      0  0:27:16  0:01:36  0:25:40  929k
  5 3666M    5  215M    0     0  2270k      0  0:27:33  0:01:37  0:25:56  924k
  5 3666M    5  215M    0     0  2247k      0  0:27:50  0:01:38  0:26:12  926k
  5 3666M    5  215M    0     0  2228k      0  0:28:04  0:01:39  0:26:25  838k
  5 3666M    5  216M    0     0  2211k      0  0:28:17  0:01:40  0:26:37  190k
  6 3666M    6  222M    0     0  2248k      0  0:27:49  0:01:41  0:26:08 1368k
  6 3666M    6  222M    0     0  2231k      0  0:28:02  0:01:42  0:26:20 1467k
  6 3666M    6  222M    0     0  2213k      0  0:28:16  0:01:43  0:26:33 1533k
  6 3666M    6  222M    0     0  2192k      0  0:28:32  0:01:44  0:26:48 1475k
  6 3666M    6  224M    0     0  2189k      0  0:28:35  0:01:45  0:26:50 1740k
  6 3666M    6  233M    0     0  2254k      0  0:27:45  0:01:46  0:25:59 2378k
  6 3666M    6  233M    0     0  2233k      0  0:28:00  0:01:47  0:26:13 2281k
  6 3666M    6  233M    0     0  2213k      0  0:28:16  0:01:48  0:26:28 2221k
  6 3666M    6  234M    0     0  2201k      0  0:28:25  0:01:49  0:26:36 2388k
  6 3666M    6  234M    0     0  2181k      0  0:28:41  0:01:50  0:26:51 2025k
  6 3666M    6  234M    0     0  2162k      0  0:28:56  0:01:51  0:27:05  211k
  6 3666M    6  234M    0     0  2143k      0  0:29:11  0:01:52  0:27:19  213k
  6 3666M    6  239M    0     0  2166k      0  0:28:53  0:01:53  0:27:00 1143k
  6 3666M    6  239M    0     0  2151k      0  0:29:05  0:01:54  0:27:11 1060k
  6 3666M    6  239M    0     0  2133k      0  0:29:19  0:01:55  0:27:24 1066k
  6 3666M    6  239M    0     0  2115k      0  0:29:35  0:01:56  0:27:39 1058k
  6 3666M    6  251M    0     0  2194k      0  0:28:30  0:01:57  0:26:33 3339k
  7 3666M    7  259M    0     0  2253k      0  0:27:46  0:01:58  0:25:48 4221k
  7 3666M    7  259M    0     0  2234k      0  0:28:00  0:01:59  0:26:01 4138k
  7 3666M    7  262M    0     0  2238k      0  0:27:57  0:02:00  0:25:57 4663k
  7 3666M    7  262M    0     0  2220k      0  0:28:10  0:02:01  0:26:09 4663k
  7 3666M    7  262M    0     0  2202k      0  0:28:24  0:02:02  0:26:22 2384k
  7 3666M    7  263M    0     0  2188k      0  0:28:35  0:02:03  0:26:32  656k
  7 3666M    7  263M    0     0  2170k      0  0:28:49  0:02:04  0:26:45  656k
  7 3666M    7  263M    0     0  2154k      0  0:29:02  0:02:05  0:26:57  129k
  7 3666M    7  265M    0     0  2155k      0  0:29:01  0:02:06  0:26:55  577k
  7 3666M    7  267M    0     0  2153k      0  0:29:03  0:02:07  0:26:56  968k
  7 3666M    7  267M    0     0  2137k      0  0:29:16  0:02:08  0:27:08  878k
  7 3666M    7  267M    0     0  2123k      0  0:29:28  0:02:09  0:27:19  942k
  7 3666M    7  271M    0     0  2132k      0  0:29:20  0:02:10  0:27:10 1599k
  7 3666M    7  271M    0     0  2121k      0  0:29:29  0:02:11  0:27:18 1277k
  7 3666M    7  272M    0     0  2108k      0  0:29:40  0:02:12  0:27:28  966k
  7 3666M    7  278M    0     0  2138k      0  0:29:15  0:02:13  0:27:02 2186k
  7 3666M    7  278M    0     0  2127k      0  0:29:24  0:02:14  0:27:10 2225k
  7 3666M    7  278M    0     0  2111k      0  0:29:37  0:02:15  0:27:22 1559k
  7 3666M    7  278M    0     0  2096k      0  0:29:50  0:02:16  0:27:34 1436k
  7 3666M    7  279M    0     0  2085k      0  0:30:00  0:02:17  0:27:43 1457k
  8 3666M    8  293M    0     0  2178k      0  0:28:43  0:02:18  0:26:25 3239k
  8 3666M    8  306M    0     0  2257k      0  0:27:43  0:02:19  0:25:24 5728k
  8 3666M    8  307M    0     0  2249k      0  0:27:48  0:02:20  0:25:28 5996k
  8 3666M    8  309M    0     0  2249k      0  0:27:49  0:02:21  0:25:28 6429k
  8 3666M    8  320M    0     0  2309k      0  0:27:05  0:02:22  0:24:43 8447k
  8 3666M    8  321M    0     0  2301k      0  0:27:11  0:02:23  0:24:48 5705k
  8 3666M    8  327M    0     0  2326k      0  0:26:53  0:02:24  0:24:29 4267k
  8 3666M    8  328M    0     0  2319k      0  0:26:58  0:02:25  0:24:33 4270k
  8 3666M    8  328M    0     0  2304k      0  0:27:09  0:02:26  0:24:43 3862k
  8 3666M    8  329M    0     0  2290k      0  0:27:18  0:02:27  0:24:51 1747k
  9 3666M    9  330M    0     0  2286k      0  0:27:22  0:02:28  0:24:54 1833k
  9 3666M    9  330M    0     0  2271k      0  0:27:33  0:02:29  0:25:04  672k
  9 3666M    9  331M    0     0  2257k      0  0:27:42  0:02:30  0:25:12  452k
  9 3666M    9  344M    0     0  2337k      0  0:26:46  0:02:31  0:24:15 3295k
  9 3666M    9  345M    0     0  2325k      0  0:26:54  0:02:32  0:24:22 3357k
  9 3666M    9  345M    0     0  2311k      0  0:27:04  0:02:33  0:24:31 3059k
  9 3666M    9  345M    0     0  2296k      0  0:27:14  0:02:34  0:24:40 3053k
  9 3666M    9  351M    0     0  2318k      0  0:26:59  0:02:35  0:24:24 4158k
  9 3666M    9  362M    0     0  2378k      0  0:26:18  0:02:36  0:23:42 3626k
  9 3666M    9  362M    0     0  2364k      0  0:26:28  0:02:37  0:23:51 3526k
  9 3666M    9  362M    0     0  2349k      0  0:26:38  0:02:38  0:24:00 3508k
  9 3666M    9  362M    0     0  2335k      0  0:26:47  0:02:39  0:24:08 3528k
  9 3666M    9  363M    0     0  2321k      0  0:26:57  0:02:40  0:24:17 2407k
 10 3666M   10  370M    0     0  2355k      0  0:26:34  0:02:41  0:23:53 1609k
 10 3666M   10  370M    0     0  2340k      0  0:26:43  0:02:42  0:24:01 1611k
 10 3666M   10  370M    0     0  2328k      0  0:26:52  0:02:43  0:24:09 1669k
 10 3666M   10  370M    0     0  2314k      0  0:27:02  0:02:44  0:24:18 1662k
 10 3666M   10  371M    0     0  2302k      0  0:27:10  0:02:45  0:24:25 1679k
 10 3666M   10  375M    0     0  2316k      0  0:27:00  0:02:46  0:24:14 1075k
 10 3666M   10  387M    0     0  2372k      0  0:26:22  0:02:47  0:23:35 3405k
 10 3666M   10  391M    0     0  2385k      0  0:26:13  0:02:48  0:23:25 4255k
 11 3666M   11  405M    0     0  2453k      0  0:25:30  0:02:49  0:22:41 7006k
 11 3666M   11  411M    0     0  2474k      0  0:25:17  0:02:50  0:22:27 8163k
 11 3666M   11  411M    0     0  2462k      0  0:25:24  0:02:51  0:22:33 7287k
 11 3666M   11  413M    0     0  2458k      0  0:25:27  0:02:52  0:22:35 5308k
 11 3666M   11  413M    0     0  2444k      0  0:25:35  0:02:53  0:22:42 4415k
 11 3666M   11  413M    0     0  2433k      0  0:25:42  0:02:54  0:22:48 1764k
 11 3666M   11  420M    0     0  2460k      0  0:25:25  0:02:55  0:22:30 1983k
 11 3666M   11  429M    0     0  2496k      0  0:25:04  0:02:56  0:22:08 3666k
 12 3666M   12  441M    0     0  2552k      0  0:24:31  0:02:57  0:21:34 5782k
 12 3666M   12  441M    0     0  2538k      0  0:24:39  0:02:58  0:21:41 5799k
 12 3666M   12  441M    0     0  2524k      0  0:24:47  0:02:59  0:21:48 5683k
 12 3666M   12  441M    0     0  2512k      0  0:24:54  0:03:00  0:21:54 4325k
 12 3666M   12  441M    0     0  2498k      0  0:25:02  0:03:01  0:22:01 2574k
 12 3666M   12  453M    0     0  2550k      0  0:24:32  0:03:02  0:21:30 2483k
 12 3666M   12  454M    0     0  2543k      0  0:24:36  0:03:03  0:21:33 2715k
 12 3666M   12  455M    0     0  2533k      0  0:24:42  0:03:04  0:21:38 2850k
 12 3666M   12  455M    0     0  2519k      0  0:24:50  0:03:05  0:21:45 2783k
 12 3666M   12  455M    0     0  2506k      0  0:24:57  0:03:06  0:21:51 2801k
 12 3666M   12  455M    0     0  2493k      0  0:25:05  0:03:07  0:21:58  430k
 12 3666M   12  455M    0     0  2480k      0  0:25:13  0:03:08  0:22:05  176k
 12 3666M   12  455M    0     0  2468k      0  0:25:21  0:03:09  0:22:12 68834
 12 3666M   12  455M    0     0  2455k      0  0:25:29  0:03:10  0:22:19 69089
 12 3666M   12  460M    0     0  2468k      0  0:25:20  0:03:11  0:22:09 1068k
 12 3666M   12  470M    0     0  2507k      0  0:24:57  0:03:12  0:21:45 3056k
 12 3666M   12  470M    0     0  2495k      0  0:25:04  0:03:13  0:21:51 3071k
 12 3666M   12  470M    0     0  2482k      0  0:25:12  0:03:14  0:21:58 3035k
 12 3666M   12  471M    0     0  2473k      0  0:25:17  0:03:15  0:22:02 3164k
 12 3666M   12  471M    0     0  2461k      0  0:25:25  0:03:16  0:22:09 2164k
 12 3666M   12  473M    0     0  2459k      0  0:25:26  0:03:17  0:22:09  579k
 12 3666M   12  473M    0     0  2448k      0  0:25:33  0:03:18  0:22:15  640k
 13 3666M   13  488M    0     0  2513k      0  0:24:53  0:03:19  0:21:34 3725k
 13 3666M   13  488M    0     0  2501k      0  0:25:01  0:03:20  0:21:41 3573k
 13 3666M   13  489M    0     0  2490k      0  0:25:07  0:03:21  0:21:46 3632k
 13 3666M   13  493M    0     0  2502k      0  0:25:00  0:03:22  0:21:38 4194k
 13 3666M   13  494M    0     0  2492k      0  0:25:06  0:03:23  0:21:43 4240k
 13 3666M   13  494M    0     0  2480k      0  0:25:13  0:03:24  0:21:49 1152k
 13 3666M   13  494M    0     0  2468k      0  0:25:20  0:03:25  0:21:55 1162k
 13 3666M   13  494M    0     0  2456k      0  0:25:28  0:03:26  0:22:02 1116k
 13 3666M   13  494M    0     0  2446k      0  0:25:34  0:03:27  0:22:07  222k
 13 3666M   13  510M    0     0  2509k      0  0:24:56  0:03:28  0:21:28 3209k
 13 3666M   13  511M    0     0  2503k      0  0:24:59  0:03:29  0:21:30 3445k
 14 3666M   14  517M    0     0  2522k      0  0:24:48  0:03:30  0:21:18 4735k
 14 3666M   14  525M    0     0  2550k      0  0:24:31  0:03:31  0:21:00 6424k
 14 3666M   14  532M    0     0  2568k      0  0:24:21  0:03:32  0:20:49 7646k
 14 3666M   14  532M    0     0  2558k      0  0:24:27  0:03:33  0:20:54 4573k
 14 3666M   14  532M    0     0  2546k      0  0:24:34  0:03:34  0:21:00 4344k
 14 3666M   14  537M    0     0  2558k      0  0:24:27  0:03:35  0:20:52 4076k
 14 3666M   14  549M    0     0  2601k      0  0:24:03  0:03:36  0:20:27 4739k
 14 3666M   14  549M    0     0  2589k      0  0:24:09  0:03:37  0:20:32 3483k
 15 3666M   15  550M    0     0  2585k      0  0:24:12  0:03:38  0:20:34 3751k
 15 3666M   15  550M    0     0  2573k      0  0:24:18  0:03:39  0:20:39 3756k
 15 3666M   15  551M    0     0  2564k      0  0:24:24  0:03:40  0:20:44 2805k
 15 3666M   15  551M    0     0  2552k      0  0:24:30  0:03:41  0:20:49  448k
 15 3666M   15  551M    0     0  2541k      0  0:24:37  0:03:42  0:20:55  450k
 15 3666M   15  560M    0     0  2574k      0  0:24:18  0:03:43  0:20:35 2074k
 15 3666M   15  566M    0     0  2587k      0  0:24:11  0:03:44  0:20:27 3184k
 15 3666M   15  566M    0     0  2578k      0  0:24:15  0:03:45  0:20:30 3218k
 15 3666M   15  567M    0     0  2567k      0  0:24:22  0:03:46  0:20:36 3246k
 15 3666M   15  567M    0     0  2556k      0  0:24:28  0:03:47  0:20:41 3223k
 15 3666M   15  570M    0     0  2560k      0  0:24:26  0:03:48  0:20:38 1970k
 15 3666M   15  582M    0     0  2601k      0  0:24:03  0:03:49  0:20:14 3233k
 15 3666M   15  582M    0     0  2591k      0  0:24:08  0:03:50  0:20:18 3181k
 15 3666M   15  585M    0     0  2593k      0  0:24:07  0:03:51  0:20:16 3755k
 15 3666M   15  585M    0     0  2582k      0  0:24:13  0:03:52  0:20:21 3757k
 15 3666M   15  585M    0     0  2572k      0  0:24:19  0:03:53  0:20:26 3112k
 15 3666M   15  585M    0     0  2562k      0  0:24:25  0:03:54  0:20:31  791k
 15 3666M   15  585M    0     0  2551k      0  0:24:31  0:03:55  0:20:36  717k
 15 3666M   15  586M    0     0  2542k      0  0:24:36  0:03:56  0:20:40  203k
 16 3666M   16  589M    0     0  2544k      0  0:24:35  0:03:57  0:20:38  758k
 16 3666M   16  601M    0     0  2585k      0  0:24:12  0:03:58  0:20:14 3182k
 16 3666M   16  601M    0     0  2574k      0  0:24:18  0:03:59  0:20:19 3130k
 16 3666M   16  605M    0     0  2580k      0  0:24:14  0:04:00  0:20:14 3950k
 16 3666M   16  605M    0     0  2572k      0  0:24:19  0:04:01  0:20:18 3987k
 16 3666M   16  605M    0     0  2562k      0  0:24:25  0:04:02  0:20:23 3423k
 16 3666M   16  605M    0     0  2551k      0  0:24:31  0:04:03  0:20:28  963k
 16 3666M   16  621M    0     0  2605k      0  0:24:00  0:04:04  0:19:56 4092k
 17 3666M   17  623M    0     0  2606k      0  0:24:00  0:04:05  0:19:55 3849k
 17 3666M   17  624M    0     0  2599k      0  0:24:04  0:04:06  0:19:58 3856k
 17 3666M   17  624M    0     0  2588k      0  0:24:10  0:04:07  0:20:03 3854k
 17 3666M   17  624M    0     0  2578k      0  0:24:16  0:04:08  0:20:08 3875k
 17 3666M   17  624M    0     0  2568k      0  0:24:21  0:04:09  0:20:12  723k
 17 3666M   17  626M    0     0  2564k      0  0:24:24  0:04:10  0:20:14  493k
 17 3666M   17  627M    0     0  2557k      0  0:24:27  0:04:11  0:20:16  528k
 17 3666M   17  627M    0     0  2547k      0  0:24:33  0:04:12  0:20:21  528k
 17 3666M   17  627M    0     0  2538k      0  0:24:39  0:04:13  0:20:26  530k
 17 3666M   17  627M    0     0  2528k      0  0:24:45  0:04:14  0:20:31  533k
 17 3666M   17  627M    0     0  2518k      0  0:24:50  0:04:15  0:20:35  211k
 17 3666M   17  635M    0     0  2540k      0  0:24:37  0:04:16  0:20:21 1686k
 17 3666M   17  635M    0     0  2531k      0  0:24:43  0:04:17  0:20:26 1696k
 17 3666M   17  649M    0     0  2577k      0  0:24:16  0:04:18  0:19:58 4590k
 17 3666M   17  650M    0     0  2570k      0  0:24:20  0:04:19  0:20:01 4743k
 17 3666M   17  650M    0     0  2561k      0  0:24:25  0:04:20  0:20:05 4767k
 17 3666M   17  650M    0     0  2551k      0  0:24:31  0:04:21  0:20:10 3115k
 17 3666M   17  651M    0     0  2545k      0  0:24:34  0:04:22  0:20:12 3287k
 17 3666M   17  651M    0     0  2536k      0  0:24:40  0:04:23  0:20:17  399k
 17 3666M   17  657M    0     0  2549k      0  0:24:32  0:04:24  0:20:08 1458k
 18 3666M   18  665M    0     0  2570k      0  0:24:20  0:04:25  0:19:55 3034k
 18 3666M   18  676M    0     0  2601k      0  0:24:03  0:04:26  0:19:37 5190k
 18 3666M   18  676M    0     0  2592k      0  0:24:08  0:04:27  0:19:41 5071k
 18 3666M   18  677M    0     0  2588k      0  0:24:10  0:04:28  0:19:42 5342k
 18 3666M   18  679M    0     0  2585k      0  0:24:11  0:04:29  0:19:42 4482k
 18 3666M   18  680M    0     0  2578k      0  0:24:15  0:04:30  0:19:45 3030k
 18 3666M   18  680M    0     0  2569k      0  0:24:21  0:04:31  0:19:50  863k
 18 3666M   18  680M    0     0  2559k      0  0:24:26  0:04:32  0:19:54  808k
 18 3666M   18  680M    0     0  2550k      0  0:24:31  0:04:33  0:19:58  535k
 18 3666M   18  680M    0     0  2542k      0  0:24:36  0:04:34  0:20:02  217k
 18 3666M   18  685M    0     0  2551k      0  0:24:31  0:04:35  0:19:56 1059k
 18 3666M   18  685M    0     0  2542k      0  0:24:37  0:04:36  0:20:01 1063k
 18 3666M   18  685M    0     0  2534k      0  0:24:41  0:04:37  0:20:04 1163k
 18 3666M   18  685M    0     0  2525k      0  0:24:46  0:04:38  0:20:08 1156k
 18 3666M   18  686M    0     0  2516k      0  0:24:51  0:04:39  0:20:12 1094k
 18 3666M   18  693M    0     0  2535k      0  0:24:40  0:04:40  0:20:00 1701k
 19 3666M   19  701M    0     0  2553k      0  0:24:30  0:04:41  0:19:49 3206k
 19 3666M   19  707M    0     0  2568k      0  0:24:21  0:04:42  0:19:39 4426k
 19 3666M   19  715M    0     0  2588k      0  0:24:10  0:04:43  0:19:27 6085k
 19 3666M   19  721M    0     0  2599k      0  0:24:04  0:04:44  0:19:20 7239k
 19 3666M   19  722M    0     0  2593k      0  0:24:07  0:04:45  0:19:22 5802k
 19 3666M   19  722M    0     0  2584k      0  0:24:12  0:04:46  0:19:26 4294k
 19 3666M   19  722M    0     0  2575k      0  0:24:17  0:04:47  0:19:30 2968k
 19 3666M   19  731M    0     0  2600k      0  0:24:03  0:04:48  0:19:15 3297k
 20 3666M   20  739M    0     0  2619k      0  0:23:53  0:04:49  0:19:04 3727k
 20 3666M   20  739M    0     0  2610k      0  0:23:58  0:04:50  0:19:08 3578k
 20 3666M   20  740M    0     0  2603k      0  0:24:02  0:04:51  0:19:11 3695k
 20 3666M   20  740M    0     0  2594k      0  0:24:07  0:04:52  0:19:15 3697k
 20 3666M   20  740M    0     0  2585k      0  0:24:11  0:04:53  0:19:18 1736k
 20 3666M   20  744M    0     0  2592k      0  0:24:08  0:04:54  0:19:14 1065k
 20 3666M   20  744M    0     0  2584k      0  0:24:12  0:04:55  0:19:17 1068k
 20 3666M   20  745M    0     0  2576k      0  0:24:17  0:04:56  0:19:21 1033k
 20 3666M   20  745M    0     0  2568k      0  0:24:21  0:04:57  0:19:24 1030k
 20 3666M   20  745M    0     0  2559k      0  0:24:26  0:04:58  0:19:28 1030k
 20 3666M   20  745M    0     0  2551k      0  0:24:31  0:04:59  0:19:32  106k
 20 3666M   20  745M    0     0  2544k      0  0:24:35  0:05:00  0:19:35  204k
 20 3666M   20  745M    0     0  2536k      0  0:24:40  0:05:01  0:19:39  135k
 20 3666M   20  749M    0     0  2541k      0  0:24:37  0:05:02  0:19:35  962k
 20 3666M   20  749M    0     0  2533k      0  0:24:42  0:05:03  0:19:39  959k
 20 3666M   20  749M    0     0  2525k      0  0:24:46  0:05:04  0:19:42  967k
 20 3666M   20  750M    0     0  2518k      0  0:24:50  0:05:05  0:19:45  927k
 20 3666M   20  751M    0     0  2513k      0  0:24:53  0:05:06  0:19:47 1127k
 20 3666M   20  762M    0     0  2543k      0  0:24:36  0:05:07  0:19:29 2643k
 20 3666M   20  763M    0     0  2538k      0  0:24:39  0:05:08  0:19:31 2837k
 20 3666M   20  763M    0     0  2530k      0  0:24:43  0:05:09  0:19:34 2837k
 20 3666M   20  763M    0     0  2522k      0  0:24:48  0:05:10  0:19:38 2775k
 20 3666M   20  769M    0     0  2531k      0  0:24:43  0:05:11  0:19:32 3651k
 20 3666M   20  769M    0     0  2523k      0  0:24:47  0:05:12  0:19:35 1297k
 20 3666M   20  769M    0     0  2515k      0  0:24:52  0:05:13  0:19:39 1106k
 20 3666M   20  769M    0     0  2507k      0  0:24:57  0:05:14  0:19:43 1098k
 20 3666M   20  769M    0     0  2499k      0  0:25:01  0:05:15  0:19:46 1105k
 20 3666M   20  769M    0     0  2493k      0  0:25:06  0:05:16  0:19:50  108k
 21 3666M   21  769M    0     0  2486k      0  0:25:10  0:05:17  0:19:53  167k
 21 3666M   21  772M    0     0  2485k      0  0:25:10  0:05:18  0:19:52  576k
 21 3666M   21  772M    0     0  2477k      0  0:25:15  0:05:19  0:19:56  576k
 21 3666M   21  772M    0     0  2469k      0  0:25:20  0:05:20  0:20:00  580k
 21 3666M   21  772M    0     0  2462k      0  0:25:24  0:05:21  0:20:03  513k
 21 3666M   21  772M    0     0  2455k      0  0:25:28  0:05:22  0:20:06  532k
 21 3666M   21  772M    0     0  2448k      0  0:25:33  0:05:23  0:20:10  124k
 21 3666M   21  782M    0     0  2471k      0  0:25:19  0:05:24  0:19:55 2099k
 21 3666M   21  782M    0     0  2465k      0  0:25:22  0:05:25  0:19:57 2183k
 21 3666M   21  782M    0     0  2458k      0  0:25:27  0:05:26  0:20:01 2181k
 21 3666M   21  782M    0     0  2450k      0  0:25:32  0:05:27  0:20:05 2106k
 21 3666M   21  782M    0     0  2443k      0  0:25:36  0:05:28  0:20:08 2115k
 21 3666M   21  782M    0     0  2436k      0  0:25:41  0:05:29  0:20:12  134k
 21 3666M   21  799M    0     0  2478k      0  0:25:14  0:05:30  0:19:44 3341k
 22 3666M   22  808M    0     0  2500k      0  0:25:01  0:05:31  0:19:30 5280k
 22 3666M   22  808M    0     0  2493k      0  0:25:05  0:05:32  0:19:33 5290k
 22 3666M   22  825M    0     0  2536k      0  0:24:40  0:05:33  0:19:07 8619k
 22 3666M   22  825M    0     0  2528k      0  0:24:44  0:05:34  0:19:10 8632k
 22 3666M   22  825M    0     0  2521k      0  0:24:49  0:05:35  0:19:14 5310k
 22 3666M   22  834M    0     0  2542k      0  0:24:36  0:05:36  0:19:00 5328k
 22 3666M   22  839M    0     0  2551k      0  0:24:31  0:05:37  0:18:54 6393k
 22 3666M   22  839M    0     0  2543k      0  0:24:35  0:05:38  0:18:57 3059k
 22 3666M   22  840M    0     0  2537k      0  0:24:39  0:05:39  0:19:00 3132k
 22 3666M   22  840M    0     0  2531k      0  0:24:42  0:05:40  0:19:02 3265k
 23 3666M   23  844M    0     0  2533k      0  0:24:41  0:05:41  0:19:00 1963k
 23 3666M   23  846M    0     0  2533k      0  0:24:42  0:05:42  0:19:00 1314k
 23 3666M   23  847M    0     0  2527k      0  0:24:45  0:05:43  0:19:02 1445k
 23 3666M   23  847M    0     0  2520k      0  0:24:49  0:05:44  0:19:05 1373k
 23 3666M   23  847M    0     0  2513k      0  0:24:53  0:05:45  0:19:08 1254k
 23 3666M   23  847M    0     0  2506k      0  0:24:58  0:05:46  0:19:12  571k
 23 3666M   23  847M    0     0  2499k      0  0:25:02  0:05:47  0:19:15  180k
 23 3666M   23  855M    0     0  2515k      0  0:24:52  0:05:48  0:19:04 1697k
 23 3666M   23  866M    0     0  2540k      0  0:24:37  0:05:49  0:18:48 3906k
 23 3666M   23  866M    0     0  2533k      0  0:24:41  0:05:50  0:18:51 3941k
 23 3666M   23  866M    0     0  2526k      0  0:24:46  0:05:51  0:18:55 3925k
 23 3666M   23  866M    0     0  2519k      0  0:24:50  0:05:52  0:18:58 3932k
 23 3666M   23  866M    0     0  2512k      0  0:24:54  0:05:53  0:19:01 2272k
 23 3666M   23  870M    0     0  2518k      0  0:24:50  0:05:54  0:18:56  955k
 23 3666M   23  878M    0     0  2533k      0  0:24:41  0:05:55  0:18:46 2522k
 23 3666M   23  878M    0     0  2527k      0  0:24:45  0:05:56  0:18:49 2582k
 23 3666M   23  879M    0     0  2522k      0  0:24:48  0:05:57  0:18:51 2695k
 23 3666M   23  879M    0     0  2515k      0  0:24:52  0:05:58  0:18:54 2697k
 23 3666M   23  879M    0     0  2508k      0  0:24:56  0:05:59  0:18:57 1792k
 24 3666M   24  888M    0     0  2525k      0  0:24:46  0:06:00  0:18:46 1928k
 24 3666M   24  895M    0     0  2539k      0  0:24:38  0:06:01  0:18:37 3437k
 24 3666M   24  904M    0     0  2558k      0  0:24:27  0:06:02  0:18:25 5145k
 24 3666M   24  904M    0     0  2551k      0  0:24:31  0:06:03  0:18:28 5163k
 25 3666M   25  921M    0     0  2590k      0  0:24:09  0:06:04  0:18:05 8492k
 25 3666M   25  924M    0     0  2591k      0  0:24:08  0:06:05  0:18:03 7357k
 25 3666M   25  924M    0     0  2584k      0  0:24:12  0:06:06  0:18:06 5798k
 25 3666M   25  924M    0     0  2577k      0  0:24:16  0:06:07  0:18:09 3983k
 25 3666M   25  924M    0     0  2570k      0  0:24:20  0:06:08  0:18:12 3967k
 25 3666M   25  924M    0     0  2563k      0  0:24:24  0:06:09  0:18:15  581k
 25 3666M   25  924M    0     0  2557k      0  0:24:28  0:06:10  0:18:18 41895
 25 3666M   25  924M    0     0  2550k      0  0:24:32  0:06:11  0:18:21 39241
 25 3666M   25  924M    0     0  2543k      0  0:24:36  0:06:12  0:18:24 38882
 25 3666M   25  924M    0     0  2536k      0  0:24:40  0:06:13  0:18:27 38837
 25 3666M   25  924M    0     0  2529k      0  0:24:44  0:06:14  0:18:30 38912
 25 3666M   25  924M    0     0  2523k      0  0:24:47  0:06:15  0:18:32 38772
 25 3666M   25  924M    0     0  2516k      0  0:24:51  0:06:16  0:18:35 39011
 25 3666M   25  924M    0     0  2510k      0  0:24:55  0:06:17  0:18:38 39298
 25 3666M   25  924M    0     0  2503k      0  0:24:59  0:06:18  0:18:41 39313
 25 3666M   25  928M    0     0  2509k      0  0:24:56  0:06:19  0:18:37  942k
 25 3666M   25  931M    0     0  2510k      0  0:24:55  0:06:20  0:18:35 1533k
 25 3666M   25  940M    0     0  2526k      0  0:24:46  0:06:21  0:18:25 3215k
 25 3666M   25  940M    0     0  2519k      0  0:24:50  0:06:22  0:18:28 3245k
 25 3666M   25  940M    0     0  2513k      0  0:24:54  0:06:23  0:18:31 3218k
 25 3666M   25  940M    0     0  2507k      0  0:24:57  0:06:24  0:18:33 2375k
 25 3666M   25  943M    0     0  2507k      0  0:24:57  0:06:25  0:18:32 2320k
 25 3666M   25  943M    0     0  2501k      0  0:25:00  0:06:26  0:18:34  629k
 25 3666M   25  943M    0     0  2495k      0  0:25:04  0:06:27  0:18:37  627k
 25 3666M   25  943M    0     0  2488k      0  0:25:08  0:06:28  0:18:40  629k
 25 3666M   25  943M    0     0  2482k      0  0:25:12  0:06:29  0:18:43  572k
 25 3666M   25  946M    0     0  2483k      0  0:25:11  0:06:30  0:18:41  585k
 25 3666M   25  949M    0     0  2486k      0  0:25:10  0:06:31  0:18:39 1311k
 25 3666M   25  950M    0     0  2481k      0  0:25:12  0:06:32  0:18:40 1439k
 25 3666M   25  950M    0     0  2475k      0  0:25:16  0:06:33  0:18:43 1439k
 25 3666M   25  950M    0     0  2469k      0  0:25:20  0:06:34  0:18:46 1447k
 25 3666M   25  950M    0     0  2463k      0  0:25:24  0:06:35  0:18:49  894k
 25 3666M   25  950M    0     0  2456k      0  0:25:28  0:06:36  0:18:52  169k
 26 3666M   26  956M    0     0  2466k      0  0:25:22  0:06:37  0:18:45 1255k
 26 3666M   26  956M    0     0  2461k      0  0:25:25  0:06:38  0:18:47 1330k
 26 3666M   26  957M    0     0  2456k      0  0:25:28  0:06:39  0:18:49 1441k
 26 3666M   26  957M    0     0  2450k      0  0:25:32  0:06:40  0:18:52 1443k
 26 3666M   26  965M    0     0  2463k      0  0:25:23  0:06:41  0:18:42 2992k
 26 3666M   26  971M    0     0  2474k      0  0:25:17  0:06:42  0:18:35 3146k
 26 3666M   26  971M    0     0  2468k      0  0:25:20  0:06:43  0:18:37 3091k
 26 3666M   26  972M    0     0  2463k      0  0:25:23  0:06:44  0:18:39 3036k
 26 3666M   26  972M    0     0  2458k      0  0:25:26  0:06:45  0:18:41 3143k
 26 3666M   26  972M    0     0  2452k      0  0:25:30  0:06:46  0:18:44 1599k
 26 3666M   26  972M    0     0  2446k      0  0:25:34  0:06:47  0:18:47  207k
 26 3666M   26  988M    0     0  2478k      0  0:25:14  0:06:48  0:18:26 3204k
 27 3666M   27  994M    0     0  2488k      0  0:25:08  0:06:49  0:18:19 4524k
 27 3666M   27  994M    0     0  2483k      0  0:25:12  0:06:50  0:18:22 4428k
 27 3666M   27  994M    0     0  2476k      0  0:25:15  0:06:51  0:18:24 4422k
 27 3666M   27  994M    0     0  2471k      0  0:25:19  0:06:52  0:18:27 4467k
 27 3666M   27  994M    0     0  2465k      0  0:25:22  0:06:53  0:18:29 1325k
 27 3666M   27  997M    0     0  2466k      0  0:25:22  0:06:54  0:18:28  629k
 27 3666M   27  997M    0     0  2460k      0  0:25:25  0:06:55  0:18:30  627k
 27 3666M   27  997M    0     0  2455k      0  0:25:29  0:06:56  0:18:33  687k
 27 3666M   27  999M    0     0  2454k      0  0:25:29  0:06:57  0:18:32 1036k
 27 3666M   27  999M    0     0  2448k      0  0:25:33  0:06:58  0:18:35 1032k
 27 3666M   27  999M    0     0  2442k      0  0:25:36  0:06:59  0:18:37  491k
 27 3666M   27  999M    0     0  2437k      0  0:25:40  0:07:00  0:18:40  489k
 27 3666M   27 1000M    0     0  2432k      0  0:25:43  0:07:01  0:18:42  475k
 27 3666M   27 1000M    0     0  2427k      0  0:25:46  0:07:02  0:18:44  213k
 27 3666M   27 1000M    0     0  2422k      0  0:25:50  0:07:03  0:18:47  211k
 27 3666M   27 1008M    0     0  2434k      0  0:25:42  0:07:04  0:18:38 1707k
 27 3666M   27 1009M    0     0  2431k      0  0:25:44  0:07:05  0:18:39 1937k
 27 3666M   27 1017M    0     0  2444k      0  0:25:36  0:07:06  0:18:30 3465k
 27 3666M   27 1017M    0     0  2438k      0  0:25:39  0:07:07  0:18:32 3324k
 27 3666M   27 1017M    0     0  2434k      0  0:25:42  0:07:08  0:18:34 3440k
 27 3666M   27 1017M    0     0  2428k      0  0:25:45  0:07:09  0:18:36 1963k
 27 3666M   27 1017M    0     0  2423k      0  0:25:49  0:07:10  0:18:39 1730k
 27 3666M   27 1017M    0     0  2417k      0  0:25:53  0:07:11  0:18:42  150k
 27 3666M   27 1017M    0     0  2412k      0  0:25:56  0:07:12  0:18:44  151k
 27 3666M   27 1025M    0     0  2424k      0  0:25:48  0:07:13  0:18:35 1583k
 27 3666M   27 1025M    0     0  2418k      0  0:25:52  0:07:14  0:18:38 1574k
 27 3666M   27 1025M    0     0  2413k      0  0:25:55  0:07:15  0:18:40 1581k
 27 3666M   27 1026M    0     0  2409k      0  0:25:57  0:07:16  0:18:41 1757k
 27 3666M   27 1026M    0     0  2404k      0  0:26:01  0:07:17  0:18:44 1755k
 27 3666M   27 1026M    0     0  2399k      0  0:26:04  0:07:18  0:18:46  209k
 27 3666M   27 1026M    0     0  2393k      0  0:26:08  0:07:19  0:18:49  207k
 28 3666M   28 1041M    0     0  2424k      0  0:25:48  0:07:20  0:18:28 3350k
 28 3666M   28 1042M    0     0  2419k      0  0:25:51  0:07:21  0:18:30 3244k
 28 3666M   28 1054M    0     0  2441k      0  0:25:37  0:07:22  0:18:15 5656k
 28 3666M   28 1060M    0     0  2450k      0  0:25:32  0:07:23  0:18:09 6953k
 28 3666M   28 1061M    0     0  2448k      0  0:25:33  0:07:24  0:18:09 7276k
 29 3666M   29 1072M    0     0  2466k      0  0:25:22  0:07:25  0:17:57 6188k
 29 3666M   29 1072M    0     0  2462k      0  0:25:24  0:07:26  0:17:58 6234k
 29 3666M   29 1085M    0     0  2484k      0  0:25:10  0:07:27  0:17:43 6313k
 29 3666M   29 1085M    0     0  2480k      0  0:25:13  0:07:28  0:17:45 5168k
 29 3666M   29 1085M    0     0  2475k      0  0:25:16  0:07:29  0:17:47 4858k
 29 3666M   29 1085M    0     0  2470k      0  0:25:19  0:07:30  0:17:49 2795k
 29 3666M   29 1085M    0     0  2464k      0  0:25:23  0:07:31  0:17:52 2698k
 29 3666M   29 1087M    0     0  2463k      0  0:25:24  0:07:32  0:17:52  516k
 29 3666M   29 1087M    0     0  2457k      0  0:25:27  0:07:33  0:17:54  393k
 29 3666M   29 1088M    0     0  2453k      0  0:25:30  0:07:34  0:17:56  485k
 29 3666M   29 1088M    0     0  2448k      0  0:25:33  0:07:35  0:17:58  488k
 29 3666M   29 1088M    0     0  2443k      0  0:25:36  0:07:36  0:18:00  483k
 29 3666M   29 1088M    0     0  2439k      0  0:25:39  0:07:37  0:18:02  281k
 29 3666M   29 1089M    0     0  2436k      0  0:25:41  0:07:38  0:18:03  470k
 29 3666M   29 1090M    0     0  2431k      0  0:25:44  0:07:39  0:18:05  380k
 29 3666M   29 1090M    0     0  2426k      0  0:25:47  0:07:40  0:18:07  424k
 29 3666M   29 1091M    0     0  2422k      0  0:25:49  0:07:41  0:18:08  568k
 29 3666M   29 1091M    0     0  2419k      0  0:25:52  0:07:42  0:18:10  562k
 29 3666M   29 1096M    0     0  2425k      0  0:25:48  0:07:43  0:18:05 1406k
 29 3666M   29 1097M    0     0  2420k      0  0:25:51  0:07:44  0:18:07 1456k
 29 3666M   29 1097M    0     0  2415k      0  0:25:54  0:07:45  0:18:09 1416k
 29 3666M   29 1097M    0     0  2411k      0  0:25:56  0:07:46  0:18:10 1394k
 29 3666M   29 1097M    0     0  2406k      0  0:26:00  0:07:47  0:18:13 1264k
 29 3666M   29 1097M    0     0  2401k      0  0:26:03  0:07:48  0:18:15  222k
 30 3666M   30 1111M    0     0  2426k      0  0:25:47  0:07:49  0:17:58 2934k
 30 3666M   30 1112M    0     0  2422k      0  0:25:50  0:07:50  0:18:00 3043k
 30 3666M   30 1112M    0     0  2417k      0  0:25:53  0:07:51  0:18:02 2939k
 30 3666M   30 1112M    0     0  2412k      0  0:25:56  0:07:52  0:18:04 2919k
 30 3666M   30 1128M    0     0  2441k      0  0:25:37  0:07:53  0:17:44 6199k
 30 3666M   30 1135M    0     0  2453k      0  0:25:30  0:07:54  0:17:36 5016k
 30 3666M   30 1135M    0     0  2448k      0  0:25:33  0:07:55  0:17:38 4906k
 30 3666M   30 1136M    0     0  2443k      0  0:25:36  0:07:56  0:17:40 4941k
 31 3666M   31 1151M    0     0  2470k      0  0:25:19  0:07:57  0:17:22 7951k
 31 3666M   31 1152M    0     0  2467k      0  0:25:21  0:07:58  0:17:23 4940k
 31 3666M   31 1153M    0     0  2464k      0  0:25:23  0:07:59  0:17:24 3563k
 31 3666M   31 1153M    0     0  2459k      0  0:25:26  0:08:00  0:17:26 3564k
 31 3666M   31 1169M    0     0  2489k      0  0:25:08  0:08:01  0:17:07 6818k
 31 3666M   31 1169M    0     0  2484k      0  0:25:11  0:08:02  0:17:09 3800k
 32 3666M   32 1178M    0     0  2497k      0  0:25:03  0:08:03  0:17:00 5351k
 32 3666M   32 1181M    0     0  2498k      0  0:25:02  0:08:04  0:16:58 5715k
 32 3666M   32 1181M    0     0  2493k      0  0:25:05  0:08:05  0:17:00 5747k
 32 3666M   32 1181M    0     0  2489k      0  0:25:08  0:08:06  0:17:02 2482k
 32 3666M   32 1185M    0     0  2493k      0  0:25:05  0:08:07  0:16:58 3352k
 32 3666M   32 1186M    0     0  2488k      0  0:25:09  0:08:08  0:17:01 1560k
 32 3666M   32 1186M    0     0  2484k      0  0:25:10  0:08:09  0:17:01 1135k
 32 3666M   32 1186M    0     0  2479k      0  0:25:14  0:08:10  0:17:04 1131k
 32 3666M   32 1186M    0     0  2474k      0  0:25:17  0:08:11  0:17:06 1080k
 32 3666M   32 1190M    0     0  2478k      0  0:25:15  0:08:12  0:17:03 1018k
 32 3666M   32 1190M    0     0  2473k      0  0:25:18  0:08:13  0:17:05 1019k
 32 3666M   32 1191M    0     0  2469k      0  0:25:20  0:08:14  0:17:06  959k
 32 3666M   32 1191M    0     0  2464k      0  0:25:23  0:08:15  0:17:08  959k
 32 3666M   32 1196M    0     0  2469k      0  0:25:20  0:08:16  0:17:04 1897k
 32 3666M   32 1206M    0     0  2485k      0  0:25:10  0:08:17  0:16:53 3210k
 33 3666M   33 1211M    0     0  2490k      0  0:25:07  0:08:18  0:16:49 4249k
 33 3666M   33 1223M    0     0  2509k      0  0:24:55  0:08:19  0:16:36 6523k
 33 3666M   33 1232M    0     0  2524k      0  0:24:47  0:08:20  0:16:27 8454k
 33 3666M   33 1233M    0     0  2519k      0  0:24:50  0:08:21  0:16:29 7534k
 33 3666M   33 1233M    0     0  2515k      0  0:24:52  0:08:22  0:16:30 5454k
 33 3666M   33 1242M    0     0  2529k      0  0:24:44  0:08:23  0:16:21 6319k
 33 3666M   33 1242M    0     0  2523k      0  0:24:47  0:08:24  0:16:23 3893k
 33 3666M   33 1242M    0     0  2519k      0  0:24:50  0:08:25  0:16:25 1983k
 33 3666M   33 1243M    0     0  2515k      0  0:24:52  0:08:26  0:16:26 2095k
 33 3666M   33 1243M    0     0  2510k      0  0:24:55  0:08:27  0:16:28 2063k
 33 3666M   33 1243M    0     0  2505k      0  0:24:58  0:08:28  0:16:30  161k
 33 3666M   33 1245M    0     0  2505k      0  0:24:58  0:08:29  0:16:29  584k
 34 3666M   34 1259M    0     0  2528k      0  0:24:45  0:08:30  0:16:15 3449k
 34 3666M   34 1260M    0     0  2524k      0  0:24:47  0:08:31  0:16:16 3442k
 34 3666M   34 1262M    0     0  2524k      0  0:24:47  0:08:32  0:16:15 3953k
 34 3666M   34 1263M    0     0  2520k      0  0:24:49  0:08:33  0:16:16 4041k
 34 3666M   34 1263M    0     0  2515k      0  0:24:52  0:08:34  0:16:18 3628k
 34 3666M   34 1263M    0     0  2511k      0  0:24:55  0:08:35  0:16:20  762k
 34 3666M   34 1263M    0     0  2506k      0  0:24:57  0:08:36  0:16:21  714k
 34 3666M   34 1263M    0     0  2502k      0  0:25:00  0:08:37  0:16:23  201k
 34 3666M   34 1263M    0     0  2497k      0  0:25:03  0:08:38  0:16:25  106k
 34 3666M   34 1263M    0     0  2492k      0  0:25:06  0:08:39  0:16:27  108k
 34 3666M   34 1271M    0     0  2503k      0  0:24:59  0:08:40  0:16:19 1738k
 34 3666M   34 1271M    0     0  2498k      0  0:25:02  0:08:41  0:16:21 1667k
 34 3666M   34 1272M    0     0  2494k      0  0:25:04  0:08:42  0:16:22 1741k
 34 3666M   34 1272M    0     0  2490k      0  0:25:07  0:08:43  0:16:24 1743k
 35 3666M   35 1287M    0     0  2515k      0  0:24:52  0:08:44  0:16:08 4833k
 35 3666M   35 1288M    0     0  2512k      0  0:24:54  0:08:45  0:16:09 3426k
 35 3666M   35 1290M    0     0  2510k      0  0:24:55  0:08:46  0:16:09 3766k
 35 3666M   35 1290M    0     0  2506k      0  0:24:58  0:08:47  0:16:11 3693k
 35 3666M   35 1290M    0     0  2502k      0  0:25:00  0:08:48  0:16:12 3790k
 35 3666M   35 1290M    0     0  2498k      0  0:25:03  0:08:49  0:16:14  708k
 35 3666M   35 1290M    0     0  2493k      0  0:25:05  0:08:50  0:16:15  497k
 35 3666M   35 1296M    0     0  2498k      0  0:25:02  0:08:51  0:16:11 1235k
 35 3666M   35 1305M    0     0  2513k      0  0:24:53  0:08:52  0:16:01 3244k
 35 3666M   35 1307M    0     0  2511k      0  0:24:54  0:08:53  0:16:01 3476k
 35 3666M   35 1307M    0     0  2507k      0  0:24:57  0:08:54  0:16:03 3468k
 35 3666M   35 1307M    0     0  2502k      0  0:25:00  0:08:55  0:16:05 3470k
 35 3666M   35 1308M    0     0  2498k      0  0:25:02  0:08:56  0:16:06 2484k
 35 3666M   35 1313M    0     0  2504k      0  0:24:59  0:08:57  0:16:02 1596k
 35 3666M   35 1313M    0     0  2500k      0  0:25:01  0:08:58  0:16:03 1247k
 35 3666M   35 1313M    0     0  2495k      0  0:25:04  0:08:59  0:16:05 1244k
 35 3666M   35 1314M    0     0  2492k      0  0:25:06  0:09:00  0:16:06 1375k
 35 3666M   35 1314M    0     0  2487k      0  0:25:09  0:09:01  0:16:08 1283k
 35 3666M   35 1314M    0     0  2483k      0  0:25:12  0:09:02  0:16:10  175k
 35 3666M   35 1314M    0     0  2478k      0  0:25:14  0:09:03  0:16:11  170k
 35 3666M   35 1319M    0     0  2482k      0  0:25:12  0:09:04  0:16:08 1068k
 36 3666M   36 1329M    0     0  2498k      0  0:25:02  0:09:05  0:15:57 3156k
 36 3666M   36 1334M    0     0  2502k      0  0:25:00  0:09:06  0:15:54 4167k
 36 3666M   36 1335M    0     0  2499k      0  0:25:02  0:09:07  0:15:55 4234k
 36 3666M   36 1335M    0     0  2494k      0  0:25:05  0:09:08  0:15:57 4249k
 36 3666M   36 1335M    0     0  2490k      0  0:25:07  0:09:09  0:15:58 3329k
 36 3666M   36 1335M    0     0  2486k      0  0:25:09  0:09:10  0:15:59 1231k
 36 3666M   36 1337M    0     0  2482k      0  0:25:12  0:09:11  0:16:01  433k
 36 3666M   36 1341M    0     0  2487k      0  0:25:09  0:09:12  0:15:57 1240k
 36 3666M   36 1341M    0     0  2484k      0  0:25:11  0:09:13  0:15:58 1324k
 36 3666M   36 1345M    0     0  2487k      0  0:25:09  0:09:14  0:15:55 2161k
 36 3666M   36 1345M    0     0  2482k      0  0:25:12  0:09:15  0:15:57 2037k
 36 3666M   36 1346M    0     0  2478k      0  0:25:14  0:09:16  0:15:58 1967k
 37 3666M   37 1358M    0     0  2496k      0  0:25:03  0:09:17  0:15:46 3516k
 37 3666M   37 1362M    0     0  2499k      0  0:25:02  0:09:18  0:15:44 4187k
 37 3666M   37 1370M    0     0  2510k      0  0:24:55  0:09:19  0:15:36 5139k
 37 3666M   37 1371M    0     0  2506k      0  0:24:57  0:09:20  0:15:37 5204k
 37 3666M   37 1371M    0     0  2503k      0  0:24:59  0:09:21  0:15:38 5278k
 37 3666M   37 1371M    0     0  2499k      0  0:25:02  0:09:22  0:15:40 2754k
 37 3666M   37 1371M    0     0  2494k      0  0:25:04  0:09:23  0:15:41 2002k
 37 3666M   37 1372M    0     0  2490k      0  0:25:07  0:09:24  0:15:43  222k
 37 3666M   37 1376M    0     0  2494k      0  0:25:05  0:09:25  0:15:40 1075k
 37 3666M   37 1378M    0     0  2493k      0  0:25:05  0:09:26  0:15:39 1374k
 37 3666M   37 1389M    0     0  2508k      0  0:24:56  0:09:27  0:15:29 3552k
 37 3666M   37 1389M    0     0  2504k      0  0:24:59  0:09:28  0:15:31 3557k
 37 3666M   37 1389M    0     0  2499k      0  0:25:01  0:09:29  0:15:32 3564k
 37 3666M   37 1389M    0     0  2495k      0  0:25:04  0:09:30  0:15:34 2680k
 37 3666M   37 1392M    0     0  2497k      0  0:25:03  0:09:31  0:15:32 2908k
 37 3666M   37 1392M    0     0  2492k      0  0:25:06  0:09:32  0:15:34  710k
 37 3666M   37 1392M    0     0  2488k      0  0:25:08  0:09:33  0:15:35  709k
 38 3666M   38 1393M    0     0  2485k      0  0:25:10  0:09:34  0:15:36  792k
 38 3666M   38 1393M    0     0  2480k      0  0:25:13  0:09:35  0:15:38  757k
 38 3666M   38 1396M    0     0  2481k      0  0:25:12  0:09:36  0:15:36  702k
 38 3666M   38 1403M    0     0  2490k      0  0:25:07  0:09:37  0:15:30 2252k
 38 3666M   38 1404M    0     0  2487k      0  0:25:09  0:09:38  0:15:31 2313k
 38 3666M   38 1404M    0     0  2482k      0  0:25:12  0:09:39  0:15:33 2246k
 38 3666M   38 1406M    0     0  2483k      0  0:25:11  0:09:40  0:15:31 2787k
 38 3666M   38 1416M    0     0  2496k      0  0:25:03  0:09:41  0:15:22 4223k
 38 3666M   38 1421M    0     0  2500k      0  0:25:01  0:09:42  0:15:19 3666k
 38 3666M   38 1421M    0     0  2496k      0  0:25:03  0:09:43  0:15:20 3596k
 38 3666M   38 1421M    0     0  2492k      0  0:25:06  0:09:44  0:15:22 3597k
 39 3666M   39 1434M    0     0  2509k      0  0:24:55  0:09:45  0:15:10 5576k
 39 3666M   39 1438M    0     0  2512k      0  0:24:54  0:09:46  0:15:08 4411k
 39 3666M   39 1451M    0     0  2530k      0  0:24:43  0:09:47  0:14:56 5994k
 39 3666M   39 1451M    0     0  2528k      0  0:24:45  0:09:48  0:14:57 6188k
 39 3666M   39 1452M    0     0  2523k      0  0:24:47  0:09:49  0:14:58 6159k
 39 3666M   39 1452M    0     0  2519k      0  0:24:50  0:09:50  0:15:00 3673k
 39 3666M   39 1452M    0     0  2515k      0  0:24:52  0:09:51  0:15:01 2809k
 39 3666M   39 1455M    0     0  2516k      0  0:24:51  0:09:52  0:14:59  858k
 40 3666M   40 1468M    0     0  2535k      0  0:24:40  0:09:53  0:14:47 3381k
 40 3666M   40 1468M    0     0  2530k      0  0:24:43  0:09:54  0:14:49 3372k
 40 3666M   40 1468M    0     0  2526k      0  0:24:45  0:09:55  0:14:50 3371k
 40 3666M   40 1468M    0     0  2522k      0  0:24:48  0:09:56  0:14:52 3393k
 40 3666M   40 1469M    0     0  2520k      0  0:24:49  0:09:57  0:14:52 2935k
 40 3666M   40 1484M    0     0  2541k      0  0:24:37  0:09:58  0:14:39 3337k
 40 3666M   40 1484M    0     0  2537k      0  0:24:39  0:09:59  0:14:40 3338k
 40 3666M   40 1494M    0     0  2549k      0  0:24:32  0:10:00  0:14:32 5264k
 40 3666M   40 1499M    0     0  2553k      0  0:24:30  0:10:01  0:14:29 6249k
 40 3666M   40 1499M    0     0  2550k      0  0:24:32  0:10:02  0:14:30 6145k
 40 3666M   40 1499M    0     0  2546k      0  0:24:34  0:10:03  0:14:31 3043k
 40 3666M   40 1499M    0     0  2542k      0  0:24:36  0:10:04  0:14:32 3115k
 40 3666M   40 1499M    0     0  2538k      0  0:24:39  0:10:05  0:14:34 1183k
 41 3666M   41 1515M    0     0  2560k      0  0:24:26  0:10:06  0:14:20 3383k
 41 3666M   41 1516M    0     0  2557k      0  0:24:28  0:10:07  0:14:21 3391k
 41 3666M   41 1516M    0     0  2553k      0  0:24:30  0:10:08  0:14:22 3411k
 41 3666M   41 1531M    0     0  2575k      0  0:24:17  0:10:09  0:14:08 6541k
 41 3666M   41 1531M    0     0  2570k      0  0:24:20  0:10:10  0:14:10 6513k
 41 3666M   41 1532M    0     0  2568k      0  0:24:21  0:10:11  0:14:10 3506k
 41 3666M   41 1536M    0     0  2570k      0  0:24:20  0:10:12  0:14:08 4234k
 41 3666M   41 1536M    0     0  2566k      0  0:24:22  0:10:13  0:14:09 4209k
 41 3666M   41 1537M    0     0  2563k      0  0:24:24  0:10:14  0:14:10 1169k
 41 3666M   41 1537M    0     0  2559k      0  0:24:26  0:10:15  0:14:11 1169k
 41 3666M   41 1537M    0     0  2555k      0  0:24:29  0:10:16  0:14:13 1007k
 41 3666M   41 1537M    0     0  2551k      0  0:24:31  0:10:17  0:14:14  177k
 41 3666M   41 1537M    0     0  2547k      0  0:24:33  0:10:18  0:14:15  176k
 42 3666M   42 1555M    0     0  2573k      0  0:24:19  0:10:19  0:14:00 3708k
 42 3666M   42 1558M    0     0  2573k      0  0:24:19  0:10:20  0:13:59 4264k
 42 3666M   42 1558M    0     0  2569k      0  0:24:21  0:10:21  0:14:00 4256k
 42 3666M   42 1558M    0     0  2565k      0  0:24:23  0:10:22  0:14:01 4257k
 42 3666M   42 1558M    0     0  2561k      0  0:24:26  0:10:23  0:14:03 4233k
 42 3666M   42 1558M    0     0  2557k      0  0:24:28  0:10:24  0:14:04  572k
 42 3666M   42 1558M    0     0  2553k      0  0:24:30  0:10:25  0:14:05  126k
 42 3666M   42 1559M    0     0  2549k      0  0:24:32  0:10:26  0:14:06  129k
 42 3666M   42 1568M    0     0  2561k      0  0:24:25  0:10:27  0:13:58 2077k
 42 3666M   42 1568M    0     0  2557k      0  0:24:28  0:10:28  0:14:00 2090k
 42 3666M   42 1568M    0     0  2553k      0  0:24:30  0:10:29  0:14:01 2075k
 43 3666M   43 1584M    0     0  2575k      0  0:24:17  0:10:30  0:13:47 5300k
 43 3666M   43 1590M    0     0  2580k      0  0:24:14  0:10:31  0:13:43 6424k
 43 3666M   43 1591M    0     0  2577k      0  0:24:16  0:10:32  0:13:44 4655k
 43 3666M   43 1591M    0     0  2573k      0  0:24:18  0:10:33  0:13:45 4630k
 43 3666M   43 1606M    0     0  2594k      0  0:24:07  0:10:34  0:13:33 7788k
 43 3666M   43 1608M    0     0  2592k      0  0:24:08  0:10:35  0:13:33 4786k
 43 3666M   43 1608M    0     0  2588k      0  0:24:10  0:10:36  0:13:34 3620k
 43 3666M   43 1608M    0     0  2585k      0  0:24:12  0:10:37  0:13:35 3511k
 43 3666M   43 1608M    0     0  2581k      0  0:24:14  0:10:38  0:13:36 3531k
 43 3666M   43 1611M    0     0  2581k      0  0:24:14  0:10:39  0:13:35  921k
 44 3666M   44 1625M    0     0  2599k      0  0:24:04  0:10:40  0:13:24 3511k
 44 3666M   44 1625M    0     0  2596k      0  0:24:06  0:10:41  0:13:25 3534k
 44 3666M   44 1625M    0     0  2592k      0  0:24:08  0:10:42  0:13:26 3487k
 44 3666M   44 1625M    0     0  2588k      0  0:24:10  0:10:43  0:13:27 3466k
 44 3666M   44 1625M    0     0  2584k      0  0:24:12  0:10:44  0:13:28 3033k
 44 3666M   44 1640M    0     0  2603k      0  0:24:01  0:10:45  0:13:16 3099k
 44 3666M   44 1642M    0     0  2602k      0  0:24:02  0:10:46  0:13:16 3417k
 44 3666M   44 1642M    0     0  2598k      0  0:24:04  0:10:47  0:13:17 3471k
 44 3666M   44 1649M    0     0  2606k      0  0:24:00  0:10:48  0:13:12 4991k
 45 3666M   45 1655M    0     0  2612k      0  0:23:57  0:10:49  0:13:08 6145k
 45 3666M   45 1659M    0     0  2613k      0  0:23:56  0:10:50  0:13:06 3851k
 45 3666M   45 1659M    0     0  2609k      0  0:23:58  0:10:51  0:13:07 3532k
 45 3666M   45 1659M    0     0  2606k      0  0:24:00  0:10:52  0:13:08 3602k
 45 3666M   45 1660M    0     0  2602k      0  0:24:02  0:10:53  0:13:09 2110k
 45 3666M   45 1660M    0     0  2598k      0  0:24:04  0:10:54  0:13:10  870k
 45 3666M   45 1660M    0     0  2594k      0  0:24:06  0:10:55  0:13:11  172k
 45 3666M   45 1660M    0     0  2591k      0  0:24:09  0:10:56  0:13:13  173k
 45 3666M   45 1670M    0     0  2602k      0  0:24:02  0:10:57  0:13:05 2074k
 45 3666M   45 1670M    0     0  2598k      0  0:24:04  0:10:58  0:13:06 2110k
 45 3666M   45 1670M    0     0  2595k      0  0:24:06  0:10:59  0:13:07 2120k
 45 3666M   45 1670M    0     0  2591k      0  0:24:08  0:11:00  0:13:08 2174k
 46 3666M   46 1687M    0     0  2613k      0  0:23:56  0:11:01  0:12:55 5539k
 46 3666M   46 1687M    0     0  2609k      0  0:23:58  0:11:02  0:12:56 3545k
 46 3666M   46 1693M    0     0  2615k      0  0:23:55  0:11:03  0:12:52 4814k
 46 3666M   46 1702M    0     0  2625k      0  0:23:50  0:11:04  0:12:46 6583k
 46 3666M   46 1711M    0     0  2634k      0  0:23:45  0:11:05  0:12:40 8314k
 46 3666M   46 1719M    0     0  2643k      0  0:23:40  0:11:06  0:12:34 6638k
 46 3666M   46 1719M    0     0  2639k      0  0:23:42  0:11:07  0:12:35 6603k
 46 3666M   46 1719M    0     0  2635k      0  0:23:44  0:11:08  0:12:36 5322k
 46 3666M   46 1720M    0     0  2632k      0  0:23:46  0:11:09  0:12:37 3649k
 47 3666M   47 1724M    0     0  2635k      0  0:23:44  0:11:10  0:12:34 2785k
 47 3666M   47 1736M    0     0  2650k      0  0:23:36  0:11:11  0:12:25 3528k
 47 3666M   47 1736M    0     0  2646k      0  0:23:38  0:11:12  0:12:26 3524k
 47 3666M   47 1736M    0     0  2642k      0  0:23:40  0:11:13  0:12:27 3506k
 47 3666M   47 1745M    0     0  2651k      0  0:23:36  0:11:14  0:12:22 5093k
 47 3666M   47 1757M    0     0  2665k      0  0:23:28  0:11:15  0:12:13 6710k
 47 3666M   47 1757M    0     0  2661k      0  0:23:30  0:11:16  0:12:14 4236k
 47 3666M   47 1757M    0     0  2658k      0  0:23:32  0:11:17  0:12:15 4237k
 47 3666M   47 1757M    0     0  2654k      0  0:23:34  0:11:18  0:12:16 4259k
 47 3666M   47 1757M    0     0  2650k      0  0:23:36  0:11:19  0:12:17 2553k
 47 3666M   47 1757M    0     0  2646k      0  0:23:38  0:11:20  0:12:18 39368
 47 3666M   47 1757M    0     0  2642k      0  0:23:40  0:11:21  0:12:19 42012
 47 3666M   47 1758M    0     0  2639k      0  0:23:42  0:11:22  0:12:20 96450
 47 3666M   47 1758M    0     0  2636k      0  0:23:44  0:11:23  0:12:21  163k
 48 3666M   48 1767M    0     0  2645k      0  0:23:39  0:11:24  0:12:15 2024k
 48 3666M   48 1771M    0     0  2647k      0  0:23:38  0:11:25  0:12:13 2781k
 48 3666M   48 1771M    0     0  2643k      0  0:23:40  0:11:26  0:12:14 2794k
 48 3666M   48 1771M    0     0  2640k      0  0:23:42  0:11:27  0:12:15 2732k
 48 3666M   48 1771M    0     0  2636k      0  0:23:43  0:11:28  0:12:15 2762k
 48 3666M   48 1787M    0     0  2655k      0  0:23:33  0:11:29  0:12:04 4012k
 48 3666M   48 1787M    0     0  2652k      0  0:23:35  0:11:30  0:12:05 3370k
 48 3666M   48 1790M    0     0  2652k      0  0:23:35  0:11:31  0:12:04 3839k
 49 3666M   49 1796M    0     0  2658k      0  0:23:32  0:11:32  0:12:00 5230k
 49 3666M   49 1797M    0     0  2654k      0  0:23:34  0:11:33  0:12:01 5118k
 49 3666M   49 1797M    0     0  2651k      0  0:23:36  0:11:34  0:12:02 2011k
 49 3666M   49 1797M    0     0  2647k      0  0:23:37  0:11:35  0:12:02 1979k
 49 3666M   49 1804M    0     0  2654k      0  0:23:34  0:11:36  0:11:58 2964k
 49 3666M   49 1817M    0     0  2669k      0  0:23:26  0:11:37  0:11:49 4115k
 49 3666M   49 1828M    0     0  2682k      0  0:23:19  0:11:38  0:11:41 6444k
 49 3666M   49 1828M    0     0  2678k      0  0:23:21  0:11:39  0:11:42 6503k
 49 3666M   49 1828M    0     0  2674k      0  0:23:23  0:11:40  0:11:43 6401k
 49 3666M   49 1829M    0     0  2671k      0  0:23:25  0:11:41  0:11:44 5068k
 49 3666M   49 1829M    0     0  2668k      0  0:23:27  0:11:42  0:11:45 2535k
 50 3666M   50 1838M    0     0  2676k      0  0:23:22  0:11:43  0:11:39 1950k
 50 3666M   50 1848M    0     0  2687k      0  0:23:17  0:11:44  0:11:33 3934k
 50 3666M   50 1848M    0     0  2683k      0  0:23:18  0:11:45  0:11:33 3950k
 50 3666M   50 1848M    0     0  2680k      0  0:23:20  0:11:46  0:11:34 3825k
 50 3666M   50 1848M    0     0  2676k      0  0:23:22  0:11:47  0:11:35 3823k
 50 3666M   50 1848M    0     0  2672k      0  0:23:24  0:11:48  0:11:36 2083k
 50 3666M   50 1848M    0     0  2668k      0  0:23:26  0:11:49  0:11:37 37022
 50 3666M   50 1848M    0     0  2665k      0  0:23:28  0:11:50  0:11:38 37045
 50 3666M   50 1848M    0     0  2661k      0  0:23:30  0:11:51  0:11:39 38378
 50 3666M   50 1848M    0     0  2658k      0  0:23:32  0:11:52  0:11:40  106k
 50 3666M   50 1850M    0     0  2657k      0  0:23:32  0:11:53  0:11:39  549k
 50 3666M   50 1859M    0     0  2666k      0  0:23:27  0:11:54  0:11:33 2353k
 50 3666M   50 1860M    0     0  2663k      0  0:23:29  0:11:55  0:11:34 2427k
 50 3666M   50 1860M    0     0  2659k      0  0:23:31  0:11:56  0:11:35 2428k
 50 3666M   50 1860M    0     0  2656k      0  0:23:33  0:11:57  0:11:36 2438k
 50 3666M   50 1860M    0     0  2653k      0  0:23:35  0:11:58  0:11:37 2008k
 50 3666M   50 1864M    0     0  2654k      0  0:23:34  0:11:59  0:11:35  973k
 51 3666M   51 1875M    0     0  2666k      0  0:23:27  0:12:00  0:11:27 3132k
 51 3666M   51 1877M    0     0  2666k      0  0:23:27  0:12:01  0:11:26 3630k
 51 3666M   51 1878M    0     0  2664k      0  0:23:29  0:12:02  0:11:27 3720k
 51 3666M   51 1878M    0     0  2660k      0  0:23:31  0:12:03  0:11:28 3717k
 51 3666M   51 1878M    0     0  2656k      0  0:23:33  0:12:04  0:11:29 2947k
 51 3666M   51 1878M    0     0  2653k      0  0:23:35  0:12:05  0:11:30  709k
 51 3666M   51 1887M    0     0  2661k      0  0:23:30  0:12:06  0:11:24 1887k
 51 3666M   51 1887M    0     0  2658k      0  0:23:32  0:12:07  0:11:25 1804k
 51 3666M   51 1887M    0     0  2654k      0  0:23:34  0:12:08  0:11:26 1808k
 51 3666M   51 1887M    0     0  2651k      0  0:23:36  0:12:09  0:11:27 1806k
 51 3666M   51 1896M    0     0  2658k      0  0:23:32  0:12:10  0:11:22 3454k
 51 3666M   51 1902M    0     0  2664k      0  0:23:28  0:12:11  0:11:17 3171k
 52 3666M   52 1911M    0     0  2674k      0  0:23:23  0:12:12  0:11:11 4991k
 52 3666M   52 1911M    0     0  2670k      0  0:23:25  0:12:13  0:11:12 4987k
 52 3666M   52 1927M    0     0  2688k      0  0:23:16  0:12:14  0:11:02 8099k
 52 3666M   52 1928M    0     0  2686k      0  0:23:17  0:12:15  0:11:02 6808k
 52 3666M   52 1941M    0     0  2701k      0  0:23:09  0:12:16  0:10:53 8041k
 53 3666M   53 1946M    0     0  2704k      0  0:23:08  0:12:17  0:10:51 7164k
 53 3666M   53 1946M    0     0  2700k      0  0:23:10  0:12:18  0:10:52 7126k
 53 3666M   53 1946M    0     0  2697k      0  0:23:11  0:12:19  0:10:52 4011k
 53 3666M   53 1947M    0     0  2694k      0  0:23:13  0:12:20  0:10:53 3882k
 53 3666M   53 1947M    0     0  2690k      0  0:23:15  0:12:21  0:10:54 1166k
 53 3666M   53 1953M    0     0  2695k      0  0:23:12  0:12:22  0:10:50 1383k
 53 3666M   53 1954M    0     0  2692k      0  0:23:14  0:12:23  0:10:51 1518k
 53 3666M   53 1954M    0     0  2689k      0  0:23:16  0:12:24  0:10:52 1518k
 53 3666M   53 1954M    0     0  2685k      0  0:23:17  0:12:25  0:10:52 1411k
 53 3666M   53 1954M    0     0  2682k      0  0:23:19  0:12:26  0:10:53 1419k
 53 3666M   53 1964M    0     0  2692k      0  0:23:14  0:12:27  0:10:47 2221k
 53 3666M   53 1972M    0     0  2700k      0  0:23:10  0:12:28  0:10:42 3789k
 53 3666M   53 1976M    0     0  2701k      0  0:23:09  0:12:29  0:10:40 4574k
 53 3666M   53 1976M    0     0  2698k      0  0:23:11  0:12:30  0:10:41 4573k
 53 3666M   53 1976M    0     0  2694k      0  0:23:13  0:12:31  0:10:42 4567k
 53 3666M   53 1976M    0     0  2691k      0  0:23:14  0:12:32  0:10:42 2553k
 54 3666M   54 1992M    0     0  2709k      0  0:23:05  0:12:33  0:10:32 4127k
 54 3666M   54 1994M    0     0  2708k      0  0:23:06  0:12:34  0:10:32 3675k
 54 3666M   54 1998M    0     0  2710k      0  0:23:05  0:12:35  0:10:30 4505k
 54 3666M   54 1998M    0     0  2706k      0  0:23:07  0:12:36  0:10:31 4486k
 54 3666M   54 1999M    0     0  2703k      0  0:23:08  0:12:37  0:10:31 4537k
 54 3666M   54 1999M    0     0  2700k      0  0:23:10  0:12:38  0:10:32 1268k
 54 3666M   54 1999M    0     0  2696k      0  0:23:12  0:12:39  0:10:33  955k
 54 3666M   54 1999M    0     0  2693k      0  0:23:13  0:12:40  0:10:33  221k
 54 3666M   54 1999M    0     0  2690k      0  0:23:15  0:12:41  0:10:34  220k
 54 3666M   54 2001M    0     0  2689k      0  0:23:16  0:12:42  0:10:34  484k
 54 3666M   54 2001M    0     0  2685k      0  0:23:17  0:12:43  0:10:34  485k
 54 3666M   54 2001M    0     0  2682k      0  0:23:19  0:12:44  0:10:35  554k
 54 3666M   54 2002M    0     0  2680k      0  0:23:20  0:12:45  0:10:35  567k
 54 3666M   54 2002M    0     0  2676k      0  0:23:22  0:12:46  0:10:36  564k
 55 3666M   55 2017M    0     0  2692k      0  0:23:14  0:12:47  0:10:27 3208k
 55 3666M   55 2017M    0     0  2689k      0  0:23:15  0:12:48  0:10:27 3314k
 55 3666M   55 2018M    0     0  2687k      0  0:23:17  0:12:49  0:10:28 3362k
 55 3666M   55 2021M    0     0  2688k      0  0:23:16  0:12:50  0:10:26 3979k
 55 3666M   55 2022M    0     0  2685k      0  0:23:18  0:12:51  0:10:27 4065k
 55 3666M   55 2022M    0     0  2682k      0  0:23:19  0:12:52  0:10:27 1069k
 55 3666M   55 2033M    0     0  2693k      0  0:23:13  0:12:53  0:10:20 3242k
 55 3666M   55 2041M    0     0  2700k      0  0:23:10  0:12:54  0:10:16 4800k
 55 3666M   55 2041M    0     0  2697k      0  0:23:12  0:12:55  0:10:17 4034k
 55 3666M   55 2041M    0     0  2693k      0  0:23:13  0:12:56  0:10:17 3951k
 55 3666M   55 2041M    0     0  2690k      0  0:23:15  0:12:57  0:10:18 3955k
 55 3666M   55 2041M    0     0  2686k      0  0:23:17  0:12:58  0:10:19 1684k
 55 3666M   55 2041M    0     0  2683k      0  0:23:19  0:12:59  0:10:20 44257
 55 3666M   55 2041M    0     0  2680k      0  0:23:20  0:13:00  0:10:20 41878
 55 3666M   55 2042M    0     0  2677k      0  0:23:22  0:13:01  0:10:21  105k
 55 3666M   55 2043M    0     0  2675k      0  0:23:23  0:13:02  0:10:21  334k
 56 3666M   56 2056M    0     0  2689k      0  0:23:15  0:13:03  0:10:12 3090k
 56 3666M   56 2056M    0     0  2686k      0  0:23:17  0:13:04  0:10:13 3089k
 56 3666M   56 2056M    0     0  2682k      0  0:23:19  0:13:05  0:10:14 3079k
 56 3666M   56 2072M    0     0  2699k      0  0:23:10  0:13:06  0:10:04 6277k
 56 3666M   56 2077M    0     0  2703k      0  0:23:08  0:13:07  0:10:01 7058k
 56 3666M   56 2077M    0     0  2699k      0  0:23:10  0:13:08  0:10:02 4291k
 56 3666M   56 2078M    0     0  2696k      0  0:23:12  0:13:09  0:10:03 4355k
 56 3666M   56 2078M    0     0  2693k      0  0:23:13  0:13:10  0:10:03 4383k
 56 3666M   56 2086M    0     0  2700k      0  0:23:10  0:13:11  0:09:59 2811k
 56 3666M   56 2086M    0     0  2697k      0  0:23:11  0:13:12  0:09:59 1774k
 56 3666M   56 2087M    0     0  2694k      0  0:23:13  0:13:13  0:10:00 1876k
 56 3666M   56 2087M    0     0  2691k      0  0:23:15  0:13:14  0:10:01 1823k
 56 3666M   56 2087M    0     0  2687k      0  0:23:16  0:13:15  0:10:01 1810k
 56 3666M   56 2087M    0     0  2684k      0  0:23:18  0:13:16  0:10:02  145k
 57 3666M   57 2091M    0     0  2686k      0  0:23:17  0:13:17  0:10:00  944k
 57 3666M   57 2093M    0     0  2685k      0  0:23:17  0:13:18  0:09:59 1330k
 57 3666M   57 2108M    0     0  2702k      0  0:23:09  0:13:19  0:09:50 4440k
 57 3666M   57 2116M    0     0  2708k      0  0:23:06  0:13:20  0:09:46 5953k
 57 3666M   57 2117M    0     0  2706k      0  0:23:07  0:13:21  0:09:46 6121k
 57 3666M   57 2122M    0     0  2709k      0  0:23:05  0:13:22  0:09:43 6342k
 58 3666M   58 2130M    0     0  2717k      0  0:23:01  0:13:23  0:09:38 7716k
 58 3666M   58 2131M    0     0  2713k      0  0:23:03  0:13:24  0:09:39 4589k
 58 3666M   58 2131M    0     0  2710k      0  0:23:05  0:13:25  0:09:40 3095k
 58 3666M   58 2131M    0     0  2707k      0  0:23:06  0:13:26  0:09:40 2928k
 58 3666M   58 2136M    0     0  2711k      0  0:23:04  0:13:27  0:09:37 3060k
 58 3666M   58 2141M    0     0  2714k      0  0:23:03  0:13:28  0:09:35 2217k
 58 3666M   58 2142M    0     0  2711k      0  0:23:04  0:13:29  0:09:35 2324k
 58 3666M   58 2142M    0     0  2708k      0  0:23:06  0:13:30  0:09:36 2335k
 58 3666M   58 2142M    0     0  2704k      0  0:23:08  0:13:31  0:09:37 2294k
 58 3666M   58 2142M    0     0  2701k      0  0:23:09  0:13:32  0:09:37 1164k
 58 3666M   58 2157M    0     0  2716k      0  0:23:01  0:13:33  0:09:28 3160k
 58 3666M   58 2158M    0     0  2714k      0  0:23:03  0:13:34  0:09:29 3239k
 59 3666M   59 2166M    0     0  2721k      0  0:22:59  0:13:35  0:09:24 4920k
 59 3666M   59 2175M    0     0  2730k      0  0:22:55  0:13:36  0:09:19 6792k
 59 3666M   59 2175M    0     0  2726k      0  0:22:56  0:13:37  0:09:19 6790k
 59 3666M   59 2175M    0     0  2723k      0  0:22:58  0:13:38  0:09:20 3801k
 59 3666M   59 2176M    0     0  2720k      0  0:23:00  0:13:39  0:09:21 3655k
 59 3666M   59 2177M    0     0  2718k      0  0:23:00  0:13:40  0:09:20 2219k
 59 3666M   59 2188M    0     0  2729k      0  0:22:55  0:13:41  0:09:14 2693k
 59 3666M   59 2189M    0     0  2726k      0  0:22:56  0:13:42  0:09:14 2726k
 59 3666M   59 2191M    0     0  2726k      0  0:22:56  0:13:43  0:09:13 3289k
 59 3666M   59 2192M    0     0  2724k      0  0:22:58  0:13:44  0:09:14 3319k
 59 3666M   59 2192M    0     0  2720k      0  0:22:59  0:13:45  0:09:14 3063k
 59 3666M   59 2192M    0     0  2717k      0  0:23:01  0:13:46  0:09:15  769k
 60 3666M   60 2206M    0     0  2731k      0  0:22:54  0:13:47  0:09:07 3518k
 60 3666M   60 2206M    0     0  2728k      0  0:22:56  0:13:48  0:09:08 2961k
 60 3666M   60 2206M    0     0  2725k      0  0:22:57  0:13:49  0:09:08 2888k
 60 3666M   60 2206M    0     0  2721k      0  0:22:59  0:13:50  0:09:09 2883k
 60 3666M   60 2206M    0     0  2718k      0  0:23:01  0:13:51  0:09:10 2837k
 60 3666M   60 2208M    0     0  2717k      0  0:23:01  0:13:52  0:09:09  465k
 60 3666M   60 2215M    0     0  2722k      0  0:22:58  0:13:53  0:09:05 1822k
 60 3666M   60 2215M    0     0  2719k      0  0:23:00  0:13:54  0:09:06 1867k
 60 3666M   60 2220M    0     0  2723k      0  0:22:58  0:13:55  0:09:03 2940k
 60 3666M   60 2220M    0     0  2719k      0  0:23:00  0:13:56  0:09:04 2931k
 60 3666M   60 2220M    0     0  2716k      0  0:23:01  0:13:57  0:09:04 2520k
 60 3666M   60 2221M    0     0  2714k      0  0:23:03  0:13:58  0:09:05 1367k
 61 3666M   61 2236M    0     0  2729k      0  0:22:55  0:13:59  0:08:56 4345k
 61 3666M   61 2249M    0     0  2741k      0  0:22:49  0:14:00  0:08:49 5785k
 61 3666M   61 2249M    0     0  2738k      0  0:22:51  0:14:01  0:08:50 5797k
 61 3666M   61 2249M    0     0  2735k      0  0:22:52  0:14:02  0:08:50 5823k
 61 3666M   61 2252M    0     0  2736k      0  0:22:52  0:14:03  0:08:49 6318k
 61 3666M   61 2264M    0     0  2747k      0  0:22:46  0:14:04  0:08:42 5746k
 61 3666M   61 2270M    0     0  2751k      0  0:22:44  0:14:05  0:08:39 4429k
 62 3666M   62 2281M    0     0  2761k      0  0:22:39  0:14:06  0:08:33 6721k
 62 3666M   62 2282M    0     0  2758k      0  0:22:40  0:14:07  0:08:33 6726k
 62 3666M   62 2282M    0     0  2755k      0  0:22:42  0:14:08  0:08:34 6075k
 62 3666M   62 2282M    0     0  2752k      0  0:22:43  0:14:09  0:08:34 3609k
 62 3666M   62 2282M    0     0  2749k      0  0:22:45  0:14:10  0:08:35 2442k
 62 3666M   62 2283M    0     0  2746k      0  0:22:46  0:14:11  0:08:35  231k
 62 3666M   62 2284M    0     0  2745k      0  0:22:47  0:14:12  0:08:35  538k
 62 3666M   62 2284M    0     0  2742k      0  0:22:48  0:14:13  0:08:35  496k
 62 3666M   62 2285M    0     0  2739k      0  0:22:50  0:14:14  0:08:36  553k
 62 3666M   62 2285M    0     0  2736k      0  0:22:51  0:14:15  0:08:36  614k
 62 3666M   62 2285M    0     0  2733k      0  0:22:53  0:14:16  0:08:37  522k
 62 3666M   62 2300M    0     0  2748k      0  0:22:46  0:14:17  0:08:29 3231k
 62 3666M   62 2302M    0     0  2746k      0  0:22:46  0:14:18  0:08:28 3406k
 62 3666M   62 2309M    0     0  2752k      0  0:22:43  0:14:19  0:08:24 4956k
 63 3666M   63 2317M    0     0  2759k      0  0:22:40  0:14:20  0:08:20 6580k
 63 3666M   63 2318M    0     0  2756k      0  0:22:42  0:14:21  0:08:21 6617k
 63 3666M   63 2318M    0     0  2753k      0  0:22:43  0:14:22  0:08:21 3598k
 63 3666M   63 2333M    0     0  2768k      0  0:22:36  0:14:23  0:08:13 6754k
 63 3666M   63 2333M    0     0  2765k      0  0:22:37  0:14:24  0:08:13 4890k
 64 3666M   64 2347M    0     0  2778k      0  0:22:31  0:14:25  0:08:06 6100k
 64 3666M   64 2347M    0     0  2775k      0  0:22:32  0:14:26  0:08:06 6029k
 64 3666M   64 2347M    0     0  2772k      0  0:22:34  0:14:27  0:08:07 5991k
 64 3666M   64 2347M    0     0  2769k      0  0:22:35  0:14:28  0:08:07 2937k
 64 3666M   64 2347M    0     0  2765k      0  0:22:37  0:14:29  0:08:08 2918k
 64 3666M   64 2348M    0     0  2763k      0  0:22:38  0:14:30  0:08:08  123k
 64 3666M   64 2348M    0     0  2760k      0  0:22:40  0:14:31  0:08:09  125k
 64 3666M   64 2363M    0     0  2775k      0  0:22:32  0:14:32  0:08:00 3363k
 64 3666M   64 2371M    0     0  2781k      0  0:22:29  0:14:33  0:07:56 4931k
 64 3666M   64 2371M    0     0  2778k      0  0:22:31  0:14:34  0:07:57 4932k
 65 3666M   65 2388M    0     0  2794k      0  0:22:23  0:14:35  0:07:48 8167k
 65 3666M   65 2389M    0     0  2792k      0  0:22:24  0:14:36  0:07:48 8390k
 65 3666M   65 2389M    0     0  2789k      0  0:22:26  0:14:37  0:07:49 5184k
 65 3666M   65 2389M    0     0  2786k      0  0:22:27  0:14:38  0:07:49 3590k
 65 3666M   65 2389M    0     0  2783k      0  0:22:29  0:14:39  0:07:50 3612k
 65 3666M   65 2389M    0     0  2779k      0  0:22:30  0:14:40  0:07:50  267k
 65 3666M   65 2389M    0     0  2776k      0  0:22:32  0:14:41  0:07:51 41514
 65 3666M   65 2389M    0     0  2773k      0  0:22:33  0:14:42  0:07:51 41530
 65 3666M   65 2389M    0     0  2771k      0  0:22:34  0:14:43  0:07:51  135k
 65 3666M   65 2389M    0     0  2768k      0  0:22:36  0:14:44  0:07:52  132k
 65 3666M   65 2389M    0     0  2764k      0  0:22:37  0:14:45  0:07:52  135k
 65 3666M   65 2392M    0     0  2764k      0  0:22:38  0:14:46  0:07:52  542k
 65 3666M   65 2392M    0     0  2761k      0  0:22:39  0:14:47  0:07:52  547k
 65 3666M   65 2392M    0     0  2758k      0  0:22:41  0:14:48  0:07:53  521k
 65 3666M   65 2398M    0     0  2762k      0  0:22:39  0:14:49  0:07:50 1791k
 65 3666M   65 2408M    0     0  2771k      0  0:22:34  0:14:50  0:07:44 3846k
 65 3666M   65 2408M    0     0  2767k      0  0:22:36  0:14:51  0:07:45 3433k
 65 3666M   65 2408M    0     0  2764k      0  0:22:37  0:14:52  0:07:45 3428k
 65 3666M   65 2409M    0     0  2762k      0  0:22:39  0:14:53  0:07:46 3401k
 65 3666M   65 2409M    0     0  2759k      0  0:22:40  0:14:54  0:07:46 2152k
 65 3666M   65 2414M    0     0  2762k      0  0:22:39  0:14:55  0:07:44 1147k
 65 3666M   65 2417M    0     0  2762k      0  0:22:38  0:14:56  0:07:42 1854k
 66 3666M   66 2427M    0     0  2770k      0  0:22:35  0:14:57  0:07:38 3742k
 66 3666M   66 2427M    0     0  2767k      0  0:22:36  0:14:58  0:07:38 3740k
 66 3666M   66 2436M    0     0  2775k      0  0:22:32  0:14:59  0:07:33 5635k
 66 3666M   66 2444M    0     0  2781k      0  0:22:30  0:15:00  0:07:30 6183k
 66 3666M   66 2448M    0     0  2781k      0  0:22:29  0:15:01  0:07:28 6186k
 66 3666M   66 2449M    0     0  2780k      0  0:22:30  0:15:02  0:07:28 4607k
 66 3666M   66 2449M    0     0  2777k      0  0:22:31  0:15:03  0:07:28 4569k
 66 3666M   66 2449M    0     0  2774k      0  0:22:33  0:15:04  0:07:29 2700k
 66 3666M   66 2450M    0     0  2772k      0  0:22:34  0:15:05  0:07:29 1195k
 67 3666M   67 2462M    0     0  2783k      0  0:22:29  0:15:06  0:07:23 3008k
 67 3666M   67 2463M    0     0  2780k      0  0:22:30  0:15:07  0:07:23 2799k
 67 3666M   67 2463M    0     0  2777k      0  0:22:31  0:15:08  0:07:23 2802k
 67 3666M   67 2463M    0     0  2774k      0  0:22:33  0:15:09  0:07:24 2777k
 67 3666M   67 2463M    0     0  2772k      0  0:22:34  0:15:10  0:07:24 2741k
 67 3666M   67 2464M    0     0  2769k      0  0:22:35  0:15:11  0:07:24  282k
 67 3666M   67 2470M    0     0  2773k      0  0:22:33  0:15:12  0:07:21 1485k
 67 3666M   67 2470M    0     0  2770k      0  0:22:35  0:15:13  0:07:22 1508k
 67 3666M   67 2471M    0     0  2768k      0  0:22:36  0:15:14  0:07:22 1579k
 67 3666M   67 2471M    0     0  2765k      0  0:22:37  0:15:15  0:07:22 1504k
 67 3666M   67 2471M    0     0  2762k      0  0:22:39  0:15:16  0:07:23 1444k
 67 3666M   67 2482M    0     0  2772k      0  0:22:34  0:15:17  0:07:17 2542k
 67 3666M   67 2483M    0     0  2769k      0  0:22:35  0:15:18  0:07:17 2616k
 67 3666M   67 2483M    0     0  2766k      0  0:22:36  0:15:19  0:07:17 2539k
 67 3666M   67 2483M    0     0  2763k      0  0:22:38  0:15:20  0:07:18 2539k
 67 3666M   67 2483M    0     0  2760k      0  0:22:39  0:15:21  0:07:18 2536k
 67 3666M   67 2483M    0     0  2758k      0  0:22:41  0:15:22  0:07:19  201k
 68 3666M   68 2497M    0     0  2770k      0  0:22:35  0:15:23  0:07:12 2904k
 68 3666M   68 2500M    0     0  2770k      0  0:22:34  0:15:24  0:07:10 3503k
 68 3666M   68 2500M    0     0  2768k      0  0:22:36  0:15:25  0:07:11 3520k
 68 3666M   68 2500M    0     0  2765k      0  0:22:37  0:15:26  0:07:11 3508k
 68 3666M   68 2500M    0     0  2762k      0  0:22:39  0:15:27  0:07:12 3450k
 68 3666M   68 2500M    0     0  2759k      0  0:22:40  0:15:28  0:07:12  653k
 68 3666M   68 2500M    0     0  2756k      0  0:22:42  0:15:29  0:07:13 41260
 68 3666M   68 2501M    0     0  2753k      0  0:22:43  0:15:30  0:07:13  110k
 68 3666M   68 2501M    0     0  2750k      0  0:22:44  0:15:31  0:07:13  110k
 68 3666M   68 2512M    0     0  2760k      0  0:22:40  0:15:32  0:07:08 2383k
 68 3666M   68 2512M    0     0  2757k      0  0:22:41  0:15:33  0:07:08 2382k
 68 3666M   68 2512M    0     0  2754k      0  0:22:43  0:15:34  0:07:09 2383k
 68 3666M   68 2512M    0     0  2751k      0  0:22:44  0:15:35  0:07:09 2314k
 68 3666M   68 2512M    0     0  2748k      0  0:22:45  0:15:36  0:07:09 2362k
 68 3666M   68 2512M    0     0  2745k      0  0:22:47  0:15:37  0:07:10 90572
 68 3666M   68 2513M    0     0  2743k      0  0:22:48  0:15:38  0:07:10  180k
 68 3666M   68 2513M    0     0  2740k      0  0:22:49  0:15:39  0:07:10  180k
 68 3666M   68 2515M    0     0  2739k      0  0:22:50  0:15:40  0:07:10  518k
 68 3666M   68 2515M    0     0  2736k      0  0:22:51  0:15:41  0:07:10  470k
 68 3666M   68 2515M    0     0  2733k      0  0:22:53  0:15:42  0:07:11  475k
 68 3666M   68 2515M    0     0  2730k      0  0:22:54  0:15:43  0:07:11  384k
 68 3666M   68 2516M    0     0  2728k      0  0:22:55  0:15:44  0:07:11  540k
 68 3666M   68 2516M    0     0  2726k      0  0:22:57  0:15:45  0:07:12  204k
 68 3666M   68 2516M    0     0  2723k      0  0:22:58  0:15:46  0:07:12  205k
 68 3666M   68 2522M    0     0  2727k      0  0:22:56  0:15:47  0:07:09 1490k
 68 3666M   68 2522M    0     0  2724k      0  0:22:58  0:15:48  0:07:10 1489k
 68 3666M   68 2523M    0     0  2722k      0  0:22:59  0:15:49  0:07:10 1433k
 68 3666M   68 2523M    0     0  2719k      0  0:23:00  0:15:50  0:07:10 1432k
 68 3666M   68 2523M    0     0  2716k      0  0:23:02  0:15:51  0:07:11 1428k
 68 3666M   68 2523M    0     0  2713k      0  0:23:03  0:15:52  0:07:11  139k
 69 3666M   69 2539M    0     0  2727k      0  0:22:56  0:15:53  0:07:03 3400k
 69 3666M   69 2543M    0     0  2729k      0  0:22:55  0:15:54  0:07:01 4211k
 69 3666M   69 2543M    0     0  2727k      0  0:22:56  0:15:55  0:07:01 4217k
 69 3666M   69 2543M    0     0  2724k      0  0:22:58  0:15:56  0:07:02 4216k
 69 3666M   69 2544M    0     0  2721k      0  0:22:59  0:15:57  0:07:02 4255k
 69 3666M   69 2544M    0     0  2719k      0  0:23:00  0:15:58  0:07:02 1020k
 69 3666M   69 2550M    0     0  2722k      0  0:22:59  0:15:59  0:07:00 1304k
 69 3666M   69 2550M    0     0  2719k      0  0:23:00  0:16:00  0:07:00 1310k
 69 3666M   69 2550M    0     0  2717k      0  0:23:01  0:16:01  0:07:00 1441k
 69 3666M   69 2550M    0     0  2714k      0  0:23:02  0:16:02  0:07:00 1391k
 69 3666M   69 2550M    0     0  2712k      0  0:23:04  0:16:03  0:07:01 1380k
 69 3666M   69 2550M    0     0  2709k      0  0:23:05  0:16:04  0:07:01  171k
 69 3666M   69 2552M    0     0  2707k      0  0:23:06  0:16:05  0:07:01  443k
 69 3666M   69 2552M    0     0  2705k      0  0:23:07  0:16:06  0:07:01  317k
 69 3666M   69 2552M    0     0  2703k      0  0:23:08  0:16:07  0:07:01  436k
 69 3666M   69 2552M    0     0  2700k      0  0:23:10  0:16:08  0:07:02  438k
 69 3666M   69 2564M    0     0  2709k      0  0:23:05  0:16:09  0:06:56 2802k
 70 3666M   70 2568M    0     0  2711k      0  0:23:04  0:16:10  0:06:54 3413k
 70 3666M   70 2579M    0     0  2720k      0  0:23:00  0:16:11  0:06:49 5637k
 70 3666M   70 2579M    0     0  2717k      0  0:23:01  0:16:12  0:06:49 5488k
 70 3666M   70 2579M    0     0  2714k      0  0:23:02  0:16:13  0:06:49 5544k
 70 3666M   70 2582M    0     0  2715k      0  0:23:02  0:16:14  0:06:48 3761k
 70 3666M   70 2583M    0     0  2712k      0  0:23:04  0:16:15  0:06:49 2944k
 70 3666M   70 2598M    0     0  2725k      0  0:22:57  0:16:16  0:06:41 3770k
 70 3666M   70 2598M    0     0  2722k      0  0:22:58  0:16:17  0:06:41 3780k
 70 3666M   70 2599M    0     0  2721k      0  0:22:59  0:16:18  0:06:41 3946k
 71 3666M   71 2606M    0     0  2726k      0  0:22:57  0:16:19  0:06:38 4902k
 71 3666M   71 2606M    0     0  2723k      0  0:22:58  0:16:20  0:06:38 4848k
 71 3666M   71 2606M    0     0  2720k      0  0:22:59  0:16:21  0:06:38 1817k
 71 3666M   71 2607M    0     0  2718k      0  0:23:00  0:16:22  0:06:38 1939k
 71 3666M   71 2607M    0     0  2716k      0  0:23:02  0:16:23  0:06:39 1726k
 71 3666M   71 2607M    0     0  2713k      0  0:23:03  0:16:24  0:06:39  168k
 71 3666M   71 2613M    0     0  2716k      0  0:23:01  0:16:25  0:06:36 1370k
 71 3666M   71 2617M    0     0  2717k      0  0:23:01  0:16:26  0:06:35 2143k
 71 3666M   71 2617M    0     0  2715k      0  0:23:02  0:16:27  0:06:35 2030k
 71 3666M   71 2617M    0     0  2712k      0  0:23:04  0:16:28  0:06:36 2031k
 71 3666M   71 2623M    0     0  2715k      0  0:23:02  0:16:29  0:06:33 3197k
 71 3666M   71 2626M    0     0  2716k      0  0:23:02  0:16:30  0:06:32 2638k
 71 3666M   71 2626M    0     0  2714k      0  0:23:03  0:16:31  0:06:32 1946k
 71 3666M   71 2627M    0     0  2711k      0  0:23:04  0:16:32  0:06:32 1935k
 71 3666M   71 2627M    0     0  2709k      0  0:23:05  0:16:33  0:06:32 2012k
 71 3666M   71 2627M    0     0  2706k      0  0:23:07  0:16:34  0:06:33  839k
 71 3666M   71 2627M    0     0  2703k      0  0:23:08  0:16:35  0:06:33  201k
 72 3666M   72 2643M    0     0  2717k      0  0:23:01  0:16:36  0:06:25 3425k
 72 3666M   72 2644M    0     0  2715k      0  0:23:02  0:16:37  0:06:25 3621k
 72 3666M   72 2644M    0     0  2713k      0  0:23:03  0:16:38  0:06:25 3538k
 72 3666M   72 2644M    0     0  2710k      0  0:23:05  0:16:39  0:06:26 3562k
 72 3666M   72 2645M    0     0  2708k      0  0:23:06  0:16:40  0:06:26 3601k
 72 3666M   72 2659M    0     0  2720k      0  0:23:00  0:16:41  0:06:19 3247k
 72 3666M   72 2661M    0     0  2719k      0  0:23:00  0:16:42  0:06:18 3401k
 72 3666M   72 2661M    0     0  2716k      0  0:23:02  0:16:43  0:06:19 3402k
 72 3666M   72 2661M    0     0  2714k      0  0:23:03  0:16:44  0:06:19 3399k
 72 3666M   72 2661M    0     0  2711k      0  0:23:04  0:16:45  0:06:19 3331k
 72 3666M   72 2661M    0     0  2708k      0  0:23:06  0:16:46  0:06:20  372k
 72 3666M   72 2661M    0     0  2706k      0  0:23:07  0:16:47  0:06:20 39321
 72 3666M   72 2661M    0     0  2703k      0  0:23:08  0:16:48  0:06:20 39183
 72 3666M   72 2664M    0     0  2704k      0  0:23:08  0:16:49  0:06:19  727k
 72 3666M   72 2667M    0     0  2703k      0  0:23:08  0:16:50  0:06:18 1185k
 72 3666M   72 2667M    0     0  2701k      0  0:23:09  0:16:51  0:06:18 1178k
 72 3666M   72 2667M    0     0  2699k      0  0:23:11  0:16:52  0:06:19 1303k
 72 3666M   72 2667M    0     0  2696k      0  0:23:12  0:16:53  0:06:19 1302k
 72 3666M   72 2667M    0     0  2693k      0  0:23:13  0:16:54  0:06:19  614k
 72 3666M   72 2667M    0     0  2691k      0  0:23:15  0:16:55  0:06:20  162k
 72 3666M   72 2667M    0     0  2688k      0  0:23:16  0:16:56  0:06:20  163k
 72 3666M   72 2676M    0     0  2694k      0  0:23:13  0:16:57  0:06:16 1736k
 72 3666M   72 2676M    0     0  2691k      0  0:23:14  0:16:58  0:06:16 1735k
 72 3666M   72 2676M    0     0  2689k      0  0:23:16  0:16:59  0:06:17 1744k
 73 3666M   73 2691M    0     0  2702k      0  0:23:09  0:17:00  0:06:09 4895k
 73 3666M   73 2700M    0     0  2707k      0  0:23:06  0:17:01  0:06:05 6623k
 73 3666M   73 2702M    0     0  2707k      0  0:23:06  0:17:02  0:06:04 5435k
 73 3666M   73 2703M    0     0  2705k      0  0:23:07  0:17:03  0:06:04 5536k
 74 3666M   74 2720M    0     0  2720k      0  0:23:00  0:17:04  0:05:56 9002k
 74 3666M   74 2728M    0     0  2725k      0  0:22:57  0:17:05  0:05:52 7507k
 74 3666M   74 2728M    0     0  2722k      0  0:22:58  0:17:06  0:05:52 5778k
 74 3666M   74 2729M    0     0  2720k      0  0:22:59  0:17:07  0:05:52 5405k
 74 3666M   74 2729M    0     0  2718k      0  0:23:01  0:17:08  0:05:53 5307k
 74 3666M   74 2729M    0     0  2715k      0  0:23:02  0:17:09  0:05:53 1812k
 74 3666M   74 2729M    0     0  2713k      0  0:23:03  0:17:10  0:05:53  187k
 74 3666M   74 2737M    0     0  2718k      0  0:23:01  0:17:11  0:05:50 1719k
 74 3666M   74 2737M    0     0  2716k      0  0:23:02  0:17:12  0:05:50 1757k
 74 3666M   74 2737M    0     0  2713k      0  0:23:03  0:17:13  0:05:50 1766k
 74 3666M   74 2737M    0     0  2711k      0  0:23:04  0:17:14  0:05:50 1767k
 74 3666M   74 2737M    0     0  2708k      0  0:23:06  0:17:15  0:05:51 1758k
 74 3666M   74 2738M    0     0  2706k      0  0:23:07  0:17:16  0:05:51  279k
 74 3666M   74 2738M    0     0  2704k      0  0:23:08  0:17:17  0:05:51  230k
 74 3666M   74 2746M    0     0  2709k      0  0:23:05  0:17:18  0:05:47 1845k
 74 3666M   74 2747M    0     0  2707k      0  0:23:06  0:17:19  0:05:47 1887k
 74 3666M   74 2747M    0     0  2704k      0  0:23:08  0:17:20  0:05:48 1896k
 74 3666M   74 2747M    0     0  2702k      0  0:23:09  0:17:21  0:05:48 1804k
 74 3666M   74 2747M    0     0  2699k      0  0:23:10  0:17:22  0:05:48 1693k
 74 3666M   74 2749M    0     0  2698k      0  0:23:11  0:17:23  0:05:48  498k
 74 3666M   74 2749M    0     0  2696k      0  0:23:12  0:17:24  0:05:48  456k
 74 3666M   74 2749M    0     0  2693k      0  0:23:13  0:17:25  0:05:48  458k
 74 3666M   74 2749M    0     0  2691k      0  0:23:14  0:17:26  0:05:48  550k
 75 3666M   75 2751M    0     0  2690k      0  0:23:15  0:17:27  0:05:48  894k
 75 3666M   75 2751M    0     0  2688k      0  0:23:16  0:17:28  0:05:48  482k
 75 3666M   75 2751M    0     0  2685k      0  0:23:17  0:17:29  0:05:48  480k
 75 3666M   75 2751M    0     0  2683k      0  0:23:19  0:17:30  0:05:49  479k
 75 3666M   75 2752M    0     0  2681k      0  0:23:20  0:17:31  0:05:49  470k
 75 3666M   75 2752M    0     0  2678k      0  0:23:21  0:17:32  0:05:49  130k
 75 3666M   75 2756M    0     0  2680k      0  0:23:20  0:17:33  0:05:47  939k
 75 3666M   75 2766M    0     0  2687k      0  0:23:17  0:17:34  0:05:43 2956k
 75 3666M   75 2766M    0     0  2684k      0  0:23:18  0:17:35  0:05:43 2956k
 75 3666M   75 2766M    0     0  2682k      0  0:23:19  0:17:36  0:05:43 2881k
 75 3666M   75 2766M    0     0  2679k      0  0:23:21  0:17:37  0:05:44 2869k
 75 3666M   75 2766M    0     0  2677k      0  0:23:22  0:17:38  0:05:44 2061k
 75 3666M   75 2768M    0     0  2676k      0  0:23:22  0:17:39  0:05:43  492k
 75 3666M   75 2777M    0     0  2682k      0  0:23:19  0:17:40  0:05:39 2293k
 75 3666M   75 2785M    0     0  2688k      0  0:23:16  0:17:41  0:05:35 4016k
 75 3666M   75 2786M    0     0  2686k      0  0:23:17  0:17:42  0:05:35 4139k
 75 3666M   75 2786M    0     0  2683k      0  0:23:18  0:17:43  0:05:35 4126k
 75 3666M   75 2786M    0     0  2681k      0  0:23:20  0:17:44  0:05:36 3659k
 75 3666M   75 2786M    0     0  2679k      0  0:23:21  0:17:45  0:05:36 1876k
 76 3666M   76 2788M    0     0  2678k      0  0:23:21  0:17:46  0:05:35  507k
 76 3666M   76 2788M    0     0  2675k      0  0:23:23  0:17:47  0:05:36  387k
 76 3666M   76 2788M    0     0  2673k      0  0:23:24  0:17:48  0:05:36  387k
 76 3666M   76 2795M    0     0  2677k      0  0:23:22  0:17:49  0:05:33 1762k
 76 3666M   76 2795M    0     0  2674k      0  0:23:23  0:17:50  0:05:33 1749k
 76 3666M   76 2802M    0     0  2678k      0  0:23:21  0:17:51  0:05:30 2801k
 76 3666M   76 2802M    0     0  2676k      0  0:23:22  0:17:52  0:05:30 2828k
 76 3666M   76 2802M    0     0  2674k      0  0:23:23  0:17:53  0:05:30 2907k
 76 3666M   76 2802M    0     0  2671k      0  0:23:25  0:17:54  0:05:31 1536k
 76 3666M   76 2802M    0     0  2669k      0  0:23:26  0:17:55  0:05:31 1544k
 76 3666M   76 2802M    0     0  2666k      0  0:23:27  0:17:56  0:05:31  138k
 76 3666M   76 2807M    0     0  2668k      0  0:23:26  0:17:57  0:05:29 1054k
 76 3666M   76 2814M    0     0  2672k      0  0:23:24  0:17:58  0:05:26 2350k
 76 3666M   76 2814M    0     0  2670k      0  0:23:26  0:17:59  0:05:27 2352k
 76 3666M   76 2814M    0     0  2668k      0  0:23:27  0:18:00  0:05:27 2421k
 76 3666M   76 2814M    0     0  2665k      0  0:23:28  0:18:01  0:05:27 2436k
 76 3666M   76 2815M    0     0  2663k      0  0:23:29  0:18:02  0:05:27 1590k
 76 3666M   76 2815M    0     0  2661k      0  0:23:30  0:18:03  0:05:27  208k
 76 3666M   76 2815M    0     0  2659k      0  0:23:31  0:18:04  0:05:27  211k
 77 3666M   77 2830M    0     0  2670k      0  0:23:25  0:18:05  0:05:20 3242k
 77 3666M   77 2832M    0     0  2670k      0  0:23:26  0:18:06  0:05:20 3601k
 77 3666M   77 2832M    0     0  2667k      0  0:23:27  0:18:07  0:05:20 3503k
 77 3666M   77 2832M    0     0  2665k      0  0:23:28  0:18:08  0:05:20 3491k
 77 3666M   77 2832M    0     0  2662k      0  0:23:29  0:18:09  0:05:20 3521k
 77 3666M   77 2832M    0     0  2660k      0  0:23:31  0:18:10  0:05:21  435k
 77 3666M   77 2833M    0     0  2658k      0  0:23:32  0:18:11  0:05:21  216k
 77 3666M   77 2833M    0     0  2656k      0  0:23:33  0:18:12  0:05:21  219k
 77 3666M   77 2846M    0     0  2666k      0  0:23:28  0:18:13  0:05:15 2900k
 77 3666M   77 2846M    0     0  2663k      0  0:23:29  0:18:14  0:05:15 2871k
 77 3666M   77 2846M    0     0  2662k      0  0:23:30  0:18:15  0:05:15 2957k
 77 3666M   77 2846M    0     0  2659k      0  0:23:31  0:18:16  0:05:15 2808k
 77 3666M   77 2847M    0     0  2657k      0  0:23:32  0:18:17  0:05:15 2859k
 77 3666M   77 2852M    0     0  2660k      0  0:23:31  0:18:18  0:05:13 1359k
 78 3666M   78 2863M    0     0  2667k      0  0:23:27  0:18:19  0:05:08 3530k
 78 3666M   78 2863M    0     0  2665k      0  0:23:28  0:18:20  0:05:08 3422k
 78 3666M   78 2863M    0     0  2663k      0  0:23:29  0:18:21  0:05:08 3440k
 78 3666M   78 2865M    0     0  2662k      0  0:23:30  0:18:22  0:05:08 3820k
 78 3666M   78 2877M    0     0  2671k      0  0:23:25  0:18:23  0:05:02 5029k
 78 3666M   78 2877M    0     0  2668k      0  0:23:26  0:18:24  0:05:02 2873k
 78 3666M   78 2877M    0     0  2666k      0  0:23:28  0:18:25  0:05:03 2909k
 78 3666M   78 2879M    0     0  2665k      0  0:23:28  0:18:26  0:05:02 3142k
 78 3666M   78 2888M    0     0  2671k      0  0:23:25  0:18:27  0:04:58 4700k
 78 3666M   78 2888M    0     0  2669k      0  0:23:26  0:18:28  0:04:58 2304k
 79 3666M   79 2897M    0     0  2675k      0  0:23:23  0:18:29  0:04:54 4110k
 79 3666M   79 2905M    0     0  2680k      0  0:23:20  0:18:30  0:04:50 5746k
 79 3666M   79 2905M    0     0  2678k      0  0:23:21  0:18:31  0:04:50 5518k
 79 3666M   79 2906M    0     0  2675k      0  0:23:23  0:18:32  0:04:51 3556k
 79 3666M   79 2921M    0     0  2687k      0  0:23:17  0:18:33  0:04:44 6681k
 79 3666M   79 2926M    0     0  2689k      0  0:23:16  0:18:34  0:04:42 5811k
 79 3666M   79 2926M    0     0  2687k      0  0:23:17  0:18:35  0:04:42 4187k
 79 3666M   79 2926M    0     0  2685k      0  0:23:18  0:18:36  0:04:42 4255k
 79 3666M   79 2926M    0     0  2682k      0  0:23:19  0:18:37  0:04:42 4223k
 79 3666M   79 2926M    0     0  2680k      0  0:23:20  0:18:38  0:04:42 1129k
 79 3666M   79 2926M    0     0  2678k      0  0:23:21  0:18:39  0:04:42  174k
 79 3666M   79 2927M    0     0  2675k      0  0:23:23  0:18:40  0:04:43  129k
 79 3666M   79 2927M    0     0  2673k      0  0:23:24  0:18:41  0:04:43 88483
 79 3666M   79 2927M    0     0  2671k      0  0:23:25  0:18:42  0:04:43 79393
 79 3666M   79 2931M    0     0  2673k      0  0:23:24  0:18:43  0:04:41  992k
 79 3666M   79 2931M    0     0  2670k      0  0:23:25  0:18:44  0:04:41  999k
 79 3666M   79 2932M    0     0  2668k      0  0:23:26  0:18:45  0:04:41 1017k
 80 3666M   80 2946M    0     0  2678k      0  0:23:21  0:18:46  0:04:35 3878k
 80 3666M   80 2946M    0     0  2676k      0  0:23:22  0:18:47  0:04:35 3879k
 80 3666M   80 2947M    0     0  2675k      0  0:23:23  0:18:48  0:04:35 3318k
 80 3666M   80 2947M    0     0  2673k      0  0:23:24  0:18:49  0:04:35 3313k
 80 3666M   80 2948M    0     0  2671k      0  0:23:25  0:18:50  0:04:35 3278k
 80 3666M   80 2948M    0     0  2668k      0  0:23:26  0:18:51  0:04:35  412k
 80 3666M   80 2948M    0     0  2666k      0  0:23:27  0:18:52  0:04:35  484k
 80 3666M   80 2948M    0     0  2664k      0  0:23:29  0:18:53  0:04:36  114k
 80 3666M   80 2949M    0     0  2662k      0  0:23:30  0:18:54  0:04:36  217k
 80 3666M   80 2951M    0     0  2662k      0  0:23:29  0:18:55  0:04:34  759k
 80 3666M   80 2951M    0     0  2660k      0  0:23:31  0:18:56  0:04:35  755k
 80 3666M   80 2951M    0     0  2658k      0  0:23:32  0:18:57  0:04:35  682k
 80 3666M   80 2952M    0     0  2656k      0  0:23:33  0:18:58  0:04:35  735k
 80 3666M   80 2955M    0     0  2656k      0  0:23:33  0:18:59  0:04:34 1324k
 80 3666M   80 2955M    0     0  2654k      0  0:23:34  0:19:00  0:04:34  784k
 81 3666M   81 2972M    0     0  2667k      0  0:23:27  0:19:01  0:04:26 4319k
 81 3666M   81 2973M    0     0  2665k      0  0:23:28  0:19:02  0:04:26 4403k
 81 3666M   81 2973M    0     0  2663k      0  0:23:29  0:19:03  0:04:26 4339k
 81 3666M   81 2973M    0     0  2661k      0  0:23:30  0:19:04  0:04:26 3641k
 81 3666M   81 2973M    0     0  2658k      0  0:23:32  0:19:05  0:04:27 3638k
 81 3666M   81 2973M    0     0  2656k      0  0:23:33  0:19:06  0:04:27  112k
 81 3666M   81 2973M    0     0  2654k      0  0:23:34  0:19:07  0:04:27 38910
 81 3666M   81 2973M    0     0  2652k      0  0:23:35  0:19:08  0:04:27 36561
 81 3666M   81 2973M    0     0  2649k      0  0:23:36  0:19:09  0:04:27 38686
 81 3666M   81 2973M    0     0  2647k      0  0:23:38  0:19:10  0:04:28  103k
 81 3666M   81 2975M    0     0  2646k      0  0:23:38  0:19:11  0:04:27  353k
 81 3666M   81 2989M    0     0  2656k      0  0:23:33  0:19:12  0:04:21 3225k
 81 3666M   81 2990M    0     0  2655k      0  0:23:33  0:19:13  0:04:20 3420k
 81 3666M   81 3005M    0     0  2666k      0  0:23:27  0:19:14  0:04:13 6577k
 81 3666M   81 3005M    0     0  2664k      0  0:23:29  0:19:15  0:04:14 6502k
 81 3666M   81 3006M    0     0  2662k      0  0:23:30  0:19:16  0:04:14 6316k
 82 3666M   82 3022M    0     0  2674k      0  0:23:23  0:19:17  0:04:06 6745k
 82 3666M   82 3022M    0     0  2672k      0  0:23:25  0:19:18  0:04:07 6531k
 82 3666M   82 3022M    0     0  2669k      0  0:23:26  0:19:19  0:04:07 3392k
 82 3666M   82 3022M    0     0  2667k      0  0:23:27  0:19:20  0:04:07 3397k
 82 3666M   82 3022M    0     0  2665k      0  0:23:28  0:19:21  0:04:07 3304k
 82 3666M   82 3031M    0     0  2670k      0  0:23:25  0:19:22  0:04:03 1860k
 82 3666M   82 3038M    0     0  2674k      0  0:23:23  0:19:23  0:04:00 3334k
 83 3666M   83 3052M    0     0  2685k      0  0:23:18  0:19:24  0:03:54 6210k
 83 3666M   83 3052M    0     0  2682k      0  0:23:19  0:19:25  0:03:54 6213k
 83 3666M   83 3052M    0     0  2680k      0  0:23:20  0:19:26  0:03:54 6277k
 83 3666M   83 3068M    0     0  2692k      0  0:23:14  0:19:27  0:03:47 7660k
 83 3666M   83 3076M    0     0  2696k      0  0:23:12  0:19:28  0:03:44 7722k
 83 3666M   83 3076M    0     0  2694k      0  0:23:13  0:19:29  0:03:44 4858k
 83 3666M   83 3076M    0     0  2692k      0  0:23:14  0:19:30  0:03:44 4911k
 84 3666M   84 3092M    0     0  2704k      0  0:23:08  0:19:31  0:03:37 8227k
 84 3666M   84 3092M    0     0  2702k      0  0:23:09  0:19:32  0:03:37 4993k
 84 3666M   84 3093M    0     0  2699k      0  0:23:10  0:19:33  0:03:37 3460k
 84 3666M   84 3093M    0     0  2697k      0  0:23:11  0:19:34  0:03:37 3438k
 84 3666M   84 3093M    0     0  2695k      0  0:23:12  0:19:35  0:03:37 3409k
 84 3666M   84 3093M    0     0  2693k      0  0:23:14  0:19:36  0:03:38 38818
 84 3666M   84 3093M    0     0  2690k      0  0:23:15  0:19:37  0:03:38 41705
 84 3666M   84 3093M    0     0  2688k      0  0:23:16  0:19:38  0:03:38  116k
 84 3666M   84 3093M    0     0  2686k      0  0:23:17  0:19:39  0:03:38  113k
 84 3666M   84 3108M    0     0  2697k      0  0:23:11  0:19:40  0:03:31 3161k
 84 3666M   84 3113M    0     0  2699k      0  0:23:10  0:19:41  0:03:29 4147k
 85 3666M   85 3120M    0     0  2702k      0  0:23:09  0:19:42  0:03:27 5511k
 85 3666M   85 3120M    0     0  2700k      0  0:23:10  0:19:43  0:03:27 5438k
 85 3666M   85 3120M    0     0  2698k      0  0:23:11  0:19:44  0:03:27 5511k
 85 3666M   85 3136M    0     0  2710k      0  0:23:05  0:19:45  0:03:20 5726k
 85 3666M   85 3137M    0     0  2708k      0  0:23:06  0:19:46  0:03:20 4952k
 85 3666M   85 3152M    0     0  2719k      0  0:23:00  0:19:47  0:03:13 6673k
 85 3666M   85 3152M    0     0  2717k      0  0:23:01  0:19:48  0:03:13 6703k
 86 3666M   86 3163M    0     0  2724k      0  0:22:58  0:19:49  0:03:09 8817k
 86 3666M   86 3169M    0     0  2727k      0  0:22:56  0:19:50  0:03:06 6733k
 86 3666M   86 3169M    0     0  2724k      0  0:22:57  0:19:51  0:03:06 6515k
 86 3666M   86 3169M    0     0  2722k      0  0:22:58  0:19:52  0:03:06 3494k
 86 3666M   86 3185M    0     0  2733k      0  0:22:53  0:19:53  0:03:00 6593k
 86 3666M   86 3185M    0     0  2731k      0  0:22:54  0:19:54  0:03:00 4457k
 87 3666M   87 3201M    0     0  2743k      0  0:22:48  0:19:55  0:02:53 6557k
 87 3666M   87 3206M    0     0  2745k      0  0:22:47  0:19:56  0:02:51 7705k
 87 3666M   87 3206M    0     0  2743k      0  0:22:48  0:19:57  0:02:51 7600k
 87 3666M   87 3223M    0     0  2754k      0  0:22:42  0:19:58  0:02:44 7795k
 87 3666M   87 3224M    0     0  2753k      0  0:22:43  0:19:59  0:02:44 8059k
 87 3666M   87 3224M    0     0  2751k      0  0:22:44  0:20:00  0:02:44 4754k
 87 3666M   87 3224M    0     0  2749k      0  0:22:45  0:20:01  0:02:44 3650k
 87 3666M   87 3224M    0     0  2746k      0  0:22:46  0:20:02  0:02:44 3652k
 87 3666M   87 3224M    0     0  2744k      0  0:22:47  0:20:03  0:02:44  361k
 87 3666M   87 3224M    0     0  2742k      0  0:22:49  0:20:04  0:02:45 41513
 87 3666M   87 3225M    0     0  2740k      0  0:22:50  0:20:05  0:02:45  118k
 87 3666M   87 3225M    0     0  2738k      0  0:22:51  0:20:06  0:02:45  114k
 87 3666M   87 3225M    0     0  2736k      0  0:22:52  0:20:07  0:02:45  117k
 88 3666M   88 3226M    0     0  2735k      0  0:22:52  0:20:08  0:02:44  419k
 88 3666M   88 3244M    0     0  2747k      0  0:22:46  0:20:09  0:02:37 3932k
 88 3666M   88 3244M    0     0  2745k      0  0:22:47  0:20:10  0:02:37 3840k
 88 3666M   88 3244M    0     0  2742k      0  0:22:48  0:20:11  0:02:37 3863k
 88 3666M   88 3244M    0     0  2740k      0  0:22:49  0:20:12  0:02:37 3860k
 88 3666M   88 3244M    0     0  2738k      0  0:22:51  0:20:13  0:02:38 3529k
 88 3666M   88 3253M    0     0  2743k      0  0:22:48  0:20:14  0:02:34 1895k
 88 3666M   88 3259M    0     0  2747k      0  0:22:46  0:20:15  0:02:31 3217k
 89 3666M   89 3270M    0     0  2753k      0  0:22:43  0:20:16  0:02:27 5346k
 89 3666M   89 3283M    0     0  2762k      0  0:22:39  0:20:17  0:02:22 7999k
 89 3666M   89 3286M    0     0  2762k      0  0:22:39  0:20:18  0:02:21 8679k
 90 3666M   90 3300M    0     0  2772k      0  0:22:34  0:20:19  0:02:15 9707k
 90 3666M   90 3300M    0     0  2770k      0  0:22:35  0:20:20  0:02:15 8435k
 90 3666M   90 3300M    0     0  2768k      0  0:22:36  0:20:21  0:02:15 6288k
 90 3666M   90 3300M    0     0  2765k      0  0:22:37  0:20:22  0:02:15 3651k
 90 3666M   90 3301M    0     0  2763k      0  0:22:38  0:20:23  0:02:15 2989k
 90 3666M   90 3317M    0     0  2775k      0  0:22:32  0:20:24  0:02:08 3461k
 90 3666M   90 3326M    0     0  2780k      0  0:22:30  0:20:25  0:02:05 5318k
 90 3666M   90 3334M    0     0  2784k      0  0:22:28  0:20:26  0:02:02 6790k
 90 3666M   90 3334M    0     0  2782k      0  0:22:29  0:20:27  0:02:02 6834k
 90 3666M   90 3334M    0     0  2780k      0  0:22:30  0:20:28  0:02:02 6875k
 91 3666M   91 3352M    0     0  2793k      0  0:22:24  0:20:29  0:01:55 7125k
 91 3666M   91 3356M    0     0  2793k      0  0:22:23  0:20:30  0:01:53 6039k
 91 3666M   91 3366M    0     0  2799k      0  0:22:20  0:20:31  0:01:49 6579k
 91 3666M   91 3366M    0     0  2797k      0  0:22:22  0:20:32  0:01:50 6534k
 91 3666M   91 3366M    0     0  2795k      0  0:22:23  0:20:33  0:01:50 6516k
 92 3666M   92 3381M    0     0  2805k      0  0:22:18  0:20:34  0:01:44 5900k
 92 3666M   92 3392M    0     0  2812k      0  0:22:14  0:20:35  0:01:39 7483k
 92 3666M   92 3392M    0     0  2810k      0  0:22:15  0:20:36  0:01:39 5471k
 92 3666M   92 3402M    0     0  2816k      0  0:22:13  0:20:37  0:01:36 7431k
 92 3666M   92 3409M    0     0  2819k      0  0:22:11  0:20:38  0:01:33 8886k
 93 3666M   93 3422M    0     0  2827k      0  0:22:07  0:20:39  0:01:28 8336k
 93 3666M   93 3422M    0     0  2825k      0  0:22:08  0:20:40  0:01:28 5949k
 93 3666M   93 3422M    0     0  2823k      0  0:22:09  0:20:41  0:01:28 5975k
 93 3666M   93 3422M    0     0  2821k      0  0:22:10  0:20:42  0:01:28 4023k
 93 3666M   93 3422M    0     0  2818k      0  0:22:11  0:20:43  0:01:28 2585k
 93 3666M   93 3422M    0     0  2816k      0  0:22:12  0:20:44  0:01:28 41613
 93 3666M   93 3422M    0     0  2814k      0  0:22:13  0:20:45  0:01:28  101k
 93 3666M   93 3422M    0     0  2812k      0  0:22:14  0:20:46  0:01:28   99k
 93 3666M   93 3423M    0     0  2811k      0  0:22:15  0:20:47  0:01:28  276k
 93 3666M   93 3424M    0     0  2809k      0  0:22:16  0:20:48  0:01:28  399k
 93 3666M   93 3424M    0     0  2807k      0  0:22:17  0:20:49  0:01:28  397k
 93 3666M   93 3424M    0     0  2804k      0  0:22:18  0:20:50  0:01:28  336k
 93 3666M   93 3424M    0     0  2802k      0  0:22:19  0:20:51  0:01:28  335k
 93 3666M   93 3424M    0     0  2800k      0  0:22:20  0:20:52  0:01:28  159k
 93 3666M   93 3424M    0     0  2798k      0  0:22:21  0:20:53  0:01:28 35146
 93 3666M   93 3424M    0     0  2795k      0  0:22:22  0:20:54  0:01:28 35070
 93 3666M   93 3424M    0     0  2793k      0  0:22:23  0:20:55  0:01:28 35070
 93 3666M   93 3424M    0     0  2791k      0  0:22:24  0:20:56  0:01:28 35077
 93 3666M   93 3424M    0     0  2789k      0  0:22:25  0:20:57  0:01:28 34949
 93 3666M   93 3424M    0     0  2787k      0  0:22:27  0:20:58  0:01:29 34963
 93 3666M   93 3424M    0     0  2785k      0  0:22:28  0:20:59  0:01:29 35047
 93 3666M   93 3424M    0     0  2782k      0  0:22:29  0:21:00  0:01:29 35040
 93 3666M   93 3424M    0     0  2780k      0  0:22:30  0:21:01  0:01:29 35183
 93 3666M   93 3439M    0     0  2790k      0  0:22:25  0:21:02  0:01:23 3064k
 94 3666M   94 3447M    0     0  2795k      0  0:22:23  0:21:03  0:01:20 4796k
 94 3666M   94 3447M    0     0  2793k      0  0:22:24  0:21:04  0:01:20 4798k
 94 3666M   94 3447M    0     0  2790k      0  0:22:25  0:21:05  0:01:20 4800k
 94 3666M   94 3448M    0     0  2789k      0  0:22:26  0:21:06  0:01:20 4902k
 94 3666M   94 3459M    0     0  2795k      0  0:22:22  0:21:07  0:01:15 4143k
 94 3666M   94 3467M    0     0  2800k      0  0:22:20  0:21:08  0:01:12 4079k
 94 3666M   94 3474M    0     0  2803k      0  0:22:19  0:21:09  0:01:10 5473k
 95 3666M   95 3484M    0     0  2809k      0  0:22:16  0:21:10  0:01:06 7513k
 95 3666M   95 3495M    0     0  2815k      0  0:22:13  0:21:11  0:01:02 9625k
 95 3666M   95 3495M    0     0  2813k      0  0:22:14  0:21:12  0:01:02 7381k
 95 3666M   95 3512M    0     0  2824k      0  0:22:09  0:21:13  0:00:56 9059k
 96 3666M   96 3522M    0     0  2831k      0  0:22:06  0:21:14  0:00:52 9860k
 96 3666M   96 3526M    0     0  2832k      0  0:22:05  0:21:15  0:00:50 8612k
 96 3666M   96 3526M    0     0  2830k      0  0:22:06  0:21:16  0:00:50 6417k
 96 3666M   96 3526M    0     0  2827k      0  0:22:07  0:21:17  0:00:50 6383k
 96 3666M   96 3527M    0     0  2825k      0  0:22:08  0:21:18  0:00:50 3055k
 96 3666M   96 3527M    0     0  2823k      0  0:22:09  0:21:19  0:00:50  885k
 96 3666M   96 3527M    0     0  2821k      0  0:22:10  0:21:20  0:00:50 98876
 96 3666M   96 3527M    0     0  2819k      0  0:22:11  0:21:21  0:00:50 45743
 96 3666M   96 3527M    0     0  2817k      0  0:22:12  0:21:22  0:00:50 39298
 96 3666M   96 3527M    0     0  2814k      0  0:22:13  0:21:23  0:00:50 39801
 96 3666M   96 3527M    0     0  2812k      0  0:22:14  0:21:24  0:00:50 39545
 96 3666M   96 3527M    0     0  2810k      0  0:22:15  0:21:25  0:00:50 44897
 96 3666M   96 3527M    0     0  2808k      0  0:22:16  0:21:26  0:00:50 40422
 96 3666M   96 3527M    0     0  2806k      0  0:22:17  0:21:27  0:00:50 40668
 96 3666M   96 3527M    0     0  2804k      0  0:22:18  0:21:28  0:00:50 40424
 96 3666M   96 3527M    0     0  2802k      0  0:22:19  0:21:29  0:00:50 47948
 96 3666M   96 3527M    0     0  2799k      0  0:22:20  0:21:30  0:00:50 46182
 96 3666M   96 3527M    0     0  2797k      0  0:22:21  0:21:31  0:00:50 46182
 96 3666M   96 3527M    0     0  2795k      0  0:22:23  0:21:32  0:00:51 49928
 96 3666M   96 3527M    0     0  2793k      0  0:22:24  0:21:33  0:00:51 49928
 96 3666M   96 3527M    0     0  2791k      0  0:22:25  0:21:34  0:00:51 42666
 96 3666M   96 3545M    0     0  2803k      0  0:22:19  0:21:35  0:00:44 3768k
 96 3666M   96 3546M    0     0  2801k      0  0:22:19  0:21:36  0:00:43 3893k
 96 3666M   96 3546M    0     0  2799k      0  0:22:20  0:21:37  0:00:43 3890k
 96 3666M   96 3546M    0     0  2797k      0  0:22:22  0:21:38  0:00:44 3889k
 96 3666M   96 3547M    0     0  2795k      0  0:22:22  0:21:39  0:00:43 3975k
 96 3666M   96 3547M    0     0  2793k      0  0:22:23  0:21:40  0:00:43  248k
 96 3666M   96 3548M    0     0  2792k      0  0:22:24  0:21:41  0:00:43  362k
 97 3666M   97 3562M    0     0  2801k      0  0:22:19  0:21:42  0:00:37 3343k
 97 3666M   97 3562M    0     0  2799k      0  0:22:21  0:21:43  0:00:38 3344k
 97 3666M   97 3578M    0     0  2809k      0  0:22:16  0:21:44  0:00:32 6399k
 97 3666M   97 3578M    0     0  2807k      0  0:22:17  0:21:45  0:00:32 6394k
 97 3666M   97 3590M    0     0  2815k      0  0:22:13  0:21:46  0:00:27 8726k
 98 3666M   98 3599M    0     0  2819k      0  0:22:11  0:21:47  0:00:24 7446k
 98 3666M   98 3599M    0     0  2817k      0  0:22:12  0:21:48  0:00:24 7478k
 98 3666M   98 3612M    0     0  2825k      0  0:22:08  0:21:49  0:00:19 6978k
 98 3666M   98 3616M    0     0  2826k      0  0:22:08  0:21:50  0:00:18 7811k
 98 3666M   98 3616M    0     0  2824k      0  0:22:09  0:21:51  0:00:18 5230k
 98 3666M   98 3616M    0     0  2822k      0  0:22:10  0:21:52  0:00:18 3550k
 98 3666M   98 3617M    0     0  2820k      0  0:22:11  0:21:53  0:00:18 3598k
 99 3666M   99 3632M    0     0  2830k      0  0:22:06  0:21:54  0:00:12 4076k
 99 3666M   99 3643M    0     0  2836k      0  0:22:03  0:21:55  0:00:08 5478k
 99 3666M   99 3643M    0     0  2834k      0  0:22:04  0:21:56  0:00:08 5483k
 99 3666M   99 3643M    0     0  2832k      0  0:22:05  0:21:57  0:00:08 5487k
 99 3666M   99 3643M    0     0  2830k      0  0:22:06  0:21:58  0:00:08 5434k
 99 3666M   99 3655M    0     0  2838k      0  0:22:02  0:21:59  0:00:03 4874k
 99 3666M   99 3660M    0     0  2839k      0  0:22:02  0:22:00  0:00:02 3465k
100 3666M  100 3666M    0     0  2842k      0  0:22:00  0:22:00 --:--:-- 4955k
[faiss-sra] /home/runner/boostkit-perf/faiss/1.14.3/aarch64/38043065570-1/sra-test/hnsw_test hnsw gist-960-euclidean --no-pin
Loaded configuration:
  batch_size = 100
  batch_mode = false
  top_k = 10
  index_path = indexes/hnsw/gist.faiss
  num_threads = 32
  nloop = 5
  metric = L2
  efc = 500
  save_or_load = save
  efs = 360
  k_f = 58
base vector size: 1000000
query vector size: 1000
Index build+prepare time: 362.129 s
Loop 1/5:
  wall_time = 14.6306 s (broadcast->join)
  thread_time: min=11.3051 s, avg=12.3671 s, max=14.6304 s
  total_queries = nq(1000) * threads(32) = 32000
  QPS_total(wall) = 2187.19
  QPS_avg_thread  = 80.8596
Loop 2/5:
  wall_time = 14.5187 s (broadcast->join)
  thread_time: min=11.6294 s, avg=12.5414 s, max=14.5184 s
  total_queries = nq(1000) * threads(32) = 32000
  QPS_total(wall) = 2204.06
  QPS_avg_thread  = 79.7362
Loop 3/5:
  wall_time = 14.3884 s (broadcast->join)
  thread_time: min=11.6799 s, avg=12.5128 s, max=14.388 s
  total_queries = nq(1000) * threads(32) = 32000
  QPS_total(wall) = 2224.01
  QPS_avg_thread  = 79.9183
Loop 4/5:
  wall_time = 13.5451 s (broadcast->join)
  thread_time: min=12.3137 s, avg=12.6995 s, max=13.5446 s
  total_queries = nq(1000) * threads(32) = 32000
  QPS_total(wall) = 2362.47
  QPS_avg_thread  = 78.7433
Loop 5/5:
  wall_time = 13.6998 s (broadcast->join)
  thread_time: min=11.2825 s, avg=12.1492 s, max=13.6994 s
  total_queries = nq(1000) * threads(32) = 32000
  QPS_total(wall) = 2335.8
  QPS_avg_thread  = 82.3099
==================================================
Final Summary (same nq per thread):
  build+prepare_time = 362.129 s
  recall = 0.9891
  pin_threads = OFF
  loops = 5
  avg_loop_wall_time = 14.1565 s
  avg_thread_time(min/avg/max) = 11.6421 / 12.454 / 14.1561 s
  mid50_sorted_wall_mean = 14.0441 s
  total_queries_per_loop = 32000
  final_QPS(mid50 wall mean) = 2278.53
  QPS_from_avg_thread_time * threads = 2569.46
[faiss-sra] normalized 20 official measurements
