[golang] running official Bent benchmark suite
[golang] installing official Bent with go install
go: downloading golang.org/x/benchmarks v0.0.0-20260819172200-70693762b6a0
go: downloading github.com/BurntSushi/toml v1.0.0
go: downloading github.com/kballard/go-shellquote v0.0.0-20180428030007-95032a82bc51
Copied asset foo to current directory
Copied asset memprofile to current directory
Copied asset cpuprofile to current directory
Copied asset tmpclr to current directory
Copied asset benchtime to current directory
Copied asset benchsize to current directory
Copied asset benchdwarf to current directory
Copied asset cronjob.sh to current directory
Copied asset cmpjob.sh to current directory
Copied asset cmpcl.sh to current directory
Copied asset cmpcl-phase.sh to current directory
Copied asset tweet-results to current directory
Copied asset benchmarks-all.toml to current directory
Copied asset benchmarks-100.toml to current directory
Copied asset benchmarks-gc.toml to current directory
Copied asset benchmarks-gcplus.toml to current directory
Copied asset benchmarks-trial.toml to current directory
Copied asset configurations-sample.toml to current directory
Copied asset configurations-gollvm.toml to current directory
Copied asset configurations-cronjob.toml to current directory
Copied asset configurations-cmpjob.toml to current directory
Copied asset configurations-pgo.toml to current directory
Copied asset configurations-random.toml to current directory
Copied asset suites.toml to current directory
Created Dockerfile
[golang] running official Bent benchmark suite: bent -N 15
Go getting..............................................................................................
Building goroots.
Compiling...............................................
...............................................

shortname: semver-CoerceNewVersionSimple
toolchain: Baseline
goos: linux
goarch: arm64
pkg: github.com/Masterminds/semver/v3
BenchmarkCoerceNewVersionSimple-256     	 5890522	       200.9 ns/op	     128 B/op	       2 allocs/op
PASS

shortname: semver-CheckVersionRange
toolchain: Baseline
goos: linux
goarch: arm64
pkg: github.com/Masterminds/semver/v3
BenchmarkCheckVersionRange-256     	30555957	        38.57 ns/op	       0 B/op	       0 allocs/op
PASS

shortname: rcrowley_metrics-Histogram
toolchain: Baseline
goos: linux
goarch: arm64
pkg: github.com/rcrowley/go-metrics
BenchmarkHistogram-256     	29774745	        39.38 ns/op
PASS

shortname: minio-EncodedataUsageCacheInfo
toolchain: Baseline
goos: linux
goarch: arm64
pkg: github.com/minio/minio/cmd
BenchmarkEncodedataUsageCacheInfo-256     	21373652	        56.23 ns/op	1013.67 MB/s	       0 B/op	       0 allocs/op
PASS

shortname: workiva_rangetree-ImmutableInsertSecondDimension
toolchain: Baseline
goos: linux
goarch: arm64
pkg: github.com/Workiva/go-datastructures/rangetree
BenchmarkImmutableInsertSecondDimension-256     	      36	  37400784 ns/op
PASS

shortname: gproto_proto-Decode%2Frequired_field_in_oneof_message_set_%28%2Atest.TestRequiredForeign%29
toolchain: Baseline
goos: linux
goarch: arm64
pkg: google.golang.org/protobuf/proto
BenchmarkDecode/required_field_in_oneof_message_set_(*test.TestRequiredForeign)-256         	 4979839	       257.2 ns/op
PASS

shortname: gonum_community-NewUndirectedLayers%2FgraphSize%3D1000%2CnumGraphs%3D10
toolchain: Baseline
goos: linux
goarch: arm64
pkg: gonum.org/v1/gonum/graph/community
BenchmarkNewUndirectedLayers/graphSize=1000,numGraphs=10-256         	     949	   1277578 ns/op
PASS

shortname: semver-ValidateVersionRangeFail
toolchain: Baseline
goos: linux
goarch: arm64
pkg: github.com/Masterminds/semver/v3
BenchmarkValidateVersionRangeFail-256     	 1919954	       622.9 ns/op	     190 B/op	       7 allocs/op
PASS

shortname: ericlagergren_decimal-Pi%2Ffoo%3Dcockroachdb%2Fapd%2Fprec%3D100
toolchain: Baseline
goos: linux
goarch: arm64
pkg: github.com/ericlagergren/decimal_benchmarks
BenchmarkPi/foo=cockroachdb/apd/prec=100-256         	     235	   5071587 ns/op
PASS

shortname: workiva_btree_palm-BulkGet
toolchain: Baseline
goos: linux
goarch: arm64
pkg: github.com/Workiva/go-datastructures/btree/palm
BenchmarkBulkGet-256     	   10000	    724874 ns/op
PASS

shortname: dustin_humanize-Commaf
toolchain: Baseline
goos: linux
goarch: arm64
pkg: github.com/dustin/go-humanize
BenchmarkCommaf-256     	 4014148	       298.6 ns/op
PASS

shortname: workiva_rangetree_skiplist-MultiDimensionInsertAtZeroDimension
toolchain: Baseline
goos: linux
goarch: arm64
pkg: github.com/Workiva/go-datastructures/rangetree/skiplist
BenchmarkMultiDimensionInsertAtZeroDimension-256     	   10000	   2647956 ns/op
PASS

shortname: gproto_encoding-TextDecode
toolchain: Baseline
goos: linux
goarch: arm64
pkg: google.golang.org/protobuf/encoding
BenchmarkTextDecode-256     	      32	  37405462 ns/op
PASS

shortname: workiva_hilbert-BulkUpdatePoints
toolchain: Baseline
goos: linux
goarch: arm64
pkg: github.com/Workiva/go-datastructures/rtree/hilbert
BenchmarkBulkUpdatePoints-256     	    2814	    435890 ns/op
PASS

shortname: workiva_bitarray-CompressedIntersects
toolchain: Baseline
goos: linux
goarch: arm64
pkg: github.com/Workiva/go-datastructures/bitarray
BenchmarkCompressedIntersects-256     	22954680	        59.48 ns/op
PASS

shortname: workiva_avl-ImmutableInsert
toolchain: Baseline
goos: linux
goarch: arm64
pkg: github.com/Workiva/go-datastructures/tree/avl
BenchmarkImmutableInsert-256     	 1000000	      1019 ns/op
PASS

shortname: gonum_mat-UnmarshalVecDense10
toolchain: Baseline
goos: linux
goarch: arm64
pkg: gonum.org/v1/gonum/mat
BenchmarkUnmarshalVecDense10-256     	 3281470	       369.7 ns/op
PASS

shortname: gproto_proto-EqualWithDeeplyNestedEqual
toolchain: Baseline
goos: linux
goarch: arm64
pkg: google.golang.org/protobuf/proto
BenchmarkEqualWithDeeplyNestedEqual-256     	   22464	     53654 ns/op	       0 B/op	       0 allocs/op
PASS

shortname: gproto_json-Int
toolchain: Baseline
goos: linux
goarch: arm64
pkg: google.golang.org/protobuf/internal/encoding/json
BenchmarkInt-256     	 5181914	       233.5 ns/op
PASS

shortname: gproto_proto-EqualWithDeeplyNestedIdenticalPtr
toolchain: Baseline
goos: linux
goarch: arm64
pkg: google.golang.org/protobuf/proto
BenchmarkEqualWithDeeplyNestedIdenticalPtr-256     	257346722	         4.665 ns/op	       0 B/op	       0 allocs/op
PASS

shortname: capnproto2-Growth_MultiSegment
toolchain: Baseline
goos: linux
goarch: arm64
pkg: zombiezen.com/go/capnproto2
BenchmarkGrowth_MultiSegment-256     	      85	  14124536 ns/op	  74.24 MB/s	 1648893 B/op	      21 allocs/op
PASS

shortname: shopify_sarama-_getMetricNameForTopic
toolchain: Baseline
goos: linux
goarch: arm64
pkg: github.com/IBM/sarama
Benchmark_getMetricNameForTopic-256     	13131484	        91.42 ns/op	      16 B/op	       1 allocs/op
PASS

shortname: gonum_topo-SortStabilizedPath_100000
toolchain: Baseline
goos: linux
goarch: arm64
pkg: gonum.org/v1/gonum/graph/topo
BenchmarkSortStabilizedPath_100000-256     	       9	 128598269 ns/op
PASS

shortname: minio-AppendMsgBucketStats
toolchain: Baseline
goos: linux
goarch: arm64
pkg: github.com/minio/minio/cmd
BenchmarkAppendMsgBucketStats-256     	 8647808	       137.7 ns/op	3304.07 MB/s	       0 B/op	       0 allocs/op
PASS

shortname: k8s_workqueue-DelayingQueue_AddAfter
toolchain: Baseline
goos: linux
goarch: arm64
pkg: k8s.io/client-go/util/workqueue
BenchmarkDelayingQueue_AddAfter-256     	  551534	      3186 ns/op
PASS

shortname: gonum_lapack_native-Dgeev%2FCirculant5
toolchain: Baseline
goos: linux
goarch: arm64
pkg: gonum.org/v1/gonum/lapack/gonum
BenchmarkDgeev/Circulant5-256         	  127887	      9123 ns/op
PASS

shortname: uber_tally-TimerReport
toolchain: Baseline
goos: linux
goarch: arm64
pkg: github.com/uber-go/tally/v4
BenchmarkTimerReport-256     	18799053	        63.97 ns/op
PASS

shortname: benhoyt_goawk-NativeFunc
toolchain: Baseline
goos: linux
goarch: arm64
pkg: github.com/benhoyt/goawk/interp
BenchmarkNativeFunc-256     	  168513	      7397 ns/op
PASS

shortname: benhoyt_goawk-RepeatNew
toolchain: Baseline
goos: linux
goarch: arm64
pkg: github.com/benhoyt/goawk/interp
BenchmarkRepeatNew-256     	11920608	       100.3 ns/op
PASS

shortname: gonum_community-NewDirectedLayers%2FgraphSize%3D1000%2CnumGraphs%3D1
toolchain: Baseline
goos: linux
goarch: arm64
pkg: gonum.org/v1/gonum/graph/community
BenchmarkNewDirectedLayers/graphSize=1000,numGraphs=1-256         	   10000	    106800 ns/op
PASS

shortname: ericlagergren_decimal-Mandelbrot_decimal_GDA_9
toolchain: Baseline
goos: linux
goarch: arm64
pkg: github.com/ericlagergren/decimal_benchmarks
BenchmarkMandelbrot_decimal_GDA_9-256     	       1	1878105040 ns/op
PASS

shortname: kanzi-BWTSmallBlock
toolchain: Baseline
goos: linux
goarch: arm64
pkg: github.com/flanglet/kanzi-go/v2/benchmark
BenchmarkBWTSmallBlock-256     	      28	  40913835 ns/op
PASS

shortname: gproto_proto-Decode%2Fbasic_scalar_types_%28%2Atest.TestAllTypes%29
toolchain: Baseline
goos: linux
goarch: arm64
pkg: google.golang.org/protobuf/proto
BenchmarkDecode/basic_scalar_types_(*test.TestAllTypes)-256         	 1000000	      1899 ns/op
PASS

shortname: minio-AppendMsgBatchJobExpire
toolchain: Baseline
goos: linux
goarch: arm64
pkg: github.com/minio/minio/cmd
BenchmarkAppendMsgBatchJobExpire-256     	29101477	        40.62 ns/op	2314.39 MB/s	       0 B/op	       0 allocs/op
PASS

shortname: minio-UnmarshalBatchJobKeyRotateV1
toolchain: Baseline
goos: linux
goarch: arm64
pkg: github.com/minio/minio/cmd
BenchmarkUnmarshalBatchJobKeyRotateV1-256     	 5351131	       223.8 ns/op	1027.80 MB/s	       0 B/op	       0 allocs/op
PASS

shortname: ethereum_ethash-DifficultyCalculator%2Fu256-homestead
toolchain: Baseline
goos: linux
goarch: arm64
pkg: github.com/ethereum/go-ethereum/consensus/ethash
BenchmarkDifficultyCalculator/u256-homestead-256         	13851860	        86.27 ns/op	      64 B/op	       2 allocs/op
PASS

shortname: dustin_humanize-ParseSI
toolchain: Baseline
goos: linux
goarch: arm64
pkg: github.com/dustin/go-humanize
BenchmarkParseSI-256     	 2735211	       436.6 ns/op
PASS

shortname: kanzi-Huffman
toolchain: Baseline
goos: linux
goarch: arm64
pkg: github.com/flanglet/kanzi-go/v2/benchmark
BenchmarkHuffman-256     	     638	   1876075 ns/op
PASS

shortname: workiva_augmentedtree-AddItems
toolchain: Baseline
goos: linux
goarch: arm64
pkg: github.com/Workiva/go-datastructures/augmentedtree
BenchmarkAddItems-256     	    6645	    199951 ns/op
PASS

shortname: hugo_hugolib-CreateShortcodePlaceholders
toolchain: Baseline
goos: linux
goarch: arm64
pkg: github.com/gohugoio/hugo/hugolib
BenchmarkCreateShortcodePlaceholders-256     	22707759	        52.86 ns/op
PASS

shortname: shopify_sarama-ZstdMemoryConsumption%2Fno_drain
toolchain: Baseline
goos: linux
goarch: arm64
pkg: github.com/IBM/sarama
BenchmarkZstdMemoryConsumption/no_drain-256         	    2530	    460410 ns/op	   11552 B/op	       4 allocs/op
PASS

shortname: gonum_lapack_native-Dlantb%2FFrobeniusLowerNonUnitN%3D10000K%3D2
toolchain: Baseline
goos: linux
goarch: arm64
pkg: gonum.org/v1/gonum/lapack/gonum
BenchmarkDlantb/FrobeniusLowerNonUnitN=10000K=2-256         	   12153	    100001 ns/op
PASS

shortname: uuid-New
toolchain: Baseline
goos: linux
goarch: arm64
pkg: github.com/google/uuid
BenchmarkNew-256     	 3225438	       374.7 ns/op
PASS

shortname: gonum_traverse-WalkAllDepthFirstGnp_100_half
toolchain: Baseline
goos: linux
goarch: arm64
pkg: gonum.org/v1/gonum/graph/traverse
BenchmarkWalkAllDepthFirstGnp_100_half-256     	    3026	    396771 ns/op
PASS

shortname: minio-UnmarshalReplicationMRFStats
toolchain: Baseline
goos: linux
goarch: arm64
pkg: github.com/minio/minio/cmd
BenchmarkUnmarshalReplicationMRFStats-256     	46942258	        25.58 ns/op	2188.90 MB/s	       0 B/op	       0 allocs/op
PASS

shortname: ethereum_ecies-GenSharedKeyP256
toolchain: Baseline
goos: linux
goarch: arm64
pkg: github.com/ethereum/go-ethereum/crypto/ecies
BenchmarkGenSharedKeyP256-256     	   20496	     58652 ns/op
PASS

shortname: thriftrw_gen-RoundTrip%2FContainersOfContainers%2FDecode
toolchain: Baseline
goos: linux
goarch: arm64
pkg: go.uber.org/thriftrw/gen
BenchmarkRoundTrip/ContainersOfContainers/Decode-256  	   27636	     43620 ns/op
PASS

shortname: gproto_micro-Extension%2FGet%2FSet
toolchain: Baseline
goos: linux
goarch: arm64
pkg: google.golang.org/protobuf/internal/benchmarks/micro
BenchmarkExtension/Get/Set-256         	 7322410	       162.5 ns/op
PASS

shortname: uuid-UUID_UnmarshalJSON
toolchain: Baseline
goos: linux
goarch: arm64
pkg: github.com/google/uuid
BenchmarkUUID_UnmarshalJSON-256     	 3146259	       380.4 ns/op
PASS

shortname: ericlagergren_decimal-Pi%2Ffoo%3Dapmckinlay%2Fprec%3D19
toolchain: Baseline
goos: linux
goarch: arm64
pkg: github.com/ericlagergren/decimal_benchmarks
BenchmarkPi/foo=apmckinlay/prec=19-256 	  475584	      2480 ns/op
PASS

shortname: thriftrw_gen-RoundTrip%2FContainersOfContainers%2FEncode
toolchain: Baseline
goos: linux
goarch: arm64
pkg: go.uber.org/thriftrw/gen
BenchmarkRoundTrip/ContainersOfContainers/Encode-256  	   61540	     19296 ns/op
PASS

shortname: cespare_xxhash-DigestBytes%2F100B
toolchain: Baseline
goos: linux
goarch: arm64
pkg: github.com/cespare/xxhash/v2
BenchmarkDigestBytes/100B-256         	47175225	        25.36 ns/op	3942.96 MB/s
PASS

shortname: minio-UnmarshalBucketStats
toolchain: Baseline
goos: linux
goarch: arm64
pkg: github.com/minio/minio/cmd
BenchmarkUnmarshalBucketStats-256     	 3181861	       377.1 ns/op	1206.70 MB/s	       0 B/op	       0 allocs/op
PASS

shortname: uber_tally-ScopeTaggedCachedSubscopes
toolchain: Baseline
goos: linux
goarch: arm64
pkg: github.com/uber-go/tally/v4
BenchmarkScopeTaggedCachedSubscopes-256     	 1273114	       934.5 ns/op
PASS

shortname: rcrowley_metrics-Timer
toolchain: Baseline
goos: linux
goarch: arm64
pkg: github.com/rcrowley/go-metrics
BenchmarkTimer-256     	 3969504	       298.3 ns/op
PASS

shortname: gproto_json-Bool
toolchain: Baseline
goos: linux
goarch: arm64
pkg: google.golang.org/protobuf/internal/encoding/json
BenchmarkBool-256     	29643952	        40.45 ns/op
PASS

shortname: ethereum_whisper-DecryptionSymInvalid
toolchain: Baseline
goos: linux
goarch: arm64
pkg: github.com/ethereum/go-ethereum/whisper/whisperv6
BenchmarkDecryptionSymInvalid-256     	 6303282	       192.2 ns/op
PASS

shortname: gonum_mat-TriMulDiag%2FBenchmarkTriMulDiag100
toolchain: Baseline
goos: linux
goarch: arm64
pkg: gonum.org/v1/gonum/mat
BenchmarkTriMulDiag/BenchmarkTriMulDiag100-256         	   29445	     40966 ns/op
PASS

shortname: bloom_bits-BitSetExtractDeposit%2Fsize%3D64%2Ffn%3DDepositTo
toolchain: Baseline
goos: linux
goarch: arm64
pkg: github.com/bits-and-blooms/bitset
BenchmarkBitSetExtractDeposit/size=64/fn=DepositTo-256         	70315534	        17.03 ns/op	       0 B/op	       0 allocs/op
PASS

shortname: dustin_broadcast-DirectSend
toolchain: Baseline
goos: linux
goarch: arm64
pkg: github.com/dustin/go-broadcast
BenchmarkDirectSend-256     	 2811614	       429.5 ns/op
PASS

shortname: ethereum_trie-DecodeShortNodeUnsafe
toolchain: Baseline
Seed: 8a600b745eb4a16b
goos: linux
goarch: arm64
pkg: github.com/ethereum/go-ethereum/trie
BenchmarkDecodeShortNodeUnsafe-256     	 7202790	       165.9 ns/op	     109 B/op	       3 allocs/op
PASS

shortname: nelsam_gxui_interval-General
toolchain: Baseline
goos: linux
goarch: arm64
pkg: git.sr.ht/~nelsam/gxui/interval
BenchmarkGeneral-256     	 4452396	       274.6 ns/op
PASS

shortname: gproto_proto-Decode%2Fjust_at_recursion_limit_%28%2Atest3.TestAllTypes%29
toolchain: Baseline
goos: linux
goarch: arm64
pkg: google.golang.org/protobuf/proto
BenchmarkDecode/just_at_recursion_limit_(*test3.TestAllTypes)-256         	 1000000	      2617 ns/op
PASS

shortname: wazero-Compilation%2Fwithout_extern_cache
toolchain: Baseline
goos: linux
goarch: arm64
pkg: github.com/tetratelabs/wazero/internal/integration_test/bench
BenchmarkCompilation/without_extern_cache-256         	      94	  12695246 ns/op
PASS

shortname: workiva_queue-PriorityQueue
toolchain: Baseline
goos: linux
goarch: arm64
pkg: github.com/Workiva/go-datastructures/queue
BenchmarkPriorityQueue-256     	 1752686	       650.6 ns/op
PASS

shortname: workiva_rangetree-Apply
toolchain: Baseline
goos: linux
goarch: arm64
pkg: github.com/Workiva/go-datastructures/rangetree
BenchmarkApply-256     	   83629	     14197 ns/op
PASS

shortname: minio-DecodeBatchJobKeyRotateV1
toolchain: Baseline
goos: linux
goarch: arm64
pkg: github.com/minio/minio/cmd
BenchmarkDecodeBatchJobKeyRotateV1-256     	 3050546	       392.8 ns/op	 585.57 MB/s	       0 B/op	       0 allocs/op
PASS

shortname: dustin_humanize-BigCommas
toolchain: Baseline
goos: linux
goarch: arm64
pkg: github.com/dustin/go-humanize
BenchmarkBigCommas-256     	 2404168	       498.1 ns/op
PASS

shortname: workiva_set-Exists
toolchain: Baseline
goos: linux
goarch: arm64
pkg: github.com/Workiva/go-datastructures/set
BenchmarkExists-256     	30390794	        39.18 ns/op
PASS

shortname: commonmark_markdown-RenderSpecNoHTML
toolchain: Baseline
goos: linux
goarch: arm64
pkg: gitlab.com/golang-commonmark/markdown
BenchmarkRenderSpecNoHTML-256     	     244	   4887125 ns/op
PASS

shortname: hugo_helpers-AbsURL%2Fabsurl
toolchain: Baseline
goos: linux
goarch: arm64
pkg: github.com/gohugoio/hugo/helpers
BenchmarkAbsURL/absurl-256         	267351406	         4.490 ns/op
PASS

shortname: k8s_cache-EachListItemWithAlloc%2FPodList
toolchain: Baseline
goos: linux
goarch: arm64
pkg: k8s.io/client-go/tools/cache
BenchmarkEachListItemWithAlloc/PodList-256         	   18012	     66521 ns/op
PASS

shortname: uber_zap-JSONLogMarshalerFunc
toolchain: Baseline
goos: linux
goarch: arm64
pkg: go.uber.org/zap/zapcore
BenchmarkJSONLogMarshalerFunc-256     	  744715	      1623 ns/op
PASS

shortname: benhoyt_goawk-BuiltinGsubAmpersand
toolchain: Baseline
goos: linux
goarch: arm64
pkg: github.com/benhoyt/goawk/interp
BenchmarkBuiltinGsubAmpersand-256     	   69918	     17363 ns/op
PASS

shortname: hugo_helpers-RelURL
toolchain: Baseline
goos: linux
goarch: arm64
pkg: github.com/gohugoio/hugo/helpers
BenchmarkRelURL-256     	 3271034	       363.8 ns/op
PASS

shortname: gonum_mat-AddScaledVec10Inc1
toolchain: Baseline
goos: linux
goarch: arm64
pkg: gonum.org/v1/gonum/mat
BenchmarkAddScaledVec10Inc1-256     	 5259600	       236.6 ns/op
PASS

shortname: ethereum_whisper-DecryptionAsymInvalid
toolchain: Baseline
goos: linux
goarch: arm64
pkg: github.com/ethereum/go-ethereum/whisper/whisperv6
BenchmarkDecryptionAsymInvalid-256     	   11214	    106913 ns/op
PASS

shortname: gonum_mat-MarshalToVecDense10
toolchain: Baseline
goos: linux
goarch: arm64
pkg: gonum.org/v1/gonum/mat
BenchmarkMarshalToVecDense10-256     	 2447470	       492.6 ns/op
PASS

shortname: workiva_set-Clear
toolchain: Baseline
goos: linux
goarch: arm64
pkg: github.com/Workiva/go-datastructures/set
BenchmarkClear-256     	14463664	        83.81 ns/op
PASS

shortname: gonum_community-NewDirectedLayers%2FgraphSize%3D10%2CnumGraphs%3D1
toolchain: Baseline
goos: linux
goarch: arm64
pkg: gonum.org/v1/gonum/graph/community
BenchmarkNewDirectedLayers/graphSize=10,numGraphs=1-256         	 1000000	      1205 ns/op
PASS

shortname: ericlagergren_decimal-Pi%2Ffoo%3Dgo-inf%2Fprec%3D100
toolchain: Baseline
goos: linux
goarch: arm64
pkg: github.com/ericlagergren/decimal_benchmarks
BenchmarkPi/foo=go-inf/prec=100-256         	   10000	    111519 ns/op
PASS

shortname: gonum_mat-CholeskyFactorize%2Fn%3D10
toolchain: Baseline
goos: linux
goarch: arm64
pkg: gonum.org/v1/gonum/mat
BenchmarkCholeskyFactorize/n=10-256         	  434104	      2750 ns/op
PASS

shortname: workiva_triey-Iterator
toolchain: Baseline
goos: linux
goarch: arm64
pkg: github.com/Workiva/go-datastructures/trie/yfast
BenchmarkIterator-256     	  444441	      2700 ns/op
PASS

shortname: gproto_proto-Decode%2Frequired_group_set_%28%2Arequired_opaque.Group%29
toolchain: Baseline
goos: linux
goarch: arm64
pkg: google.golang.org/protobuf/proto
BenchmarkDecode/required_group_set_(*required_opaque.Group)-256         	12556783	        97.42 ns/op
PASS

shortname: dustin_broadcast-ParallelBrodcast
toolchain: Baseline
goos: linux
goarch: arm64
pkg: github.com/dustin/go-broadcast
BenchmarkParallelBrodcast-256     	 1763156	       705.9 ns/op
PASS

shortname: benhoyt_goawk-SimpleBuiltins
toolchain: Baseline
goos: linux
goarch: arm64
pkg: github.com/benhoyt/goawk/interp
BenchmarkSimpleBuiltins-256     	 2305684	       522.5 ns/op
PASS

shortname: minio-DecodeBucketStats
toolchain: Baseline
goos: linux
goarch: arm64
pkg: github.com/minio/minio/cmd
BenchmarkDecodeBucketStats-256     	 1620309	       740.3 ns/op	 614.59 MB/s	       0 B/op	       0 allocs/op
PASS

shortname: thriftrw_gen-RoundTrip%2FPrimitiveOptionalStruct%2FStreaming_Decode
toolchain: Baseline
goos: linux
goarch: arm64
pkg: go.uber.org/thriftrw/gen
BenchmarkRoundTrip/PrimitiveOptionalStruct/Streaming_Decode-256         	 1294902	       928.6 ns/op
PASS

shortname: minio-MarshalMsgBatchJobReplicateFlags
toolchain: Baseline
goos: linux
goarch: arm64
pkg: github.com/minio/minio/cmd
BenchmarkMarshalMsgBatchJobReplicateFlags-256     	10214738	       122.7 ns/op	     208 B/op	       1 allocs/op
PASS

shortname: kanzi-CM
toolchain: Baseline
goos: linux
goarch: arm64
pkg: github.com/flanglet/kanzi-go/v2/benchmark
BenchmarkCM-256     	      24	  49937723 ns/op
PASS

shortname: gonum_mat-CholeskyInverseTo%2Fn%3D100
toolchain: Baseline
goos: linux
goarch: arm64
pkg: gonum.org/v1/gonum/mat
BenchmarkCholeskyInverseTo/n=100-256         	    5474	    218888 ns/op
PASS

shortname: gonum_mat-Pool100by100Uncleared
toolchain: Baseline
goos: linux
goarch: arm64
pkg: gonum.org/v1/gonum/mat
BenchmarkPool100by100Uncleared-256     	63681118	        18.78 ns/op
PASS

shortname: gproto_proto-Decode%2Ffield_type_mismatch_%28%2Atest3.TestAllTypes%29
toolchain: Baseline
goos: linux
goarch: arm64
pkg: google.golang.org/protobuf/proto
BenchmarkDecode/field_type_mismatch_(*test3.TestAllTypes)-256         	 1000000	      1105 ns/op
PASS

shortname: benhoyt_goawk-RecursiveFunc
toolchain: Baseline
goos: linux
goarch: arm64
pkg: github.com/benhoyt/goawk/interp
BenchmarkRecursiveFunc-256     	  115734	     10712 ns/op
PASS

shortname: gproto_micro-EmptyMessage%2FWire%2FMarshal
toolchain: Baseline
goos: linux
goarch: arm64
pkg: google.golang.org/protobuf/internal/benchmarks/micro
BenchmarkEmptyMessage/Wire/Marshal-256         	1000000000	         0.3966 ns/op
PASS

shortname: capnproto2-Unmarshal_Reuse
toolchain: Baseline
goos: linux
goarch: arm64
pkg: zombiezen.com/go/capnproto2
BenchmarkUnmarshal_Reuse-256     	 2601334	       463.5 ns/op	       0 B/op	       0 allocs/op
PASS

shortname: gproto_reflect-Value%2FInterface
toolchain: Baseline
goos: linux
goarch: arm64
pkg: google.golang.org/protobuf/reflect/protoreflect
BenchmarkValue/Interface-256         	57264366	        21.23 ns/op	      16 B/op	       1 allocs/op
PASS

shortname: kanzi-ANS0
toolchain: Baseline
goos: linux
goarch: arm64
pkg: github.com/flanglet/kanzi-go/v2/benchmark
BenchmarkANS0-256     	     712	   1684810 ns/op
PASS

shortname: uuid-UUID_MarshalJSON
toolchain: Baseline
goos: linux
goarch: arm64
pkg: github.com/google/uuid
BenchmarkUUID_MarshalJSON-256     	 3430142	       352.8 ns/op
PASS

shortname: dustin_humanize-ParseBytes
toolchain: Baseline
goos: linux
goarch: arm64
pkg: github.com/dustin/go-humanize
BenchmarkParseBytes-256     	10839459	       111.7 ns/op
PASS

shortname: gproto_proto-EqualWithDeeplyNestedEqual
toolchain: Baseline
goos: linux
goarch: arm64
pkg: google.golang.org/protobuf/proto
BenchmarkEqualWithDeeplyNestedEqual-256     	   22632	     53031 ns/op	       0 B/op	       0 allocs/op
PASS

shortname: k8s_cache-EachListItemWithAlloc%2FPodList
toolchain: Baseline
goos: linux
goarch: arm64
pkg: k8s.io/client-go/tools/cache
BenchmarkEachListItemWithAlloc/PodList-256         	   18463	     66435 ns/op
PASS

shortname: thriftrw_gen-RoundTrip%2FContainersOfContainers%2FDecode
toolchain: Baseline
goos: linux
goarch: arm64
pkg: go.uber.org/thriftrw/gen
BenchmarkRoundTrip/ContainersOfContainers/Decode-256  	   27748	     43272 ns/op
PASS

shortname: gonum_mat-Pool100by100Uncleared
toolchain: Baseline
goos: linux
goarch: arm64
pkg: gonum.org/v1/gonum/mat
BenchmarkPool100by100Uncleared-256     	63643123	        18.79 ns/op
PASS

shortname: minio-AppendMsgBatchJobExpire
toolchain: Baseline
goos: linux
goarch: arm64
pkg: github.com/minio/minio/cmd
BenchmarkAppendMsgBatchJobExpire-256     	29433450	        40.59 ns/op	2315.87 MB/s	       0 B/op	       0 allocs/op
PASS

shortname: hugo_helpers-AbsURL%2Fabsurl
toolchain: Baseline
goos: linux
goarch: arm64
pkg: github.com/gohugoio/hugo/helpers
BenchmarkAbsURL/absurl-256         	267325981	         4.490 ns/op
PASS

shortname: workiva_rangetree-Apply
toolchain: Baseline
goos: linux
goarch: arm64
pkg: github.com/Workiva/go-datastructures/rangetree
BenchmarkApply-256     	   87446	     14099 ns/op
PASS

shortname: dustin_humanize-ParseSI
toolchain: Baseline
goos: linux
goarch: arm64
pkg: github.com/dustin/go-humanize
BenchmarkParseSI-256     	 2704540	       439.8 ns/op
PASS

shortname: dustin_humanize-Commaf
toolchain: Baseline
goos: linux
goarch: arm64
pkg: github.com/dustin/go-humanize
BenchmarkCommaf-256     	 4050864	       297.7 ns/op
PASS

shortname: uber_tally-TimerReport
toolchain: Baseline
goos: linux
goarch: arm64
pkg: github.com/uber-go/tally/v4
BenchmarkTimerReport-256     	18718954	        64.19 ns/op
PASS

shortname: ethereum_ethash-DifficultyCalculator%2Fu256-homestead
toolchain: Baseline
goos: linux
goarch: arm64
pkg: github.com/ethereum/go-ethereum/consensus/ethash
BenchmarkDifficultyCalculator/u256-homestead-256         	14375126	        86.64 ns/op	      64 B/op	       2 allocs/op
PASS

shortname: gonum_mat-AddScaledVec10Inc1
toolchain: Baseline
goos: linux
goarch: arm64
pkg: gonum.org/v1/gonum/mat
BenchmarkAddScaledVec10Inc1-256     	 5103357	       236.9 ns/op
PASS

shortname: benhoyt_goawk-RecursiveFunc
toolchain: Baseline
goos: linux
goarch: arm64
pkg: github.com/benhoyt/goawk/interp
BenchmarkRecursiveFunc-256     	  118861	     10611 ns/op
PASS

shortname: benhoyt_goawk-SimpleBuiltins
toolchain: Baseline
goos: linux
goarch: arm64
pkg: github.com/benhoyt/goawk/interp
BenchmarkSimpleBuiltins-256     	 2304962	       535.3 ns/op
PASS

shortname: capnproto2-Unmarshal_Reuse
toolchain: Baseline
goos: linux
goarch: arm64
pkg: zombiezen.com/go/capnproto2
BenchmarkUnmarshal_Reuse-256     	 2608708	       462.3 ns/op	       0 B/op	       0 allocs/op
PASS

shortname: ericlagergren_decimal-Pi%2Ffoo%3Dapmckinlay%2Fprec%3D19
toolchain: Baseline
goos: linux
goarch: arm64
pkg: github.com/ericlagergren/decimal_benchmarks
BenchmarkPi/foo=apmckinlay/prec=19-256 	  477048	      2491 ns/op
PASS

shortname: gonum_mat-MarshalToVecDense10
toolchain: Baseline
goos: linux
goarch: arm64
pkg: gonum.org/v1/gonum/mat
BenchmarkMarshalToVecDense10-256     	 2440551	       491.1 ns/op
PASS

shortname: kanzi-Huffman
toolchain: Baseline
goos: linux
goarch: arm64
pkg: github.com/flanglet/kanzi-go/v2/benchmark
BenchmarkHuffman-256     	     639	   1873699 ns/op
PASS

shortname: benhoyt_goawk-RepeatNew
toolchain: Baseline
goos: linux
goarch: arm64
pkg: github.com/benhoyt/goawk/interp
BenchmarkRepeatNew-256     	11951413	        99.96 ns/op
PASS

shortname: semver-CoerceNewVersionSimple
toolchain: Baseline
goos: linux
goarch: arm64
pkg: github.com/Masterminds/semver/v3
BenchmarkCoerceNewVersionSimple-256     	 6031144	       200.7 ns/op	     128 B/op	       2 allocs/op
PASS

shortname: shopify_sarama-ZstdMemoryConsumption%2Fno_drain
toolchain: Baseline
goos: linux
goarch: arm64
pkg: github.com/IBM/sarama
BenchmarkZstdMemoryConsumption/no_drain-256         	    2538	    458008 ns/op	   11525 B/op	       4 allocs/op
PASS

shortname: minio-DecodeBucketStats
toolchain: Baseline
goos: linux
goarch: arm64
pkg: github.com/minio/minio/cmd
BenchmarkDecodeBucketStats-256     	 1620028	       742.1 ns/op	 613.15 MB/s	       0 B/op	       0 allocs/op
PASS

shortname: benhoyt_goawk-BuiltinGsubAmpersand
toolchain: Baseline
goos: linux
goarch: arm64
pkg: github.com/benhoyt/goawk/interp
BenchmarkBuiltinGsubAmpersand-256     	   68846	     17211 ns/op
PASS

shortname: dustin_broadcast-DirectSend
toolchain: Baseline
goos: linux
goarch: arm64
pkg: github.com/dustin/go-broadcast
BenchmarkDirectSend-256     	 2751672	       433.3 ns/op
PASS

shortname: ethereum_ecies-GenSharedKeyP256
toolchain: Baseline
goos: linux
goarch: arm64
pkg: github.com/ethereum/go-ethereum/crypto/ecies
BenchmarkGenSharedKeyP256-256     	   20475	     58660 ns/op
PASS

shortname: gonum_topo-SortStabilizedPath_100000
toolchain: Baseline
goos: linux
goarch: arm64
pkg: gonum.org/v1/gonum/graph/topo
BenchmarkSortStabilizedPath_100000-256     	       9	 120042703 ns/op
PASS

shortname: k8s_workqueue-DelayingQueue_AddAfter
toolchain: Baseline
goos: linux
goarch: arm64
pkg: k8s.io/client-go/util/workqueue
BenchmarkDelayingQueue_AddAfter-256     	  537420	      3143 ns/op
PASS

shortname: minio-DecodeBatchJobKeyRotateV1
toolchain: Baseline
goos: linux
goarch: arm64
pkg: github.com/minio/minio/cmd
BenchmarkDecodeBatchJobKeyRotateV1-256     	 3057319	       391.9 ns/op	 586.93 MB/s	       0 B/op	       0 allocs/op
PASS

shortname: workiva_rangetree-ImmutableInsertSecondDimension
toolchain: Baseline
goos: linux
goarch: arm64
pkg: github.com/Workiva/go-datastructures/rangetree
BenchmarkImmutableInsertSecondDimension-256     	      38	  35709266 ns/op
PASS

shortname: minio-MarshalMsgBatchJobReplicateFlags
toolchain: Baseline
goos: linux
goarch: arm64
pkg: github.com/minio/minio/cmd
BenchmarkMarshalMsgBatchJobReplicateFlags-256     	10045761	       122.9 ns/op	     208 B/op	       1 allocs/op
PASS

shortname: workiva_btree_palm-BulkGet
toolchain: Baseline
goos: linux
goarch: arm64
pkg: github.com/Workiva/go-datastructures/btree/palm
BenchmarkBulkGet-256     	   10000	    703170 ns/op
PASS

shortname: minio-UnmarshalReplicationMRFStats
toolchain: Baseline
goos: linux
goarch: arm64
pkg: github.com/minio/minio/cmd
BenchmarkUnmarshalReplicationMRFStats-256     	46833818	        25.60 ns/op	2187.55 MB/s	       0 B/op	       0 allocs/op
PASS

shortname: gonum_mat-CholeskyFactorize%2Fn%3D10
toolchain: Baseline
goos: linux
goarch: arm64
pkg: gonum.org/v1/gonum/mat
BenchmarkCholeskyFactorize/n=10-256         	  434236	      2747 ns/op
PASS

shortname: rcrowley_metrics-Timer
toolchain: Baseline
goos: linux
goarch: arm64
pkg: github.com/rcrowley/go-metrics
BenchmarkTimer-256     	 4020064	       298.4 ns/op
PASS

shortname: nelsam_gxui_interval-General
toolchain: Baseline
goos: linux
goarch: arm64
pkg: git.sr.ht/~nelsam/gxui/interval
BenchmarkGeneral-256     	 4417264	       296.6 ns/op
PASS

shortname: uuid-New
toolchain: Baseline
goos: linux
goarch: arm64
pkg: github.com/google/uuid
BenchmarkNew-256     	 3210140	       373.5 ns/op
PASS

shortname: hugo_helpers-RelURL
toolchain: Baseline
goos: linux
goarch: arm64
pkg: github.com/gohugoio/hugo/helpers
BenchmarkRelURL-256     	 3332460	       354.8 ns/op
PASS

shortname: gproto_reflect-Value%2FInterface
toolchain: Baseline
goos: linux
goarch: arm64
pkg: google.golang.org/protobuf/reflect/protoreflect
BenchmarkValue/Interface-256         	57905472	        21.26 ns/op	      16 B/op	       1 allocs/op
PASS

shortname: gproto_proto-Decode%2Frequired_group_set_%28%2Arequired_opaque.Group%29
toolchain: Baseline
goos: linux
goarch: arm64
pkg: google.golang.org/protobuf/proto
BenchmarkDecode/required_group_set_(*required_opaque.Group)-256         	13397190	       105.1 ns/op
PASS

shortname: cespare_xxhash-DigestBytes%2F100B
toolchain: Baseline
goos: linux
goarch: arm64
pkg: github.com/cespare/xxhash/v2
BenchmarkDigestBytes/100B-256         	48098910	        25.37 ns/op	3942.10 MB/s
PASS

shortname: gproto_proto-Decode%2Fbasic_scalar_types_%28%2Atest.TestAllTypes%29
toolchain: Baseline
goos: linux
goarch: arm64
pkg: google.golang.org/protobuf/proto
BenchmarkDecode/basic_scalar_types_(*test.TestAllTypes)-256         	 1000000	      2715 ns/op
PASS

shortname: workiva_set-Clear
toolchain: Baseline
goos: linux
goarch: arm64
pkg: github.com/Workiva/go-datastructures/set
BenchmarkClear-256     	14486956	        84.31 ns/op
PASS

shortname: gonum_mat-UnmarshalVecDense10
toolchain: Baseline
goos: linux
goarch: arm64
pkg: gonum.org/v1/gonum/mat
BenchmarkUnmarshalVecDense10-256     	 3226930	       375.7 ns/op
PASS

shortname: workiva_avl-ImmutableInsert
toolchain: Baseline
goos: linux
goarch: arm64
pkg: github.com/Workiva/go-datastructures/tree/avl
BenchmarkImmutableInsert-256     	 1248838	       944.2 ns/op
PASS

shortname: kanzi-ANS0
toolchain: Baseline
goos: linux
goarch: arm64
pkg: github.com/flanglet/kanzi-go/v2/benchmark
BenchmarkANS0-256     	     712	   1681848 ns/op
PASS

shortname: gproto_proto-EqualWithDeeplyNestedIdenticalPtr
toolchain: Baseline
goos: linux
goarch: arm64
pkg: google.golang.org/protobuf/proto
BenchmarkEqualWithDeeplyNestedIdenticalPtr-256     	257331795	         4.665 ns/op	       0 B/op	       0 allocs/op
PASS

shortname: dustin_humanize-BigCommas
toolchain: Baseline
goos: linux
goarch: arm64
pkg: github.com/dustin/go-humanize
BenchmarkBigCommas-256     	 2372665	       512.6 ns/op
PASS

shortname: gonum_lapack_native-Dlantb%2FFrobeniusLowerNonUnitN%3D10000K%3D2
toolchain: Baseline
goos: linux
goarch: arm64
pkg: gonum.org/v1/gonum/lapack/gonum
BenchmarkDlantb/FrobeniusLowerNonUnitN=10000K=2-256         	   10000	    104632 ns/op
PASS

shortname: rcrowley_metrics-Histogram
toolchain: Baseline
goos: linux
goarch: arm64
pkg: github.com/rcrowley/go-metrics
BenchmarkHistogram-256     	29696104	        39.51 ns/op
PASS

shortname: dustin_humanize-ParseBytes
toolchain: Baseline
goos: linux
goarch: arm64
pkg: github.com/dustin/go-humanize
BenchmarkParseBytes-256     	10863196	       111.9 ns/op
PASS

shortname: uber_zap-JSONLogMarshalerFunc
toolchain: Baseline
goos: linux
goarch: arm64
pkg: go.uber.org/zap/zapcore
BenchmarkJSONLogMarshalerFunc-256     	  764814	      1596 ns/op
PASS

shortname: gonum_traverse-WalkAllDepthFirstGnp_100_half
toolchain: Baseline
goos: linux
goarch: arm64
pkg: gonum.org/v1/gonum/graph/traverse
BenchmarkWalkAllDepthFirstGnp_100_half-256     	    2932	    404816 ns/op
PASS

shortname: thriftrw_gen-RoundTrip%2FPrimitiveOptionalStruct%2FStreaming_Decode
toolchain: Baseline
goos: linux
goarch: arm64
pkg: go.uber.org/thriftrw/gen
BenchmarkRoundTrip/PrimitiveOptionalStruct/Streaming_Decode-256         	 1295431	       934.0 ns/op
PASS

shortname: gonum_community-NewDirectedLayers%2FgraphSize%3D10%2CnumGraphs%3D1
toolchain: Baseline
goos: linux
goarch: arm64
pkg: gonum.org/v1/gonum/graph/community
BenchmarkNewDirectedLayers/graphSize=10,numGraphs=1-256         	 1000000	      1203 ns/op
PASS

shortname: benhoyt_goawk-NativeFunc
toolchain: Baseline
goos: linux
goarch: arm64
pkg: github.com/benhoyt/goawk/interp
BenchmarkNativeFunc-256     	  162330	      7387 ns/op
PASS

shortname: commonmark_markdown-RenderSpecNoHTML
toolchain: Baseline
goos: linux
goarch: arm64
pkg: gitlab.com/golang-commonmark/markdown
BenchmarkRenderSpecNoHTML-256     	     242	   4951718 ns/op
PASS

shortname: workiva_hilbert-BulkUpdatePoints
toolchain: Baseline
goos: linux
goarch: arm64
pkg: github.com/Workiva/go-datastructures/rtree/hilbert
BenchmarkBulkUpdatePoints-256     	    2877	    440788 ns/op
PASS

shortname: ericlagergren_decimal-Mandelbrot_decimal_GDA_9
toolchain: Baseline
goos: linux
goarch: arm64
pkg: github.com/ericlagergren/decimal_benchmarks
BenchmarkMandelbrot_decimal_GDA_9-256     	       1	1878266410 ns/op
PASS

shortname: ethereum_whisper-DecryptionSymInvalid
toolchain: Baseline
goos: linux
goarch: arm64
pkg: github.com/ethereum/go-ethereum/whisper/whisperv6
BenchmarkDecryptionSymInvalid-256     	 6205720	       194.7 ns/op
PASS

shortname: gonum_mat-CholeskyInverseTo%2Fn%3D100
toolchain: Baseline
goos: linux
goarch: arm64
pkg: gonum.org/v1/gonum/mat
BenchmarkCholeskyInverseTo/n=100-256         	    5479	    218748 ns/op
PASS

shortname: gproto_micro-EmptyMessage%2FWire%2FMarshal
toolchain: Baseline
goos: linux
goarch: arm64
pkg: google.golang.org/protobuf/internal/benchmarks/micro
BenchmarkEmptyMessage/Wire/Marshal-256         	1000000000	         0.4062 ns/op
PASS

shortname: capnproto2-Growth_MultiSegment
toolchain: Baseline
goos: linux
goarch: arm64
pkg: zombiezen.com/go/capnproto2
BenchmarkGrowth_MultiSegment-256     	      85	  14075060 ns/op	  74.50 MB/s	 1648763 B/op	      21 allocs/op
PASS

shortname: kanzi-BWTSmallBlock
toolchain: Baseline
goos: linux
goarch: arm64
pkg: github.com/flanglet/kanzi-go/v2/benchmark
BenchmarkBWTSmallBlock-256     	      27	  41936910 ns/op
PASS

shortname: dustin_broadcast-ParallelBrodcast
toolchain: Baseline
goos: linux
goarch: arm64
pkg: github.com/dustin/go-broadcast
BenchmarkParallelBrodcast-256     	 1750130	       693.9 ns/op
PASS

shortname: gonum_community-NewUndirectedLayers%2FgraphSize%3D1000%2CnumGraphs%3D10
toolchain: Baseline
goos: linux
goarch: arm64
pkg: gonum.org/v1/gonum/graph/community
BenchmarkNewUndirectedLayers/graphSize=1000,numGraphs=10-256         	     938	   1281640 ns/op
PASS

shortname: minio-EncodedataUsageCacheInfo
toolchain: Baseline
goos: linux
goarch: arm64
pkg: github.com/minio/minio/cmd
BenchmarkEncodedataUsageCacheInfo-256     	21445558	        56.11 ns/op	1015.87 MB/s	       0 B/op	       0 allocs/op
PASS

shortname: wazero-Compilation%2Fwithout_extern_cache
toolchain: Baseline
goos: linux
goarch: arm64
pkg: github.com/tetratelabs/wazero/internal/integration_test/bench
BenchmarkCompilation/without_extern_cache-256         	      94	  12713180 ns/op
PASS

shortname: workiva_augmentedtree-AddItems
toolchain: Baseline
goos: linux
goarch: arm64
pkg: github.com/Workiva/go-datastructures/augmentedtree
BenchmarkAddItems-256     	    6733	    199780 ns/op
PASS

shortname: workiva_bitarray-CompressedIntersects
toolchain: Baseline
goos: linux
goarch: arm64
pkg: github.com/Workiva/go-datastructures/bitarray
BenchmarkCompressedIntersects-256     	22742248	        56.34 ns/op
PASS

shortname: gproto_json-Int
toolchain: Baseline
goos: linux
goarch: arm64
pkg: google.golang.org/protobuf/internal/encoding/json
BenchmarkInt-256     	 5231115	       233.4 ns/op
PASS

shortname: gproto_json-Bool
toolchain: Baseline
goos: linux
goarch: arm64
pkg: google.golang.org/protobuf/internal/encoding/json
BenchmarkBool-256     	29540685	        40.47 ns/op
PASS

shortname: minio-UnmarshalBatchJobKeyRotateV1
toolchain: Baseline
goos: linux
goarch: arm64
pkg: github.com/minio/minio/cmd
BenchmarkUnmarshalBatchJobKeyRotateV1-256     	 5316868	       223.9 ns/op	1027.20 MB/s	       0 B/op	       0 allocs/op
PASS

shortname: uber_tally-ScopeTaggedCachedSubscopes
toolchain: Baseline
goos: linux
goarch: arm64
pkg: github.com/uber-go/tally/v4
BenchmarkScopeTaggedCachedSubscopes-256     	 1294722	       946.6 ns/op
PASS

shortname: hugo_hugolib-CreateShortcodePlaceholders
toolchain: Baseline
goos: linux
goarch: arm64
pkg: github.com/gohugoio/hugo/hugolib
BenchmarkCreateShortcodePlaceholders-256     	22983583	        52.77 ns/op
PASS

shortname: bloom_bits-BitSetExtractDeposit%2Fsize%3D64%2Ffn%3DDepositTo
toolchain: Baseline
goos: linux
goarch: arm64
pkg: github.com/bits-and-blooms/bitset
BenchmarkBitSetExtractDeposit/size=64/fn=DepositTo-256         	70572625	        17.00 ns/op	       0 B/op	       0 allocs/op
PASS

shortname: gonum_mat-TriMulDiag%2FBenchmarkTriMulDiag100
toolchain: Baseline
goos: linux
goarch: arm64
pkg: gonum.org/v1/gonum/mat
BenchmarkTriMulDiag/BenchmarkTriMulDiag100-256         	   29961	     40079 ns/op
PASS

shortname: semver-ValidateVersionRangeFail
toolchain: Baseline
goos: linux
goarch: arm64
pkg: github.com/Masterminds/semver/v3
BenchmarkValidateVersionRangeFail-256     	 1833224	       659.9 ns/op	     190 B/op	       7 allocs/op
PASS

shortname: workiva_set-Exists
toolchain: Baseline
goos: linux
goarch: arm64
pkg: github.com/Workiva/go-datastructures/set
BenchmarkExists-256     	30353096	        39.83 ns/op
PASS

shortname: minio-AppendMsgBucketStats
toolchain: Baseline
goos: linux
goarch: arm64
pkg: github.com/minio/minio/cmd
BenchmarkAppendMsgBucketStats-256     	 8650959	       137.6 ns/op	3306.05 MB/s	       0 B/op	       0 allocs/op
PASS

shortname: uuid-UUID_UnmarshalJSON
toolchain: Baseline
goos: linux
goarch: arm64
pkg: github.com/google/uuid
BenchmarkUUID_UnmarshalJSON-256     	 3112105	       384.4 ns/op
PASS

shortname: gproto_proto-Decode%2Ffield_type_mismatch_%28%2Atest3.TestAllTypes%29
toolchain: Baseline
goos: linux
goarch: arm64
pkg: google.golang.org/protobuf/proto
BenchmarkDecode/field_type_mismatch_(*test3.TestAllTypes)-256         	 1000000	      1056 ns/op
PASS

shortname: minio-UnmarshalBucketStats
toolchain: Baseline
goos: linux
goarch: arm64
pkg: github.com/minio/minio/cmd
BenchmarkUnmarshalBucketStats-256     	 3163136	       377.3 ns/op	1205.98 MB/s	       0 B/op	       0 allocs/op
PASS

shortname: gonum_community-NewDirectedLayers%2FgraphSize%3D1000%2CnumGraphs%3D1
toolchain: Baseline
goos: linux
goarch: arm64
pkg: gonum.org/v1/gonum/graph/community
BenchmarkNewDirectedLayers/graphSize=1000,numGraphs=1-256         	   10000	    106976 ns/op
PASS

shortname: ethereum_trie-DecodeShortNodeUnsafe
toolchain: Baseline
Seed: 37bdb4e0db7c8c1f
goos: linux
goarch: arm64
pkg: github.com/ethereum/go-ethereum/trie
BenchmarkDecodeShortNodeUnsafe-256     	 7000575	       168.2 ns/op	     109 B/op	       3 allocs/op
PASS

shortname: ericlagergren_decimal-Pi%2Ffoo%3Dgo-inf%2Fprec%3D100
toolchain: Baseline
goos: linux
goarch: arm64
pkg: github.com/ericlagergren/decimal_benchmarks
BenchmarkPi/foo=go-inf/prec=100-256         	   10000	    111993 ns/op
PASS

shortname: gproto_encoding-TextDecode
toolchain: Baseline
goos: linux
goarch: arm64
pkg: google.golang.org/protobuf/encoding
BenchmarkTextDecode-256     	      32	  36399888 ns/op
PASS

shortname: shopify_sarama-_getMetricNameForTopic
toolchain: Baseline
goos: linux
goarch: arm64
pkg: github.com/IBM/sarama
Benchmark_getMetricNameForTopic-256     	13101849	        92.17 ns/op	      16 B/op	       1 allocs/op
PASS

shortname: workiva_triey-Iterator
toolchain: Baseline
goos: linux
goarch: arm64
pkg: github.com/Workiva/go-datastructures/trie/yfast
BenchmarkIterator-256     	  444865	      2704 ns/op
PASS

shortname: gproto_micro-Extension%2FGet%2FSet
toolchain: Baseline
goos: linux
goarch: arm64
pkg: google.golang.org/protobuf/internal/benchmarks/micro
BenchmarkExtension/Get/Set-256         	 7246128	       166.1 ns/op
PASS

shortname: workiva_rangetree_skiplist-MultiDimensionInsertAtZeroDimension
toolchain: Baseline
goos: linux
goarch: arm64
pkg: github.com/Workiva/go-datastructures/rangetree/skiplist
BenchmarkMultiDimensionInsertAtZeroDimension-256     	   10000	   2677202 ns/op
PASS

shortname: gonum_lapack_native-Dgeev%2FCirculant5
toolchain: Baseline
goos: linux
goarch: arm64
pkg: gonum.org/v1/gonum/lapack/gonum
BenchmarkDgeev/Circulant5-256         	  133166	      8946 ns/op
PASS

shortname: thriftrw_gen-RoundTrip%2FContainersOfContainers%2FEncode
toolchain: Baseline
goos: linux
goarch: arm64
pkg: go.uber.org/thriftrw/gen
BenchmarkRoundTrip/ContainersOfContainers/Encode-256  	   61573	     19207 ns/op
PASS

shortname: gproto_proto-Decode%2Frequired_field_in_oneof_message_set_%28%2Atest.TestRequiredForeign%29
toolchain: Baseline
goos: linux
goarch: arm64
pkg: google.golang.org/protobuf/proto
BenchmarkDecode/required_field_in_oneof_message_set_(*test.TestRequiredForeign)-256         	 3859166	       418.0 ns/op
PASS

shortname: workiva_queue-PriorityQueue
toolchain: Baseline
goos: linux
goarch: arm64
pkg: github.com/Workiva/go-datastructures/queue
BenchmarkPriorityQueue-256     	 1644828	       710.4 ns/op
PASS

shortname: semver-CheckVersionRange
toolchain: Baseline
goos: linux
goarch: arm64
pkg: github.com/Masterminds/semver/v3
BenchmarkCheckVersionRange-256     	30520892	        39.83 ns/op	       0 B/op	       0 allocs/op
PASS

shortname: ericlagergren_decimal-Pi%2Ffoo%3Dcockroachdb%2Fapd%2Fprec%3D100
toolchain: Baseline
goos: linux
goarch: arm64
pkg: github.com/ericlagergren/decimal_benchmarks
BenchmarkPi/foo=cockroachdb/apd/prec=100-256         	     236	   5079239 ns/op
PASS

shortname: gproto_proto-Decode%2Fjust_at_recursion_limit_%28%2Atest3.TestAllTypes%29
toolchain: Baseline
goos: linux
goarch: arm64
pkg: google.golang.org/protobuf/proto
BenchmarkDecode/just_at_recursion_limit_(*test3.TestAllTypes)-256         	 1000000	      2148 ns/op
PASS

shortname: kanzi-CM
toolchain: Baseline
goos: linux
goarch: arm64
pkg: github.com/flanglet/kanzi-go/v2/benchmark
BenchmarkCM-256     	      24	  49831590 ns/op
PASS

shortname: uuid-UUID_MarshalJSON
toolchain: Baseline
goos: linux
goarch: arm64
pkg: github.com/google/uuid
BenchmarkUUID_MarshalJSON-256     	 3352207	       357.1 ns/op
PASS

shortname: ethereum_whisper-DecryptionAsymInvalid
toolchain: Baseline
goos: linux
goarch: arm64
pkg: github.com/ethereum/go-ethereum/whisper/whisperv6
BenchmarkDecryptionAsymInvalid-256     	   10000	    108259 ns/op
PASS

shortname: workiva_btree_palm-BulkGet
toolchain: Baseline
goos: linux
goarch: arm64
pkg: github.com/Workiva/go-datastructures/btree/palm
BenchmarkBulkGet-256     	   10000	    704212 ns/op
PASS

shortname: gproto_micro-Extension%2FGet%2FSet
toolchain: Baseline
goos: linux
goarch: arm64
pkg: google.golang.org/protobuf/internal/benchmarks/micro
BenchmarkExtension/Get/Set-256         	 7352318	       165.1 ns/op
PASS

shortname: ethereum_trie-DecodeShortNodeUnsafe
toolchain: Baseline
Seed: 2117cdbc8c7db2f8
goos: linux
goarch: arm64
pkg: github.com/ethereum/go-ethereum/trie
BenchmarkDecodeShortNodeUnsafe-256     	 7158672	       164.8 ns/op	     109 B/op	       3 allocs/op
PASS

shortname: minio-EncodedataUsageCacheInfo
toolchain: Baseline
goos: linux
goarch: arm64
pkg: github.com/minio/minio/cmd
BenchmarkEncodedataUsageCacheInfo-256     	21385921	        56.18 ns/op	1014.57 MB/s	       0 B/op	       0 allocs/op
PASS

shortname: workiva_rangetree_skiplist-MultiDimensionInsertAtZeroDimension
toolchain: Baseline
goos: linux
goarch: arm64
pkg: github.com/Workiva/go-datastructures/rangetree/skiplist
BenchmarkMultiDimensionInsertAtZeroDimension-256     	   10000	   2646429 ns/op
PASS

shortname: benhoyt_goawk-RepeatNew
toolchain: Baseline
goos: linux
goarch: arm64
pkg: github.com/benhoyt/goawk/interp
BenchmarkRepeatNew-256     	11790690	        99.68 ns/op
PASS

shortname: minio-UnmarshalBatchJobKeyRotateV1
toolchain: Baseline
goos: linux
goarch: arm64
pkg: github.com/minio/minio/cmd
BenchmarkUnmarshalBatchJobKeyRotateV1-256     	 5312641	       224.5 ns/op	1024.36 MB/s	       0 B/op	       0 allocs/op
PASS

shortname: gonum_mat-Pool100by100Uncleared
toolchain: Baseline
goos: linux
goarch: arm64
pkg: gonum.org/v1/gonum/mat
BenchmarkPool100by100Uncleared-256     	63641941	        18.78 ns/op
PASS

shortname: minio-UnmarshalReplicationMRFStats
toolchain: Baseline
goos: linux
goarch: arm64
pkg: github.com/minio/minio/cmd
BenchmarkUnmarshalReplicationMRFStats-256     	46766742	        25.56 ns/op	2190.90 MB/s	       0 B/op	       0 allocs/op
PASS

shortname: minio-MarshalMsgBatchJobReplicateFlags
toolchain: Baseline
goos: linux
goarch: arm64
pkg: github.com/minio/minio/cmd
BenchmarkMarshalMsgBatchJobReplicateFlags-256     	 9850878	       122.1 ns/op	     208 B/op	       1 allocs/op
PASS

shortname: gonum_lapack_native-Dlantb%2FFrobeniusLowerNonUnitN%3D10000K%3D2
toolchain: Baseline
goos: linux
goarch: arm64
pkg: gonum.org/v1/gonum/lapack/gonum
BenchmarkDlantb/FrobeniusLowerNonUnitN=10000K=2-256         	   10000	    102124 ns/op
PASS

shortname: ericlagergren_decimal-Pi%2Ffoo%3Dapmckinlay%2Fprec%3D19
toolchain: Baseline
goos: linux
goarch: arm64
pkg: github.com/ericlagergren/decimal_benchmarks
BenchmarkPi/foo=apmckinlay/prec=19-256 	  477199	      2484 ns/op
PASS

shortname: minio-DecodeBucketStats
toolchain: Baseline
goos: linux
goarch: arm64
pkg: github.com/minio/minio/cmd
BenchmarkDecodeBucketStats-256     	 1621060	       741.9 ns/op	 613.29 MB/s	       0 B/op	       0 allocs/op
PASS

shortname: kanzi-Huffman
toolchain: Baseline
goos: linux
goarch: arm64
pkg: github.com/flanglet/kanzi-go/v2/benchmark
BenchmarkHuffman-256     	     640	   1867529 ns/op
PASS

shortname: ethereum_ecies-GenSharedKeyP256
toolchain: Baseline
goos: linux
goarch: arm64
pkg: github.com/ethereum/go-ethereum/crypto/ecies
BenchmarkGenSharedKeyP256-256     	   20522	     58580 ns/op
PASS

shortname: workiva_set-Exists
toolchain: Baseline
goos: linux
goarch: arm64
pkg: github.com/Workiva/go-datastructures/set
BenchmarkExists-256     	30591368	        39.66 ns/op
PASS

shortname: gonum_community-NewUndirectedLayers%2FgraphSize%3D1000%2CnumGraphs%3D10
toolchain: Baseline
goos: linux
goarch: arm64
pkg: gonum.org/v1/gonum/graph/community
BenchmarkNewUndirectedLayers/graphSize=1000,numGraphs=10-256         	     944	   1270375 ns/op
PASS

shortname: workiva_rangetree-Apply
toolchain: Baseline
goos: linux
goarch: arm64
pkg: github.com/Workiva/go-datastructures/rangetree
BenchmarkApply-256     	   87588	     13673 ns/op
PASS

shortname: benhoyt_goawk-BuiltinGsubAmpersand
toolchain: Baseline
goos: linux
goarch: arm64
pkg: github.com/benhoyt/goawk/interp
BenchmarkBuiltinGsubAmpersand-256     	   70602	     17324 ns/op
PASS

shortname: gonum_mat-UnmarshalVecDense10
toolchain: Baseline
goos: linux
goarch: arm64
pkg: gonum.org/v1/gonum/mat
BenchmarkUnmarshalVecDense10-256     	 3203376	       375.8 ns/op
PASS

shortname: gproto_proto-EqualWithDeeplyNestedIdenticalPtr
toolchain: Baseline
goos: linux
goarch: arm64
pkg: google.golang.org/protobuf/proto
BenchmarkEqualWithDeeplyNestedIdenticalPtr-256     	256618495	         4.671 ns/op	       0 B/op	       0 allocs/op
PASS

shortname: wazero-Compilation%2Fwithout_extern_cache
toolchain: Baseline
goos: linux
goarch: arm64
pkg: github.com/tetratelabs/wazero/internal/integration_test/bench
BenchmarkCompilation/without_extern_cache-256         	      93	  12789739 ns/op
PASS

shortname: commonmark_markdown-RenderSpecNoHTML
toolchain: Baseline
goos: linux
goarch: arm64
pkg: gitlab.com/golang-commonmark/markdown
BenchmarkRenderSpecNoHTML-256     	     242	   4881953 ns/op
PASS

shortname: dustin_broadcast-DirectSend
toolchain: Baseline
goos: linux
goarch: arm64
pkg: github.com/dustin/go-broadcast
BenchmarkDirectSend-256     	 2730534	       420.6 ns/op
PASS

shortname: kanzi-ANS0
toolchain: Baseline
goos: linux
goarch: arm64
pkg: github.com/flanglet/kanzi-go/v2/benchmark
BenchmarkANS0-256     	     711	   1686884 ns/op
PASS

shortname: minio-AppendMsgBatchJobExpire
toolchain: Baseline
goos: linux
goarch: arm64
pkg: github.com/minio/minio/cmd
BenchmarkAppendMsgBatchJobExpire-256     	29393587	        40.69 ns/op	2310.35 MB/s	       0 B/op	       0 allocs/op
PASS

shortname: workiva_set-Clear
toolchain: Baseline
goos: linux
goarch: arm64
pkg: github.com/Workiva/go-datastructures/set
BenchmarkClear-256     	14054746	        85.81 ns/op
PASS

shortname: gproto_json-Int
toolchain: Baseline
goos: linux
goarch: arm64
pkg: google.golang.org/protobuf/internal/encoding/json
BenchmarkInt-256     	 5168515	       232.8 ns/op
PASS

shortname: ethereum_whisper-DecryptionSymInvalid
toolchain: Baseline
goos: linux
goarch: arm64
pkg: github.com/ethereum/go-ethereum/whisper/whisperv6
BenchmarkDecryptionSymInvalid-256     	 5843263	       196.0 ns/op
PASS

shortname: ethereum_ethash-DifficultyCalculator%2Fu256-homestead
toolchain: Baseline
goos: linux
goarch: arm64
pkg: github.com/ethereum/go-ethereum/consensus/ethash
BenchmarkDifficultyCalculator/u256-homestead-256         	14035498	        87.80 ns/op	      64 B/op	       2 allocs/op
PASS

shortname: gproto_encoding-TextDecode
toolchain: Baseline
goos: linux
goarch: arm64
pkg: google.golang.org/protobuf/encoding
BenchmarkTextDecode-256     	      32	  36432975 ns/op
PASS

shortname: minio-DecodeBatchJobKeyRotateV1
toolchain: Baseline
goos: linux
goarch: arm64
pkg: github.com/minio/minio/cmd
BenchmarkDecodeBatchJobKeyRotateV1-256     	 3051339	       391.5 ns/op	 587.53 MB/s	       0 B/op	       0 allocs/op
PASS

shortname: benhoyt_goawk-SimpleBuiltins
toolchain: Baseline
goos: linux
goarch: arm64
pkg: github.com/benhoyt/goawk/interp
BenchmarkSimpleBuiltins-256     	 2283480	       524.2 ns/op
PASS

shortname: ericlagergren_decimal-Pi%2Ffoo%3Dcockroachdb%2Fapd%2Fprec%3D100
toolchain: Baseline
goos: linux
goarch: arm64
pkg: github.com/ericlagergren/decimal_benchmarks
BenchmarkPi/foo=cockroachdb/apd/prec=100-256         	     237	   5074017 ns/op
PASS

shortname: workiva_queue-PriorityQueue
toolchain: Baseline
goos: linux
goarch: arm64
pkg: github.com/Workiva/go-datastructures/queue
BenchmarkPriorityQueue-256     	 1684100	       639.9 ns/op
PASS

shortname: minio-UnmarshalBucketStats
toolchain: Baseline
goos: linux
goarch: arm64
pkg: github.com/minio/minio/cmd
BenchmarkUnmarshalBucketStats-256     	 3203973	       376.7 ns/op	1207.91 MB/s	       0 B/op	       0 allocs/op
PASS

shortname: gproto_proto-Decode%2Frequired_group_set_%28%2Arequired_opaque.Group%29
toolchain: Baseline
goos: linux
goarch: arm64
pkg: google.golang.org/protobuf/proto
BenchmarkDecode/required_group_set_(*required_opaque.Group)-256         	12644922	        95.12 ns/op
PASS

shortname: kanzi-BWTSmallBlock
toolchain: Baseline
goos: linux
goarch: arm64
pkg: github.com/flanglet/kanzi-go/v2/benchmark
BenchmarkBWTSmallBlock-256     	      28	  40675516 ns/op
PASS

shortname: rcrowley_metrics-Histogram
toolchain: Baseline
goos: linux
goarch: arm64
pkg: github.com/rcrowley/go-metrics
BenchmarkHistogram-256     	29702212	        39.44 ns/op
PASS

shortname: gonum_community-NewDirectedLayers%2FgraphSize%3D10%2CnumGraphs%3D1
toolchain: Baseline
goos: linux
goarch: arm64
pkg: gonum.org/v1/gonum/graph/community
BenchmarkNewDirectedLayers/graphSize=10,numGraphs=1-256         	 1000000	      1198 ns/op
PASS

shortname: uber_tally-TimerReport
toolchain: Baseline
goos: linux
goarch: arm64
pkg: github.com/uber-go/tally/v4
BenchmarkTimerReport-256     	18557850	        64.66 ns/op
PASS

shortname: gproto_proto-Decode%2Fbasic_scalar_types_%28%2Atest.TestAllTypes%29
toolchain: Baseline
goos: linux
goarch: arm64
pkg: google.golang.org/protobuf/proto
BenchmarkDecode/basic_scalar_types_(*test.TestAllTypes)-256         	 1000000	      2448 ns/op
PASS

shortname: hugo_hugolib-CreateShortcodePlaceholders
toolchain: Baseline
goos: linux
goarch: arm64
pkg: github.com/gohugoio/hugo/hugolib
BenchmarkCreateShortcodePlaceholders-256     	22914248	        52.79 ns/op
PASS

shortname: uuid-New
toolchain: Baseline
goos: linux
goarch: arm64
pkg: github.com/google/uuid
BenchmarkNew-256     	 3238717	       372.4 ns/op
PASS

shortname: hugo_helpers-AbsURL%2Fabsurl
toolchain: Baseline
goos: linux
goarch: arm64
pkg: github.com/gohugoio/hugo/helpers
BenchmarkAbsURL/absurl-256         	267391510	         4.489 ns/op
PASS

shortname: kanzi-CM
toolchain: Baseline
goos: linux
goarch: arm64
pkg: github.com/flanglet/kanzi-go/v2/benchmark
BenchmarkCM-256     	      22	  49888224 ns/op
PASS

shortname: uber_tally-ScopeTaggedCachedSubscopes
toolchain: Baseline
goos: linux
goarch: arm64
pkg: github.com/uber-go/tally/v4
BenchmarkScopeTaggedCachedSubscopes-256     	 1296367	       935.9 ns/op
PASS

shortname: dustin_humanize-ParseBytes
toolchain: Baseline
goos: linux
goarch: arm64
pkg: github.com/dustin/go-humanize
BenchmarkParseBytes-256     	10887224	       112.5 ns/op
PASS

shortname: gproto_proto-Decode%2Ffield_type_mismatch_%28%2Atest3.TestAllTypes%29
toolchain: Baseline
goos: linux
goarch: arm64
pkg: google.golang.org/protobuf/proto
BenchmarkDecode/field_type_mismatch_(*test3.TestAllTypes)-256         	 1000000	      1132 ns/op
PASS

shortname: workiva_rangetree-ImmutableInsertSecondDimension
toolchain: Baseline
goos: linux
goarch: arm64
pkg: github.com/Workiva/go-datastructures/rangetree
BenchmarkImmutableInsertSecondDimension-256     	      38	  31727706 ns/op
PASS

shortname: dustin_humanize-Commaf
toolchain: Baseline
goos: linux
goarch: arm64
pkg: github.com/dustin/go-humanize
BenchmarkCommaf-256     	 3984229	       298.2 ns/op
PASS

shortname: benhoyt_goawk-RecursiveFunc
toolchain: Baseline
goos: linux
goarch: arm64
pkg: github.com/benhoyt/goawk/interp
BenchmarkRecursiveFunc-256     	  115755	     10663 ns/op
PASS

shortname: gproto_micro-EmptyMessage%2FWire%2FMarshal
toolchain: Baseline
goos: linux
goarch: arm64
pkg: google.golang.org/protobuf/internal/benchmarks/micro
BenchmarkEmptyMessage/Wire/Marshal-256         	1000000000	         0.3970 ns/op
PASS

shortname: shopify_sarama-ZstdMemoryConsumption%2Fno_drain
toolchain: Baseline
goos: linux
goarch: arm64
pkg: github.com/IBM/sarama
BenchmarkZstdMemoryConsumption/no_drain-256         	    2565	    452170 ns/op	   11437 B/op	       4 allocs/op
PASS

shortname: gproto_proto-EqualWithDeeplyNestedEqual
toolchain: Baseline
goos: linux
goarch: arm64
pkg: google.golang.org/protobuf/proto
BenchmarkEqualWithDeeplyNestedEqual-256     	   22239	     53973 ns/op	       0 B/op	       0 allocs/op
PASS

shortname: gonum_mat-AddScaledVec10Inc1
toolchain: Baseline
goos: linux
goarch: arm64
pkg: gonum.org/v1/gonum/mat
BenchmarkAddScaledVec10Inc1-256     	 5108923	       233.0 ns/op
PASS

shortname: uuid-UUID_MarshalJSON
toolchain: Baseline
goos: linux
goarch: arm64
pkg: github.com/google/uuid
BenchmarkUUID_MarshalJSON-256     	 3408810	       352.7 ns/op
PASS

shortname: benhoyt_goawk-NativeFunc
toolchain: Baseline
goos: linux
goarch: arm64
pkg: github.com/benhoyt/goawk/interp
BenchmarkNativeFunc-256     	  167476	      7405 ns/op
PASS

shortname: workiva_bitarray-CompressedIntersects
toolchain: Baseline
goos: linux
goarch: arm64
pkg: github.com/Workiva/go-datastructures/bitarray
BenchmarkCompressedIntersects-256     	21409207	        56.67 ns/op
PASS

shortname: gonum_traverse-WalkAllDepthFirstGnp_100_half
toolchain: Baseline
goos: linux
goarch: arm64
pkg: gonum.org/v1/gonum/graph/traverse
BenchmarkWalkAllDepthFirstGnp_100_half-256     	    2979	    396627 ns/op
PASS

shortname: nelsam_gxui_interval-General
toolchain: Baseline
goos: linux
goarch: arm64
pkg: git.sr.ht/~nelsam/gxui/interval
BenchmarkGeneral-256     	 4406926	       297.5 ns/op
PASS

shortname: gonum_mat-CholeskyFactorize%2Fn%3D10
toolchain: Baseline
goos: linux
goarch: arm64
pkg: gonum.org/v1/gonum/mat
BenchmarkCholeskyFactorize/n=10-256         	  436596	      2749 ns/op
PASS

shortname: gonum_mat-TriMulDiag%2FBenchmarkTriMulDiag100
toolchain: Baseline
goos: linux
goarch: arm64
pkg: gonum.org/v1/gonum/mat
BenchmarkTriMulDiag/BenchmarkTriMulDiag100-256         	   29359	     40977 ns/op
PASS

shortname: dustin_humanize-ParseSI
toolchain: Baseline
goos: linux
goarch: arm64
pkg: github.com/dustin/go-humanize
BenchmarkParseSI-256     	 2745526	       437.2 ns/op
PASS

shortname: thriftrw_gen-RoundTrip%2FContainersOfContainers%2FDecode
toolchain: Baseline
goos: linux
goarch: arm64
pkg: go.uber.org/thriftrw/gen
BenchmarkRoundTrip/ContainersOfContainers/Decode-256  	   28496	     42692 ns/op
PASS

shortname: rcrowley_metrics-Timer
toolchain: Baseline
goos: linux
goarch: arm64
pkg: github.com/rcrowley/go-metrics
BenchmarkTimer-256     	 4005541	       300.1 ns/op
PASS

shortname: capnproto2-Unmarshal_Reuse
toolchain: Baseline
goos: linux
goarch: arm64
pkg: zombiezen.com/go/capnproto2
BenchmarkUnmarshal_Reuse-256     	 2600935	       461.7 ns/op	       0 B/op	       0 allocs/op
PASS

shortname: gonum_community-NewDirectedLayers%2FgraphSize%3D1000%2CnumGraphs%3D1
toolchain: Baseline
goos: linux
goarch: arm64
pkg: gonum.org/v1/gonum/graph/community
BenchmarkNewDirectedLayers/graphSize=1000,numGraphs=1-256         	   10000	    106835 ns/op
PASS

shortname: gproto_proto-Decode%2Frequired_field_in_oneof_message_set_%28%2Atest.TestRequiredForeign%29
toolchain: Baseline
goos: linux
goarch: arm64
pkg: google.golang.org/protobuf/proto
BenchmarkDecode/required_field_in_oneof_message_set_(*test.TestRequiredForeign)-256         	 4035813	       462.2 ns/op
PASS

shortname: k8s_cache-EachListItemWithAlloc%2FPodList
toolchain: Baseline
goos: linux
goarch: arm64
pkg: k8s.io/client-go/tools/cache
BenchmarkEachListItemWithAlloc/PodList-256         	   18124	     66658 ns/op
PASS

shortname: dustin_humanize-BigCommas
toolchain: Baseline
goos: linux
goarch: arm64
pkg: github.com/dustin/go-humanize
BenchmarkBigCommas-256     	 2379608	       505.2 ns/op
PASS

shortname: shopify_sarama-_getMetricNameForTopic
toolchain: Baseline
goos: linux
goarch: arm64
pkg: github.com/IBM/sarama
Benchmark_getMetricNameForTopic-256     	13174778	        91.14 ns/op	      16 B/op	       1 allocs/op
PASS

shortname: semver-ValidateVersionRangeFail
toolchain: Baseline
goos: linux
goarch: arm64
pkg: github.com/Masterminds/semver/v3
BenchmarkValidateVersionRangeFail-256     	 1980364	       624.1 ns/op	     190 B/op	       7 allocs/op
PASS

shortname: uber_zap-JSONLogMarshalerFunc
toolchain: Baseline
goos: linux
goarch: arm64
pkg: go.uber.org/zap/zapcore
BenchmarkJSONLogMarshalerFunc-256     	  805372	      1588 ns/op
PASS

shortname: workiva_triey-Iterator
toolchain: Baseline
goos: linux
goarch: arm64
pkg: github.com/Workiva/go-datastructures/trie/yfast
BenchmarkIterator-256     	  445888	      2702 ns/op
PASS

shortname: cespare_xxhash-DigestBytes%2F100B
toolchain: Baseline
goos: linux
goarch: arm64
pkg: github.com/cespare/xxhash/v2
BenchmarkDigestBytes/100B-256         	47805393	        25.42 ns/op	3933.85 MB/s
PASS

shortname: hugo_helpers-RelURL
toolchain: Baseline
goos: linux
goarch: arm64
pkg: github.com/gohugoio/hugo/helpers
BenchmarkRelURL-256     	 3395998	       355.3 ns/op
PASS

shortname: gproto_json-Bool
toolchain: Baseline
goos: linux
goarch: arm64
pkg: google.golang.org/protobuf/internal/encoding/json
BenchmarkBool-256     	29655433	        40.53 ns/op
PASS

shortname: workiva_augmentedtree-AddItems
toolchain: Baseline
goos: linux
goarch: arm64
pkg: github.com/Workiva/go-datastructures/augmentedtree
BenchmarkAddItems-256     	    6588	    200520 ns/op
PASS

shortname: thriftrw_gen-RoundTrip%2FContainersOfContainers%2FEncode
toolchain: Baseline
goos: linux
goarch: arm64
pkg: go.uber.org/thriftrw/gen
BenchmarkRoundTrip/ContainersOfContainers/Encode-256  	   61483	     19426 ns/op
PASS

shortname: workiva_avl-ImmutableInsert
toolchain: Baseline
goos: linux
goarch: arm64
pkg: github.com/Workiva/go-datastructures/tree/avl
BenchmarkImmutableInsert-256     	 1280254	       929.7 ns/op
PASS

shortname: gonum_mat-MarshalToVecDense10
toolchain: Baseline
goos: linux
goarch: arm64
pkg: gonum.org/v1/gonum/mat
BenchmarkMarshalToVecDense10-256     	 2437418	       495.2 ns/op
PASS

shortname: gonum_lapack_native-Dgeev%2FCirculant5
toolchain: Baseline
goos: linux
goarch: arm64
pkg: gonum.org/v1/gonum/lapack/gonum
BenchmarkDgeev/Circulant5-256         	  131028	      9328 ns/op
PASS

shortname: ericlagergren_decimal-Mandelbrot_decimal_GDA_9
toolchain: Baseline
goos: linux
goarch: arm64
pkg: github.com/ericlagergren/decimal_benchmarks
BenchmarkMandelbrot_decimal_GDA_9-256     	       1	1884374210 ns/op
PASS

shortname: semver-CheckVersionRange
toolchain: Baseline
goos: linux
goarch: arm64
pkg: github.com/Masterminds/semver/v3
BenchmarkCheckVersionRange-256     	30425121	        40.01 ns/op	       0 B/op	       0 allocs/op
PASS

shortname: gonum_mat-CholeskyInverseTo%2Fn%3D100
toolchain: Baseline
goos: linux
goarch: arm64
pkg: gonum.org/v1/gonum/mat
BenchmarkCholeskyInverseTo/n=100-256         	    5469	    218726 ns/op
PASS

shortname: bloom_bits-BitSetExtractDeposit%2Fsize%3D64%2Ffn%3DDepositTo
toolchain: Baseline
goos: linux
goarch: arm64
pkg: github.com/bits-and-blooms/bitset
BenchmarkBitSetExtractDeposit/size=64/fn=DepositTo-256         	70695276	        16.95 ns/op	       0 B/op	       0 allocs/op
PASS

shortname: gonum_topo-SortStabilizedPath_100000
toolchain: Baseline
goos: linux
goarch: arm64
pkg: gonum.org/v1/gonum/graph/topo
BenchmarkSortStabilizedPath_100000-256     	       9	 125559361 ns/op
PASS

shortname: gproto_proto-Decode%2Fjust_at_recursion_limit_%28%2Atest3.TestAllTypes%29
toolchain: Baseline
goos: linux
goarch: arm64
pkg: google.golang.org/protobuf/proto
BenchmarkDecode/just_at_recursion_limit_(*test3.TestAllTypes)-256         	 1000000	      2840 ns/op
PASS

shortname: gproto_reflect-Value%2FInterface
toolchain: Baseline
goos: linux
goarch: arm64
pkg: google.golang.org/protobuf/reflect/protoreflect
BenchmarkValue/Interface-256         	58260430	        21.32 ns/op	      16 B/op	       1 allocs/op
PASS

shortname: ethereum_whisper-DecryptionAsymInvalid
toolchain: Baseline
goos: linux
goarch: arm64
pkg: github.com/ethereum/go-ethereum/whisper/whisperv6
BenchmarkDecryptionAsymInvalid-256     	   11212	    106949 ns/op
PASS

shortname: ericlagergren_decimal-Pi%2Ffoo%3Dgo-inf%2Fprec%3D100
toolchain: Baseline
goos: linux
goarch: arm64
pkg: github.com/ericlagergren/decimal_benchmarks
BenchmarkPi/foo=go-inf/prec=100-256         	   10000	    112066 ns/op
PASS

shortname: minio-AppendMsgBucketStats
toolchain: Baseline
goos: linux
goarch: arm64
pkg: github.com/minio/minio/cmd
BenchmarkAppendMsgBucketStats-256     	 8648061	       138.2 ns/op	3292.88 MB/s	       0 B/op	       0 allocs/op
PASS

shortname: workiva_hilbert-BulkUpdatePoints
toolchain: Baseline
goos: linux
goarch: arm64
pkg: github.com/Workiva/go-datastructures/rtree/hilbert
BenchmarkBulkUpdatePoints-256     	    2788	    440058 ns/op
PASS

shortname: k8s_workqueue-DelayingQueue_AddAfter
toolchain: Baseline
goos: linux
goarch: arm64
pkg: k8s.io/client-go/util/workqueue
BenchmarkDelayingQueue_AddAfter-256     	  688411	      3057 ns/op
PASS

shortname: uuid-UUID_UnmarshalJSON
toolchain: Baseline
goos: linux
goarch: arm64
pkg: github.com/google/uuid
BenchmarkUUID_UnmarshalJSON-256     	 3128349	       384.5 ns/op
PASS

shortname: thriftrw_gen-RoundTrip%2FPrimitiveOptionalStruct%2FStreaming_Decode
toolchain: Baseline
goos: linux
goarch: arm64
pkg: go.uber.org/thriftrw/gen
BenchmarkRoundTrip/PrimitiveOptionalStruct/Streaming_Decode-256         	 1295518	       921.6 ns/op
PASS

shortname: capnproto2-Growth_MultiSegment
toolchain: Baseline
goos: linux
goarch: arm64
pkg: zombiezen.com/go/capnproto2
BenchmarkGrowth_MultiSegment-256     	      81	  14126193 ns/op	  74.23 MB/s	 1648831 B/op	      21 allocs/op
PASS

shortname: dustin_broadcast-ParallelBrodcast
toolchain: Baseline
goos: linux
goarch: arm64
pkg: github.com/dustin/go-broadcast
BenchmarkParallelBrodcast-256     	 1689255	       691.6 ns/op
PASS

shortname: semver-CoerceNewVersionSimple
toolchain: Baseline
goos: linux
goarch: arm64
pkg: github.com/Masterminds/semver/v3
BenchmarkCoerceNewVersionSimple-256     	 5971642	       204.6 ns/op	     128 B/op	       2 allocs/op
PASS

shortname: gproto_proto-EqualWithDeeplyNestedEqual
toolchain: Baseline
goos: linux
goarch: arm64
pkg: google.golang.org/protobuf/proto
BenchmarkEqualWithDeeplyNestedEqual-256     	   22513	     53293 ns/op	       0 B/op	       0 allocs/op
PASS

shortname: wazero-Compilation%2Fwithout_extern_cache
toolchain: Baseline
goos: linux
goarch: arm64
pkg: github.com/tetratelabs/wazero/internal/integration_test/bench
BenchmarkCompilation/without_extern_cache-256         	      97	  12661249 ns/op
PASS

shortname: gonum_traverse-WalkAllDepthFirstGnp_100_half
toolchain: Baseline
goos: linux
goarch: arm64
pkg: gonum.org/v1/gonum/graph/traverse
BenchmarkWalkAllDepthFirstGnp_100_half-256     	    2995	    404193 ns/op
PASS

shortname: benhoyt_goawk-RepeatNew
toolchain: Baseline
goos: linux
goarch: arm64
pkg: github.com/benhoyt/goawk/interp
BenchmarkRepeatNew-256     	11960330	        99.38 ns/op
PASS

shortname: minio-UnmarshalBatchJobKeyRotateV1
toolchain: Baseline
goos: linux
goarch: arm64
pkg: github.com/minio/minio/cmd
BenchmarkUnmarshalBatchJobKeyRotateV1-256     	 5376901	       223.5 ns/op	1028.94 MB/s	       0 B/op	       0 allocs/op
PASS

shortname: nelsam_gxui_interval-General
toolchain: Baseline
goos: linux
goarch: arm64
pkg: git.sr.ht/~nelsam/gxui/interval
BenchmarkGeneral-256     	 4502470	       294.8 ns/op
PASS

shortname: uuid-UUID_UnmarshalJSON
toolchain: Baseline
goos: linux
goarch: arm64
pkg: github.com/google/uuid
BenchmarkUUID_UnmarshalJSON-256     	 3141366	       381.9 ns/op
PASS

shortname: workiva_rangetree-Apply
toolchain: Baseline
goos: linux
goarch: arm64
pkg: github.com/Workiva/go-datastructures/rangetree
BenchmarkApply-256     	   87747	     14253 ns/op
PASS

shortname: capnproto2-Growth_MultiSegment
toolchain: Baseline
goos: linux
goarch: arm64
pkg: zombiezen.com/go/capnproto2
BenchmarkGrowth_MultiSegment-256     	      82	  14065894 ns/op	  74.55 MB/s	 1648840 B/op	      21 allocs/op
PASS

shortname: uber_zap-JSONLogMarshalerFunc
toolchain: Baseline
goos: linux
goarch: arm64
pkg: go.uber.org/zap/zapcore
BenchmarkJSONLogMarshalerFunc-256     	  814654	      1570 ns/op
PASS

shortname: workiva_rangetree_skiplist-MultiDimensionInsertAtZeroDimension
toolchain: Baseline
goos: linux
goarch: arm64
pkg: github.com/Workiva/go-datastructures/rangetree/skiplist
BenchmarkMultiDimensionInsertAtZeroDimension-256     	   10000	   2688721 ns/op
PASS

shortname: uber_tally-ScopeTaggedCachedSubscopes
toolchain: Baseline
goos: linux
goarch: arm64
pkg: github.com/uber-go/tally/v4
BenchmarkScopeTaggedCachedSubscopes-256     	 1263483	       952.9 ns/op
PASS

shortname: minio-AppendMsgBatchJobExpire
toolchain: Baseline
goos: linux
goarch: arm64
pkg: github.com/minio/minio/cmd
BenchmarkAppendMsgBatchJobExpire-256     	29318556	        40.66 ns/op	2311.75 MB/s	       0 B/op	       0 allocs/op
PASS

shortname: workiva_avl-ImmutableInsert
toolchain: Baseline
goos: linux
goarch: arm64
pkg: github.com/Workiva/go-datastructures/tree/avl
BenchmarkImmutableInsert-256     	 1262386	       931.0 ns/op
PASS

shortname: shopify_sarama-_getMetricNameForTopic
toolchain: Baseline
goos: linux
goarch: arm64
pkg: github.com/IBM/sarama
Benchmark_getMetricNameForTopic-256     	13007491	        91.54 ns/op	      16 B/op	       1 allocs/op
PASS

shortname: thriftrw_gen-RoundTrip%2FContainersOfContainers%2FDecode
toolchain: Baseline
goos: linux
goarch: arm64
pkg: go.uber.org/thriftrw/gen
BenchmarkRoundTrip/ContainersOfContainers/Decode-256  	   28065	     42877 ns/op
PASS

shortname: shopify_sarama-ZstdMemoryConsumption%2Fno_drain
toolchain: Baseline
goos: linux
goarch: arm64
pkg: github.com/IBM/sarama
BenchmarkZstdMemoryConsumption/no_drain-256         	    2701	    425934 ns/op	   11015 B/op	       4 allocs/op
PASS

shortname: thriftrw_gen-RoundTrip%2FPrimitiveOptionalStruct%2FStreaming_Decode
toolchain: Baseline
goos: linux
goarch: arm64
pkg: go.uber.org/thriftrw/gen
BenchmarkRoundTrip/PrimitiveOptionalStruct/Streaming_Decode-256         	 1303810	       911.7 ns/op
PASS

shortname: benhoyt_goawk-SimpleBuiltins
toolchain: Baseline
goos: linux
goarch: arm64
pkg: github.com/benhoyt/goawk/interp
BenchmarkSimpleBuiltins-256     	 2298388	       533.9 ns/op
PASS

shortname: k8s_cache-EachListItemWithAlloc%2FPodList
toolchain: Baseline
goos: linux
goarch: arm64
pkg: k8s.io/client-go/tools/cache
BenchmarkEachListItemWithAlloc/PodList-256         	   17924	     67733 ns/op
PASS

shortname: rcrowley_metrics-Timer
toolchain: Baseline
goos: linux
goarch: arm64
pkg: github.com/rcrowley/go-metrics
BenchmarkTimer-256     	 3976804	       302.2 ns/op
PASS

shortname: semver-ValidateVersionRangeFail
toolchain: Baseline
goos: linux
goarch: arm64
pkg: github.com/Masterminds/semver/v3
BenchmarkValidateVersionRangeFail-256     	 1869679	       630.8 ns/op	     190 B/op	       7 allocs/op
PASS

shortname: gonum_mat-CholeskyInverseTo%2Fn%3D100
toolchain: Baseline
goos: linux
goarch: arm64
pkg: gonum.org/v1/gonum/mat
BenchmarkCholeskyInverseTo/n=100-256         	    5482	    218476 ns/op
PASS

shortname: gonum_mat-AddScaledVec10Inc1
toolchain: Baseline
goos: linux
goarch: arm64
pkg: gonum.org/v1/gonum/mat
BenchmarkAddScaledVec10Inc1-256     	 5033918	       236.4 ns/op
PASS

shortname: gproto_proto-EqualWithDeeplyNestedIdenticalPtr
toolchain: Baseline
goos: linux
goarch: arm64
pkg: google.golang.org/protobuf/proto
BenchmarkEqualWithDeeplyNestedIdenticalPtr-256     	257321178	         4.665 ns/op	       0 B/op	       0 allocs/op
PASS

shortname: workiva_set-Clear
toolchain: Baseline
goos: linux
goarch: arm64
pkg: github.com/Workiva/go-datastructures/set
BenchmarkClear-256     	13971237	        85.28 ns/op
PASS

shortname: gproto_micro-EmptyMessage%2FWire%2FMarshal
toolchain: Baseline
goos: linux
goarch: arm64
pkg: google.golang.org/protobuf/internal/benchmarks/micro
BenchmarkEmptyMessage/Wire/Marshal-256         	1000000000	         0.4046 ns/op
PASS

shortname: dustin_humanize-Commaf
toolchain: Baseline
goos: linux
goarch: arm64
pkg: github.com/dustin/go-humanize
BenchmarkCommaf-256     	 4066456	       294.5 ns/op
PASS

shortname: workiva_triey-Iterator
toolchain: Baseline
goos: linux
goarch: arm64
pkg: github.com/Workiva/go-datastructures/trie/yfast
BenchmarkIterator-256     	  443642	      2705 ns/op
PASS

shortname: gproto_proto-Decode%2Frequired_group_set_%28%2Arequired_opaque.Group%29
toolchain: Baseline
goos: linux
goarch: arm64
pkg: google.golang.org/protobuf/proto
BenchmarkDecode/required_group_set_(*required_opaque.Group)-256         	13573773	       117.4 ns/op
PASS

shortname: uuid-UUID_MarshalJSON
toolchain: Baseline
goos: linux
goarch: arm64
pkg: github.com/google/uuid
BenchmarkUUID_MarshalJSON-256     	 3399034	       349.8 ns/op
PASS

shortname: hugo_helpers-RelURL
toolchain: Baseline
goos: linux
goarch: arm64
pkg: github.com/gohugoio/hugo/helpers
BenchmarkRelURL-256     	 3385006	       356.0 ns/op
PASS

shortname: workiva_btree_palm-BulkGet
toolchain: Baseline
goos: linux
goarch: arm64
pkg: github.com/Workiva/go-datastructures/btree/palm
BenchmarkBulkGet-256     	   10000	    702712 ns/op
PASS

shortname: gproto_micro-Extension%2FGet%2FSet
toolchain: Baseline
goos: linux
goarch: arm64
pkg: google.golang.org/protobuf/internal/benchmarks/micro
BenchmarkExtension/Get/Set-256         	 7258054	       161.6 ns/op
PASS

shortname: gonum_mat-CholeskyFactorize%2Fn%3D10
toolchain: Baseline
goos: linux
goarch: arm64
pkg: gonum.org/v1/gonum/mat
BenchmarkCholeskyFactorize/n=10-256         	  435334	      2748 ns/op
PASS

shortname: uuid-New
toolchain: Baseline
goos: linux
goarch: arm64
pkg: github.com/google/uuid
BenchmarkNew-256     	 3215864	       372.1 ns/op
PASS

shortname: ethereum_ecies-GenSharedKeyP256
toolchain: Baseline
goos: linux
goarch: arm64
pkg: github.com/ethereum/go-ethereum/crypto/ecies
BenchmarkGenSharedKeyP256-256     	   20515	     58589 ns/op
PASS

shortname: workiva_hilbert-BulkUpdatePoints
toolchain: Baseline
goos: linux
goarch: arm64
pkg: github.com/Workiva/go-datastructures/rtree/hilbert
BenchmarkBulkUpdatePoints-256     	    2965	    440942 ns/op
PASS

shortname: gproto_json-Int
toolchain: Baseline
goos: linux
goarch: arm64
pkg: google.golang.org/protobuf/internal/encoding/json
BenchmarkInt-256     	 5145781	       232.1 ns/op
PASS

shortname: workiva_rangetree-ImmutableInsertSecondDimension
toolchain: Baseline
goos: linux
goarch: arm64
pkg: github.com/Workiva/go-datastructures/rangetree
BenchmarkImmutableInsertSecondDimension-256     	      39	  35795545 ns/op
PASS

shortname: gproto_proto-Decode%2Fjust_at_recursion_limit_%28%2Atest3.TestAllTypes%29
toolchain: Baseline
goos: linux
goarch: arm64
pkg: google.golang.org/protobuf/proto
BenchmarkDecode/just_at_recursion_limit_(*test3.TestAllTypes)-256         	  984310	      2836 ns/op
PASS

shortname: workiva_queue-PriorityQueue
toolchain: Baseline
goos: linux
goarch: arm64
pkg: github.com/Workiva/go-datastructures/queue
BenchmarkPriorityQueue-256     	 2067027	       670.1 ns/op
PASS

shortname: gproto_encoding-TextDecode
toolchain: Baseline
goos: linux
goarch: arm64
pkg: google.golang.org/protobuf/encoding
BenchmarkTextDecode-256     	      32	  36338095 ns/op
PASS

shortname: benhoyt_goawk-RecursiveFunc
toolchain: Baseline
goos: linux
goarch: arm64
pkg: github.com/benhoyt/goawk/interp
BenchmarkRecursiveFunc-256     	  116950	     10725 ns/op
PASS

shortname: gproto_proto-Decode%2Fbasic_scalar_types_%28%2Atest.TestAllTypes%29
toolchain: Baseline
goos: linux
goarch: arm64
pkg: google.golang.org/protobuf/proto
BenchmarkDecode/basic_scalar_types_(*test.TestAllTypes)-256         	 1000000	      2642 ns/op
PASS

shortname: gonum_mat-MarshalToVecDense10
toolchain: Baseline
goos: linux
goarch: arm64
pkg: gonum.org/v1/gonum/mat
BenchmarkMarshalToVecDense10-256     	 2416690	       499.5 ns/op
PASS

shortname: ericlagergren_decimal-Pi%2Ffoo%3Dcockroachdb%2Fapd%2Fprec%3D100
toolchain: Baseline
goos: linux
goarch: arm64
pkg: github.com/ericlagergren/decimal_benchmarks
BenchmarkPi/foo=cockroachdb/apd/prec=100-256         	     236	   5072078 ns/op
PASS

shortname: minio-AppendMsgBucketStats
toolchain: Baseline
goos: linux
goarch: arm64
pkg: github.com/minio/minio/cmd
BenchmarkAppendMsgBucketStats-256     	 8548230	       138.0 ns/op	3296.92 MB/s	       0 B/op	       0 allocs/op
PASS

shortname: ethereum_whisper-DecryptionAsymInvalid
toolchain: Baseline
goos: linux
goarch: arm64
pkg: github.com/ethereum/go-ethereum/whisper/whisperv6
BenchmarkDecryptionAsymInvalid-256     	   11259	    107830 ns/op
PASS

shortname: ericlagergren_decimal-Pi%2Ffoo%3Dapmckinlay%2Fprec%3D19
toolchain: Baseline
goos: linux
goarch: arm64
pkg: github.com/ericlagergren/decimal_benchmarks
BenchmarkPi/foo=apmckinlay/prec=19-256 	  476907	      2483 ns/op
PASS

shortname: minio-MarshalMsgBatchJobReplicateFlags
toolchain: Baseline
goos: linux
goarch: arm64
pkg: github.com/minio/minio/cmd
BenchmarkMarshalMsgBatchJobReplicateFlags-256     	10234306	       122.0 ns/op	     208 B/op	       1 allocs/op
PASS

shortname: ericlagergren_decimal-Mandelbrot_decimal_GDA_9
toolchain: Baseline
goos: linux
goarch: arm64
pkg: github.com/ericlagergren/decimal_benchmarks
BenchmarkMandelbrot_decimal_GDA_9-256     	       1	1879345780 ns/op
PASS

shortname: minio-UnmarshalBucketStats
toolchain: Baseline
goos: linux
goarch: arm64
pkg: github.com/minio/minio/cmd
BenchmarkUnmarshalBucketStats-256     	 3156280	       378.1 ns/op	1203.27 MB/s	       0 B/op	       0 allocs/op
PASS

shortname: kanzi-CM
toolchain: Baseline
goos: linux
goarch: arm64
pkg: github.com/flanglet/kanzi-go/v2/benchmark
BenchmarkCM-256     	      24	  49895190 ns/op
PASS

shortname: gonum_topo-SortStabilizedPath_100000
toolchain: Baseline
goos: linux
goarch: arm64
pkg: gonum.org/v1/gonum/graph/topo
BenchmarkSortStabilizedPath_100000-256     	      10	 124991065 ns/op
PASS

shortname: rcrowley_metrics-Histogram
toolchain: Baseline
goos: linux
goarch: arm64
pkg: github.com/rcrowley/go-metrics
BenchmarkHistogram-256     	29743867	        39.50 ns/op
PASS

shortname: kanzi-ANS0
toolchain: Baseline
goos: linux
goarch: arm64
pkg: github.com/flanglet/kanzi-go/v2/benchmark
BenchmarkANS0-256     	     712	   1684548 ns/op
PASS

shortname: dustin_humanize-ParseSI
toolchain: Baseline
goos: linux
goarch: arm64
pkg: github.com/dustin/go-humanize
BenchmarkParseSI-256     	 2720781	       441.4 ns/op
PASS

shortname: kanzi-BWTSmallBlock
toolchain: Baseline
goos: linux
goarch: arm64
pkg: github.com/flanglet/kanzi-go/v2/benchmark
BenchmarkBWTSmallBlock-256     	      27	  42379015 ns/op
PASS

shortname: semver-CoerceNewVersionSimple
toolchain: Baseline
goos: linux
goarch: arm64
pkg: github.com/Masterminds/semver/v3
BenchmarkCoerceNewVersionSimple-256     	 5912065	       205.8 ns/op	     128 B/op	       2 allocs/op
PASS

shortname: kanzi-Huffman
toolchain: Baseline
goos: linux
goarch: arm64
pkg: github.com/flanglet/kanzi-go/v2/benchmark
BenchmarkHuffman-256     	     643	   1871707 ns/op
PASS

shortname: workiva_set-Exists
toolchain: Baseline
goos: linux
goarch: arm64
pkg: github.com/Workiva/go-datastructures/set
BenchmarkExists-256     	30265320	        39.68 ns/op
PASS

shortname: ethereum_ethash-DifficultyCalculator%2Fu256-homestead
toolchain: Baseline
goos: linux
goarch: arm64
pkg: github.com/ethereum/go-ethereum/consensus/ethash
BenchmarkDifficultyCalculator/u256-homestead-256         	14444682	        87.88 ns/op	      64 B/op	       2 allocs/op
PASS

shortname: thriftrw_gen-RoundTrip%2FContainersOfContainers%2FEncode
toolchain: Baseline
goos: linux
goarch: arm64
pkg: go.uber.org/thriftrw/gen
BenchmarkRoundTrip/ContainersOfContainers/Encode-256  	   62012	     19269 ns/op
PASS

shortname: dustin_broadcast-ParallelBrodcast
toolchain: Baseline
goos: linux
goarch: arm64
pkg: github.com/dustin/go-broadcast
BenchmarkParallelBrodcast-256     	 1749349	       674.7 ns/op
PASS

shortname: gonum_mat-Pool100by100Uncleared
toolchain: Baseline
goos: linux
goarch: arm64
pkg: gonum.org/v1/gonum/mat
BenchmarkPool100by100Uncleared-256     	63472081	        18.83 ns/op
PASS

shortname: ethereum_trie-DecodeShortNodeUnsafe
toolchain: Baseline
Seed: 2a1c055bbcf2bbb2
goos: linux
goarch: arm64
pkg: github.com/ethereum/go-ethereum/trie
BenchmarkDecodeShortNodeUnsafe-256     	 7311909	       165.6 ns/op	     109 B/op	       3 allocs/op
PASS

shortname: capnproto2-Unmarshal_Reuse
toolchain: Baseline
goos: linux
goarch: arm64
pkg: zombiezen.com/go/capnproto2
BenchmarkUnmarshal_Reuse-256     	 2588932	       460.8 ns/op	       0 B/op	       0 allocs/op
PASS

shortname: gonum_mat-TriMulDiag%2FBenchmarkTriMulDiag100
toolchain: Baseline
goos: linux
goarch: arm64
pkg: gonum.org/v1/gonum/mat
BenchmarkTriMulDiag/BenchmarkTriMulDiag100-256         	   29412	     40860 ns/op
PASS

shortname: gproto_reflect-Value%2FInterface
toolchain: Baseline
goos: linux
goarch: arm64
pkg: google.golang.org/protobuf/reflect/protoreflect
BenchmarkValue/Interface-256         	58967043	        21.29 ns/op	      16 B/op	       1 allocs/op
PASS

shortname: gproto_json-Bool
toolchain: Baseline
goos: linux
goarch: arm64
pkg: google.golang.org/protobuf/internal/encoding/json
BenchmarkBool-256     	29614770	        40.46 ns/op
PASS

shortname: dustin_humanize-BigCommas
toolchain: Baseline
goos: linux
goarch: arm64
pkg: github.com/dustin/go-humanize
BenchmarkBigCommas-256     	 2354818	       510.6 ns/op
PASS

shortname: gonum_community-NewUndirectedLayers%2FgraphSize%3D1000%2CnumGraphs%3D10
toolchain: Baseline
goos: linux
goarch: arm64
pkg: gonum.org/v1/gonum/graph/community
BenchmarkNewUndirectedLayers/graphSize=1000,numGraphs=10-256         	     945	   1279987 ns/op
PASS

shortname: workiva_augmentedtree-AddItems
toolchain: Baseline
goos: linux
goarch: arm64
pkg: github.com/Workiva/go-datastructures/augmentedtree
BenchmarkAddItems-256     	    6481	    199463 ns/op
PASS

shortname: dustin_broadcast-DirectSend
toolchain: Baseline
goos: linux
goarch: arm64
pkg: github.com/dustin/go-broadcast
BenchmarkDirectSend-256     	 2802411	       431.9 ns/op
PASS

shortname: benhoyt_goawk-NativeFunc
toolchain: Baseline
goos: linux
goarch: arm64
pkg: github.com/benhoyt/goawk/interp
BenchmarkNativeFunc-256     	  165076	      7382 ns/op
PASS

shortname: gonum_lapack_native-Dgeev%2FCirculant5
toolchain: Baseline
goos: linux
goarch: arm64
pkg: gonum.org/v1/gonum/lapack/gonum
BenchmarkDgeev/Circulant5-256         	  144294	      8484 ns/op
PASS

shortname: commonmark_markdown-RenderSpecNoHTML
toolchain: Baseline
goos: linux
goarch: arm64
pkg: gitlab.com/golang-commonmark/markdown
BenchmarkRenderSpecNoHTML-256     	     243	   4950421 ns/op
PASS

shortname: minio-EncodedataUsageCacheInfo
toolchain: Baseline
goos: linux
goarch: arm64
pkg: github.com/minio/minio/cmd
BenchmarkEncodedataUsageCacheInfo-256     	21387891	        56.20 ns/op	1014.31 MB/s	       0 B/op	       0 allocs/op
PASS

shortname: gonum_community-NewDirectedLayers%2FgraphSize%3D10%2CnumGraphs%3D1
toolchain: Baseline
goos: linux
goarch: arm64
pkg: gonum.org/v1/gonum/graph/community
BenchmarkNewDirectedLayers/graphSize=10,numGraphs=1-256         	 1000000	      1206 ns/op
PASS

shortname: gonum_mat-UnmarshalVecDense10
toolchain: Baseline
goos: linux
goarch: arm64
pkg: gonum.org/v1/gonum/mat
BenchmarkUnmarshalVecDense10-256     	 3226723	       369.0 ns/op
PASS

shortname: dustin_humanize-ParseBytes
toolchain: Baseline
goos: linux
goarch: arm64
pkg: github.com/dustin/go-humanize
BenchmarkParseBytes-256     	10736865	       112.8 ns/op
PASS

shortname: benhoyt_goawk-BuiltinGsubAmpersand
toolchain: Baseline
goos: linux
goarch: arm64
pkg: github.com/benhoyt/goawk/interp
BenchmarkBuiltinGsubAmpersand-256     	   69919	     17378 ns/op
PASS

shortname: gproto_proto-Decode%2Frequired_field_in_oneof_message_set_%28%2Atest.TestRequiredForeign%29
toolchain: Baseline
goos: linux
goarch: arm64
pkg: google.golang.org/protobuf/proto
BenchmarkDecode/required_field_in_oneof_message_set_(*test.TestRequiredForeign)-256         	 4316140	       446.6 ns/op
PASS

shortname: gproto_proto-Decode%2Ffield_type_mismatch_%28%2Atest3.TestAllTypes%29
toolchain: Baseline
goos: linux
goarch: arm64
pkg: google.golang.org/protobuf/proto
BenchmarkDecode/field_type_mismatch_(*test3.TestAllTypes)-256         	 1000000	      1205 ns/op
PASS

shortname: hugo_hugolib-CreateShortcodePlaceholders
toolchain: Baseline
goos: linux
goarch: arm64
pkg: github.com/gohugoio/hugo/hugolib
BenchmarkCreateShortcodePlaceholders-256     	22847854	        52.61 ns/op
PASS

shortname: hugo_helpers-AbsURL%2Fabsurl
toolchain: Baseline
goos: linux
goarch: arm64
pkg: github.com/gohugoio/hugo/helpers
BenchmarkAbsURL/absurl-256         	267206250	         4.491 ns/op
PASS

shortname: workiva_bitarray-CompressedIntersects
toolchain: Baseline
goos: linux
goarch: arm64
pkg: github.com/Workiva/go-datastructures/bitarray
BenchmarkCompressedIntersects-256     	21653816	        56.65 ns/op
PASS

shortname: ericlagergren_decimal-Pi%2Ffoo%3Dgo-inf%2Fprec%3D100
toolchain: Baseline
goos: linux
goarch: arm64
pkg: github.com/ericlagergren/decimal_benchmarks
BenchmarkPi/foo=go-inf/prec=100-256         	   10000	    111095 ns/op
PASS

shortname: bloom_bits-BitSetExtractDeposit%2Fsize%3D64%2Ffn%3DDepositTo
toolchain: Baseline
goos: linux
goarch: arm64
pkg: github.com/bits-and-blooms/bitset
BenchmarkBitSetExtractDeposit/size=64/fn=DepositTo-256         	69965215	        17.01 ns/op	       0 B/op	       0 allocs/op
PASS

shortname: minio-UnmarshalReplicationMRFStats
toolchain: Baseline
goos: linux
goarch: arm64
pkg: github.com/minio/minio/cmd
BenchmarkUnmarshalReplicationMRFStats-256     	46740055	        25.58 ns/op	2189.04 MB/s	       0 B/op	       0 allocs/op
PASS

shortname: minio-DecodeBatchJobKeyRotateV1
toolchain: Baseline
goos: linux
goarch: arm64
pkg: github.com/minio/minio/cmd
BenchmarkDecodeBatchJobKeyRotateV1-256     	 3047564	       392.6 ns/op	 585.89 MB/s	       0 B/op	       0 allocs/op
PASS

shortname: semver-CheckVersionRange
toolchain: Baseline
goos: linux
goarch: arm64
pkg: github.com/Masterminds/semver/v3
BenchmarkCheckVersionRange-256     	31098492	        39.34 ns/op	       0 B/op	       0 allocs/op
PASS

shortname: gonum_lapack_native-Dlantb%2FFrobeniusLowerNonUnitN%3D10000K%3D2
toolchain: Baseline
goos: linux
goarch: arm64
pkg: gonum.org/v1/gonum/lapack/gonum
BenchmarkDlantb/FrobeniusLowerNonUnitN=10000K=2-256         	   10000	    103454 ns/op
PASS

shortname: uber_tally-TimerReport
toolchain: Baseline
goos: linux
goarch: arm64
pkg: github.com/uber-go/tally/v4
BenchmarkTimerReport-256     	18760402	        64.14 ns/op
PASS

shortname: ethereum_whisper-DecryptionSymInvalid
toolchain: Baseline
goos: linux
goarch: arm64
pkg: github.com/ethereum/go-ethereum/whisper/whisperv6
BenchmarkDecryptionSymInvalid-256     	 6113404	       191.7 ns/op
PASS

shortname: minio-DecodeBucketStats
toolchain: Baseline
goos: linux
goarch: arm64
pkg: github.com/minio/minio/cmd
BenchmarkDecodeBucketStats-256     	 1623256	       741.7 ns/op	 613.44 MB/s	       0 B/op	       0 allocs/op
PASS

shortname: k8s_workqueue-DelayingQueue_AddAfter
toolchain: Baseline
goos: linux
goarch: arm64
pkg: k8s.io/client-go/util/workqueue
BenchmarkDelayingQueue_AddAfter-256     	  792932	      3172 ns/op
PASS

shortname: gonum_community-NewDirectedLayers%2FgraphSize%3D1000%2CnumGraphs%3D1
toolchain: Baseline
goos: linux
goarch: arm64
pkg: gonum.org/v1/gonum/graph/community
BenchmarkNewDirectedLayers/graphSize=1000,numGraphs=1-256         	   10000	    106890 ns/op
PASS

shortname: cespare_xxhash-DigestBytes%2F100B
toolchain: Baseline
goos: linux
goarch: arm64
pkg: github.com/cespare/xxhash/v2
BenchmarkDigestBytes/100B-256         	47549590	        25.39 ns/op	3938.65 MB/s
PASS

shortname: workiva_rangetree_skiplist-MultiDimensionInsertAtZeroDimension
toolchain: Baseline
goos: linux
goarch: arm64
pkg: github.com/Workiva/go-datastructures/rangetree/skiplist
BenchmarkMultiDimensionInsertAtZeroDimension-256     	   10000	   2599967 ns/op
PASS

shortname: ericlagergren_decimal-Pi%2Ffoo%3Dapmckinlay%2Fprec%3D19
toolchain: Baseline
goos: linux
goarch: arm64
pkg: github.com/ericlagergren/decimal_benchmarks
BenchmarkPi/foo=apmckinlay/prec=19-256 	  476827	      2489 ns/op
PASS

shortname: gproto_proto-Decode%2Fjust_at_recursion_limit_%28%2Atest3.TestAllTypes%29
toolchain: Baseline
goos: linux
goarch: arm64
pkg: google.golang.org/protobuf/proto
BenchmarkDecode/just_at_recursion_limit_(*test3.TestAllTypes)-256         	 1000000	      2757 ns/op
PASS

shortname: hugo_helpers-AbsURL%2Fabsurl
toolchain: Baseline
goos: linux
goarch: arm64
pkg: github.com/gohugoio/hugo/helpers
BenchmarkAbsURL/absurl-256         	267339231	         4.489 ns/op
PASS

shortname: ericlagergren_decimal-Mandelbrot_decimal_GDA_9
toolchain: Baseline
goos: linux
goarch: arm64
pkg: github.com/ericlagergren/decimal_benchmarks
BenchmarkMandelbrot_decimal_GDA_9-256     	       1	1890541190 ns/op
PASS

shortname: nelsam_gxui_interval-General
toolchain: Baseline
goos: linux
goarch: arm64
pkg: git.sr.ht/~nelsam/gxui/interval
BenchmarkGeneral-256     	 4430590	       295.4 ns/op
PASS

shortname: gproto_proto-Decode%2Frequired_group_set_%28%2Arequired_opaque.Group%29
toolchain: Baseline
goos: linux
goarch: arm64
pkg: google.golang.org/protobuf/proto
BenchmarkDecode/required_group_set_(*required_opaque.Group)-256         	13836176	       104.4 ns/op
PASS

shortname: workiva_queue-PriorityQueue
toolchain: Baseline
goos: linux
goarch: arm64
pkg: github.com/Workiva/go-datastructures/queue
BenchmarkPriorityQueue-256     	 1876093	       741.8 ns/op
PASS

shortname: thriftrw_gen-RoundTrip%2FPrimitiveOptionalStruct%2FStreaming_Decode
toolchain: Baseline
goos: linux
goarch: arm64
pkg: go.uber.org/thriftrw/gen
BenchmarkRoundTrip/PrimitiveOptionalStruct/Streaming_Decode-256         	 1328863	       911.7 ns/op
PASS

shortname: gonum_topo-SortStabilizedPath_100000
toolchain: Baseline
goos: linux
goarch: arm64
pkg: gonum.org/v1/gonum/graph/topo
BenchmarkSortStabilizedPath_100000-256     	      10	 127922947 ns/op
PASS

shortname: workiva_btree_palm-BulkGet
toolchain: Baseline
goos: linux
goarch: arm64
pkg: github.com/Workiva/go-datastructures/btree/palm
BenchmarkBulkGet-256     	   10000	    723427 ns/op
PASS

shortname: gonum_mat-UnmarshalVecDense10
toolchain: Baseline
goos: linux
goarch: arm64
pkg: gonum.org/v1/gonum/mat
BenchmarkUnmarshalVecDense10-256     	 3201108	       375.1 ns/op
PASS

shortname: gproto_proto-Decode%2Frequired_field_in_oneof_message_set_%28%2Atest.TestRequiredForeign%29
toolchain: Baseline
goos: linux
goarch: arm64
pkg: google.golang.org/protobuf/proto
BenchmarkDecode/required_field_in_oneof_message_set_(*test.TestRequiredForeign)-256         	 3820173	       496.4 ns/op
PASS

shortname: gonum_community-NewDirectedLayers%2FgraphSize%3D1000%2CnumGraphs%3D1
toolchain: Baseline
goos: linux
goarch: arm64
pkg: gonum.org/v1/gonum/graph/community
BenchmarkNewDirectedLayers/graphSize=1000,numGraphs=1-256         	   10000	    106524 ns/op
PASS

shortname: benhoyt_goawk-RecursiveFunc
toolchain: Baseline
goos: linux
goarch: arm64
pkg: github.com/benhoyt/goawk/interp
BenchmarkRecursiveFunc-256     	  114948	     10853 ns/op
PASS

shortname: gproto_reflect-Value%2FInterface
toolchain: Baseline
goos: linux
goarch: arm64
pkg: google.golang.org/protobuf/reflect/protoreflect
BenchmarkValue/Interface-256         	57940252	        21.18 ns/op	      16 B/op	       1 allocs/op
PASS

shortname: rcrowley_metrics-Histogram
toolchain: Baseline
goos: linux
goarch: arm64
pkg: github.com/rcrowley/go-metrics
BenchmarkHistogram-256     	29651952	        39.44 ns/op
PASS

shortname: capnproto2-Growth_MultiSegment
toolchain: Baseline
goos: linux
goarch: arm64
pkg: zombiezen.com/go/capnproto2
BenchmarkGrowth_MultiSegment-256     	      84	  14112558 ns/op	  74.30 MB/s	 1648833 B/op	      21 allocs/op
PASS

shortname: kanzi-CM
toolchain: Baseline
goos: linux
goarch: arm64
pkg: github.com/flanglet/kanzi-go/v2/benchmark
BenchmarkCM-256     	      24	  49767097 ns/op
PASS

shortname: minio-UnmarshalBucketStats
toolchain: Baseline
goos: linux
goarch: arm64
pkg: github.com/minio/minio/cmd
BenchmarkUnmarshalBucketStats-256     	 3184933	       376.6 ns/op	1208.10 MB/s	       0 B/op	       0 allocs/op
PASS

shortname: gonum_mat-Pool100by100Uncleared
toolchain: Baseline
goos: linux
goarch: arm64
pkg: gonum.org/v1/gonum/mat
BenchmarkPool100by100Uncleared-256     	63645992	        18.81 ns/op
PASS

shortname: uuid-UUID_UnmarshalJSON
toolchain: Baseline
goos: linux
goarch: arm64
pkg: github.com/google/uuid
BenchmarkUUID_UnmarshalJSON-256     	 3131980	       379.5 ns/op
PASS

shortname: wazero-Compilation%2Fwithout_extern_cache
toolchain: Baseline
goos: linux
goarch: arm64
pkg: github.com/tetratelabs/wazero/internal/integration_test/bench
BenchmarkCompilation/without_extern_cache-256         	      96	  12710128 ns/op
PASS

shortname: workiva_augmentedtree-AddItems
toolchain: Baseline
goos: linux
goarch: arm64
pkg: github.com/Workiva/go-datastructures/augmentedtree
BenchmarkAddItems-256     	    6750	    199928 ns/op
PASS

shortname: shopify_sarama-_getMetricNameForTopic
toolchain: Baseline
goos: linux
goarch: arm64
pkg: github.com/IBM/sarama
Benchmark_getMetricNameForTopic-256     	12742833	        92.51 ns/op	      16 B/op	       1 allocs/op
PASS

shortname: ethereum_whisper-DecryptionSymInvalid
toolchain: Baseline
goos: linux
goarch: arm64
pkg: github.com/ethereum/go-ethereum/whisper/whisperv6
BenchmarkDecryptionSymInvalid-256     	 6244102	       195.1 ns/op
PASS

shortname: benhoyt_goawk-NativeFunc
toolchain: Baseline
goos: linux
goarch: arm64
pkg: github.com/benhoyt/goawk/interp
BenchmarkNativeFunc-256     	  155526	      7619 ns/op
PASS

shortname: gproto_encoding-TextDecode
toolchain: Baseline
goos: linux
goarch: arm64
pkg: google.golang.org/protobuf/encoding
BenchmarkTextDecode-256     	      32	  36371500 ns/op
PASS

shortname: workiva_bitarray-CompressedIntersects
toolchain: Baseline
goos: linux
goarch: arm64
pkg: github.com/Workiva/go-datastructures/bitarray
BenchmarkCompressedIntersects-256     	20681984	        59.12 ns/op
PASS

shortname: gonum_mat-TriMulDiag%2FBenchmarkTriMulDiag100
toolchain: Baseline
goos: linux
goarch: arm64
pkg: gonum.org/v1/gonum/mat
BenchmarkTriMulDiag/BenchmarkTriMulDiag100-256         	   29900	     40160 ns/op
PASS

shortname: k8s_cache-EachListItemWithAlloc%2FPodList
toolchain: Baseline
goos: linux
goarch: arm64
pkg: k8s.io/client-go/tools/cache
BenchmarkEachListItemWithAlloc/PodList-256         	   17994	     66456 ns/op
PASS

shortname: gproto_proto-EqualWithDeeplyNestedEqual
toolchain: Baseline
goos: linux
goarch: arm64
pkg: google.golang.org/protobuf/proto
BenchmarkEqualWithDeeplyNestedEqual-256     	   22957	     52110 ns/op	       0 B/op	       0 allocs/op
PASS

shortname: ethereum_ecies-GenSharedKeyP256
toolchain: Baseline
goos: linux
goarch: arm64
pkg: github.com/ethereum/go-ethereum/crypto/ecies
BenchmarkGenSharedKeyP256-256     	   20473	     58743 ns/op
PASS

shortname: minio-UnmarshalReplicationMRFStats
toolchain: Baseline
goos: linux
goarch: arm64
pkg: github.com/minio/minio/cmd
BenchmarkUnmarshalReplicationMRFStats-256     	46678857	        25.56 ns/op	2190.68 MB/s	       0 B/op	       0 allocs/op
PASS

shortname: uber_tally-ScopeTaggedCachedSubscopes
toolchain: Baseline
goos: linux
goarch: arm64
pkg: github.com/uber-go/tally/v4
BenchmarkScopeTaggedCachedSubscopes-256     	 1273063	       942.8 ns/op
PASS

shortname: hugo_hugolib-CreateShortcodePlaceholders
toolchain: Baseline
goos: linux
goarch: arm64
pkg: github.com/gohugoio/hugo/hugolib
BenchmarkCreateShortcodePlaceholders-256     	22808020	        52.93 ns/op
PASS

shortname: uber_tally-TimerReport
toolchain: Baseline
goos: linux
goarch: arm64
pkg: github.com/uber-go/tally/v4
BenchmarkTimerReport-256     	18560763	        64.58 ns/op
PASS

shortname: ericlagergren_decimal-Pi%2Ffoo%3Dcockroachdb%2Fapd%2Fprec%3D100
toolchain: Baseline
goos: linux
goarch: arm64
pkg: github.com/ericlagergren/decimal_benchmarks
BenchmarkPi/foo=cockroachdb/apd/prec=100-256         	     236	   5065822 ns/op
PASS

shortname: dustin_humanize-ParseSI
toolchain: Baseline
goos: linux
goarch: arm64
pkg: github.com/dustin/go-humanize
BenchmarkParseSI-256     	 2728524	       443.9 ns/op
PASS

shortname: dustin_humanize-BigCommas
toolchain: Baseline
goos: linux
goarch: arm64
pkg: github.com/dustin/go-humanize
BenchmarkBigCommas-256     	 2366482	       504.5 ns/op
PASS

shortname: gonum_lapack_native-Dlantb%2FFrobeniusLowerNonUnitN%3D10000K%3D2
toolchain: Baseline
goos: linux
goarch: arm64
pkg: gonum.org/v1/gonum/lapack/gonum
BenchmarkDlantb/FrobeniusLowerNonUnitN=10000K=2-256         	   10000	    101073 ns/op
PASS

shortname: uber_zap-JSONLogMarshalerFunc
toolchain: Baseline
goos: linux
goarch: arm64
pkg: go.uber.org/zap/zapcore
BenchmarkJSONLogMarshalerFunc-256     	  826382	      1592 ns/op
PASS

shortname: ethereum_whisper-DecryptionAsymInvalid
toolchain: Baseline
goos: linux
goarch: arm64
pkg: github.com/ethereum/go-ethereum/whisper/whisperv6
BenchmarkDecryptionAsymInvalid-256     	   11190	    106808 ns/op
PASS

shortname: minio-AppendMsgBatchJobExpire
toolchain: Baseline
goos: linux
goarch: arm64
pkg: github.com/minio/minio/cmd
BenchmarkAppendMsgBatchJobExpire-256     	29431514	        40.78 ns/op	2305.32 MB/s	       0 B/op	       0 allocs/op
PASS

shortname: gonum_mat-MarshalToVecDense10
toolchain: Baseline
goos: linux
goarch: arm64
pkg: gonum.org/v1/gonum/mat
BenchmarkMarshalToVecDense10-256     	 2422768	       496.1 ns/op
PASS

shortname: gonum_lapack_native-Dgeev%2FCirculant5
toolchain: Baseline
goos: linux
goarch: arm64
pkg: gonum.org/v1/gonum/lapack/gonum
BenchmarkDgeev/Circulant5-256         	  116126	      9504 ns/op
PASS

shortname: cespare_xxhash-DigestBytes%2F100B
toolchain: Baseline
goos: linux
goarch: arm64
pkg: github.com/cespare/xxhash/v2
BenchmarkDigestBytes/100B-256         	47250064	        25.37 ns/op	3941.10 MB/s
PASS

shortname: gproto_json-Int
toolchain: Baseline
goos: linux
goarch: arm64
pkg: google.golang.org/protobuf/internal/encoding/json
BenchmarkInt-256     	 5093403	       231.3 ns/op
PASS

shortname: benhoyt_goawk-BuiltinGsubAmpersand
toolchain: Baseline
goos: linux
goarch: arm64
pkg: github.com/benhoyt/goawk/interp
BenchmarkBuiltinGsubAmpersand-256     	   69727	     17202 ns/op
PASS

shortname: workiva_set-Clear
toolchain: Baseline
goos: linux
goarch: arm64
pkg: github.com/Workiva/go-datastructures/set
BenchmarkClear-256     	14129614	        84.42 ns/op
PASS

shortname: rcrowley_metrics-Timer
toolchain: Baseline
goos: linux
goarch: arm64
pkg: github.com/rcrowley/go-metrics
BenchmarkTimer-256     	 3991032	       298.8 ns/op
PASS

shortname: kanzi-BWTSmallBlock
toolchain: Baseline
goos: linux
goarch: arm64
pkg: github.com/flanglet/kanzi-go/v2/benchmark
BenchmarkBWTSmallBlock-256     	      28	  40539506 ns/op
PASS

shortname: minio-DecodeBucketStats
toolchain: Baseline
goos: linux
goarch: arm64
pkg: github.com/minio/minio/cmd
BenchmarkDecodeBucketStats-256     	 1618878	       741.6 ns/op	 613.52 MB/s	       0 B/op	       0 allocs/op
PASS

shortname: workiva_set-Exists
toolchain: Baseline
goos: linux
goarch: arm64
pkg: github.com/Workiva/go-datastructures/set
BenchmarkExists-256     	30097998	        39.67 ns/op
PASS

shortname: kanzi-ANS0
toolchain: Baseline
goos: linux
goarch: arm64
pkg: github.com/flanglet/kanzi-go/v2/benchmark
BenchmarkANS0-256     	     708	   1682924 ns/op
PASS

shortname: minio-MarshalMsgBatchJobReplicateFlags
toolchain: Baseline
goos: linux
goarch: arm64
pkg: github.com/minio/minio/cmd
BenchmarkMarshalMsgBatchJobReplicateFlags-256     	10158765	       121.0 ns/op	     208 B/op	       1 allocs/op
PASS

shortname: ericlagergren_decimal-Pi%2Ffoo%3Dgo-inf%2Fprec%3D100
toolchain: Baseline
goos: linux
goarch: arm64
pkg: github.com/ericlagergren/decimal_benchmarks
BenchmarkPi/foo=go-inf/prec=100-256         	   10000	    110068 ns/op
PASS

shortname: dustin_humanize-Commaf
toolchain: Baseline
goos: linux
goarch: arm64
pkg: github.com/dustin/go-humanize
BenchmarkCommaf-256     	 3943764	       301.7 ns/op
PASS

shortname: workiva_rangetree-Apply
toolchain: Baseline
goos: linux
goarch: arm64
pkg: github.com/Workiva/go-datastructures/rangetree
BenchmarkApply-256     	   87837	     14266 ns/op
PASS

shortname: semver-CheckVersionRange
toolchain: Baseline
goos: linux
goarch: arm64
pkg: github.com/Masterminds/semver/v3
BenchmarkCheckVersionRange-256     	30973935	        39.30 ns/op	       0 B/op	       0 allocs/op
PASS

shortname: minio-UnmarshalBatchJobKeyRotateV1
toolchain: Baseline
goos: linux
goarch: arm64
pkg: github.com/minio/minio/cmd
BenchmarkUnmarshalBatchJobKeyRotateV1-256     	 5348983	       222.9 ns/op	1031.64 MB/s	       0 B/op	       0 allocs/op
PASS

shortname: commonmark_markdown-RenderSpecNoHTML
toolchain: Baseline
goos: linux
goarch: arm64
pkg: gitlab.com/golang-commonmark/markdown
BenchmarkRenderSpecNoHTML-256     	     243	   4974197 ns/op
PASS

shortname: thriftrw_gen-RoundTrip%2FContainersOfContainers%2FEncode
toolchain: Baseline
goos: linux
goarch: arm64
pkg: go.uber.org/thriftrw/gen
BenchmarkRoundTrip/ContainersOfContainers/Encode-256  	   62557	     19311 ns/op
PASS

shortname: gproto_micro-EmptyMessage%2FWire%2FMarshal
toolchain: Baseline
goos: linux
goarch: arm64
pkg: google.golang.org/protobuf/internal/benchmarks/micro
BenchmarkEmptyMessage/Wire/Marshal-256         	1000000000	         0.3984 ns/op
PASS

shortname: benhoyt_goawk-SimpleBuiltins
toolchain: Baseline
goos: linux
goarch: arm64
pkg: github.com/benhoyt/goawk/interp
BenchmarkSimpleBuiltins-256     	 2279299	       523.8 ns/op
PASS

shortname: gproto_json-Bool
toolchain: Baseline
goos: linux
goarch: arm64
pkg: google.golang.org/protobuf/internal/encoding/json
BenchmarkBool-256     	29595685	        40.51 ns/op
PASS

shortname: workiva_avl-ImmutableInsert
toolchain: Baseline
goos: linux
goarch: arm64
pkg: github.com/Workiva/go-datastructures/tree/avl
BenchmarkImmutableInsert-256     	 1272920	      1081 ns/op
PASS

shortname: kanzi-Huffman
toolchain: Baseline
goos: linux
goarch: arm64
pkg: github.com/flanglet/kanzi-go/v2/benchmark
BenchmarkHuffman-256     	     638	   1874413 ns/op
PASS

shortname: dustin_humanize-ParseBytes
toolchain: Baseline
goos: linux
goarch: arm64
pkg: github.com/dustin/go-humanize
BenchmarkParseBytes-256     	10807496	       111.9 ns/op
PASS

shortname: uuid-UUID_MarshalJSON
toolchain: Baseline
goos: linux
goarch: arm64
pkg: github.com/google/uuid
BenchmarkUUID_MarshalJSON-256     	 3365541	       355.9 ns/op
PASS

shortname: workiva_rangetree-ImmutableInsertSecondDimension
toolchain: Baseline
goos: linux
goarch: arm64
pkg: github.com/Workiva/go-datastructures/rangetree
BenchmarkImmutableInsertSecondDimension-256     	      40	  30526614 ns/op
PASS

shortname: gproto_proto-EqualWithDeeplyNestedIdenticalPtr
toolchain: Baseline
goos: linux
goarch: arm64
pkg: google.golang.org/protobuf/proto
BenchmarkEqualWithDeeplyNestedIdenticalPtr-256     	256966891	         4.669 ns/op	       0 B/op	       0 allocs/op
PASS

shortname: capnproto2-Unmarshal_Reuse
toolchain: Baseline
goos: linux
goarch: arm64
pkg: zombiezen.com/go/capnproto2
BenchmarkUnmarshal_Reuse-256     	 2604062	       460.9 ns/op	       0 B/op	       0 allocs/op
PASS

shortname: gonum_traverse-WalkAllDepthFirstGnp_100_half
toolchain: Baseline
goos: linux
goarch: arm64
pkg: gonum.org/v1/gonum/graph/traverse
BenchmarkWalkAllDepthFirstGnp_100_half-256     	    2970	    401914 ns/op
PASS

shortname: dustin_broadcast-DirectSend
toolchain: Baseline
goos: linux
goarch: arm64
pkg: github.com/dustin/go-broadcast
BenchmarkDirectSend-256     	 2793252	       425.1 ns/op
PASS

shortname: gproto_proto-Decode%2Fbasic_scalar_types_%28%2Atest.TestAllTypes%29
toolchain: Baseline
goos: linux
goarch: arm64
pkg: google.golang.org/protobuf/proto
BenchmarkDecode/basic_scalar_types_(*test.TestAllTypes)-256         	 1000000	      2408 ns/op
PASS

shortname: semver-ValidateVersionRangeFail
toolchain: Baseline
goos: linux
goarch: arm64
pkg: github.com/Masterminds/semver/v3
BenchmarkValidateVersionRangeFail-256     	 1954954	       618.4 ns/op	     190 B/op	       7 allocs/op
PASS

shortname: k8s_workqueue-DelayingQueue_AddAfter
toolchain: Baseline
goos: linux
goarch: arm64
pkg: k8s.io/client-go/util/workqueue
BenchmarkDelayingQueue_AddAfter-256     	  549534	      3334 ns/op
PASS

shortname: gonum_mat-CholeskyInverseTo%2Fn%3D100
toolchain: Baseline
goos: linux
goarch: arm64
pkg: gonum.org/v1/gonum/mat
BenchmarkCholeskyInverseTo/n=100-256         	    5462	    218595 ns/op
PASS

shortname: bloom_bits-BitSetExtractDeposit%2Fsize%3D64%2Ffn%3DDepositTo
toolchain: Baseline
goos: linux
goarch: arm64
pkg: github.com/bits-and-blooms/bitset
BenchmarkBitSetExtractDeposit/size=64/fn=DepositTo-256         	69952204	        17.01 ns/op	       0 B/op	       0 allocs/op
PASS

shortname: gproto_proto-Decode%2Ffield_type_mismatch_%28%2Atest3.TestAllTypes%29
toolchain: Baseline
goos: linux
goarch: arm64
pkg: google.golang.org/protobuf/proto
BenchmarkDecode/field_type_mismatch_(*test3.TestAllTypes)-256         	 1000000	      1112 ns/op
PASS

shortname: gproto_micro-Extension%2FGet%2FSet
toolchain: Baseline
goos: linux
goarch: arm64
pkg: google.golang.org/protobuf/internal/benchmarks/micro
BenchmarkExtension/Get/Set-256         	 7220532	       161.4 ns/op
PASS

shortname: gonum_community-NewUndirectedLayers%2FgraphSize%3D1000%2CnumGraphs%3D10
toolchain: Baseline
goos: linux
goarch: arm64
pkg: gonum.org/v1/gonum/graph/community
BenchmarkNewUndirectedLayers/graphSize=1000,numGraphs=10-256         	     945	   1278124 ns/op
PASS

shortname: workiva_hilbert-BulkUpdatePoints
toolchain: Baseline
goos: linux
goarch: arm64
pkg: github.com/Workiva/go-datastructures/rtree/hilbert
BenchmarkBulkUpdatePoints-256     	    2754	    440150 ns/op
PASS

shortname: minio-DecodeBatchJobKeyRotateV1
toolchain: Baseline
goos: linux
goarch: arm64
pkg: github.com/minio/minio/cmd
BenchmarkDecodeBatchJobKeyRotateV1-256     	 3052153	       391.4 ns/op	 587.58 MB/s	       0 B/op	       0 allocs/op
PASS

shortname: gonum_mat-CholeskyFactorize%2Fn%3D10
toolchain: Baseline
goos: linux
goarch: arm64
pkg: gonum.org/v1/gonum/mat
BenchmarkCholeskyFactorize/n=10-256         	  435648	      2748 ns/op
PASS

shortname: hugo_helpers-RelURL
toolchain: Baseline
goos: linux
goarch: arm64
pkg: github.com/gohugoio/hugo/helpers
BenchmarkRelURL-256     	 3429009	       352.3 ns/op
PASS

shortname: minio-EncodedataUsageCacheInfo
toolchain: Baseline
goos: linux
goarch: arm64
pkg: github.com/minio/minio/cmd
BenchmarkEncodedataUsageCacheInfo-256     	21336553	        56.15 ns/op	1015.12 MB/s	       0 B/op	       0 allocs/op
PASS

shortname: minio-AppendMsgBucketStats
toolchain: Baseline
goos: linux
goarch: arm64
pkg: github.com/minio/minio/cmd
BenchmarkAppendMsgBucketStats-256     	 8607213	       138.2 ns/op	3292.42 MB/s	       0 B/op	       0 allocs/op
PASS

shortname: benhoyt_goawk-RepeatNew
toolchain: Baseline
goos: linux
goarch: arm64
pkg: github.com/benhoyt/goawk/interp
BenchmarkRepeatNew-256     	11921328	       100.5 ns/op
PASS

shortname: ethereum_ethash-DifficultyCalculator%2Fu256-homestead
toolchain: Baseline
goos: linux
goarch: arm64
pkg: github.com/ethereum/go-ethereum/consensus/ethash
BenchmarkDifficultyCalculator/u256-homestead-256         	14055702	        87.76 ns/op	      64 B/op	       2 allocs/op
PASS

shortname: thriftrw_gen-RoundTrip%2FContainersOfContainers%2FDecode
toolchain: Baseline
goos: linux
goarch: arm64
pkg: go.uber.org/thriftrw/gen
BenchmarkRoundTrip/ContainersOfContainers/Decode-256  	   27957	     42982 ns/op
PASS

shortname: gonum_community-NewDirectedLayers%2FgraphSize%3D10%2CnumGraphs%3D1
toolchain: Baseline
goos: linux
goarch: arm64
pkg: gonum.org/v1/gonum/graph/community
BenchmarkNewDirectedLayers/graphSize=10,numGraphs=1-256         	 1000000	      1204 ns/op
PASS

shortname: uuid-New
toolchain: Baseline
goos: linux
goarch: arm64
pkg: github.com/google/uuid
BenchmarkNew-256     	 3238807	       375.0 ns/op
PASS

shortname: dustin_broadcast-ParallelBrodcast
toolchain: Baseline
goos: linux
goarch: arm64
pkg: github.com/dustin/go-broadcast
BenchmarkParallelBrodcast-256     	 1769252	       693.1 ns/op
PASS

shortname: gonum_mat-AddScaledVec10Inc1
toolchain: Baseline
goos: linux
goarch: arm64
pkg: gonum.org/v1/gonum/mat
BenchmarkAddScaledVec10Inc1-256     	 5304524	       232.4 ns/op
PASS

shortname: ethereum_trie-DecodeShortNodeUnsafe
toolchain: Baseline
Seed: 8df9da46007e139b
goos: linux
goarch: arm64
pkg: github.com/ethereum/go-ethereum/trie
BenchmarkDecodeShortNodeUnsafe-256     	 7054730	       169.1 ns/op	     109 B/op	       3 allocs/op
PASS

shortname: workiva_triey-Iterator
toolchain: Baseline
goos: linux
goarch: arm64
pkg: github.com/Workiva/go-datastructures/trie/yfast
BenchmarkIterator-256     	  444918	      2706 ns/op
PASS

shortname: shopify_sarama-ZstdMemoryConsumption%2Fno_drain
toolchain: Baseline
goos: linux
goarch: arm64
pkg: github.com/IBM/sarama
BenchmarkZstdMemoryConsumption/no_drain-256         	    2701	    428898 ns/op	   11017 B/op	       4 allocs/op
PASS

shortname: semver-CoerceNewVersionSimple
toolchain: Baseline
goos: linux
goarch: arm64
pkg: github.com/Masterminds/semver/v3
BenchmarkCoerceNewVersionSimple-256     	 6054848	       200.1 ns/op	     128 B/op	       2 allocs/op
PASS

shortname: thriftrw_gen-RoundTrip%2FContainersOfContainers%2FEncode
toolchain: Baseline
goos: linux
goarch: arm64
pkg: go.uber.org/thriftrw/gen
BenchmarkRoundTrip/ContainersOfContainers/Encode-256  	   61744	     19118 ns/op
PASS

shortname: ethereum_whisper-DecryptionSymInvalid
toolchain: Baseline
goos: linux
goarch: arm64
pkg: github.com/ethereum/go-ethereum/whisper/whisperv6
BenchmarkDecryptionSymInvalid-256     	 5463037	       199.8 ns/op
PASS

shortname: k8s_workqueue-DelayingQueue_AddAfter
toolchain: Baseline
goos: linux
goarch: arm64
pkg: k8s.io/client-go/util/workqueue
BenchmarkDelayingQueue_AddAfter-256     	  646592	      2958 ns/op
PASS

shortname: rcrowley_metrics-Histogram
toolchain: Baseline
goos: linux
goarch: arm64
pkg: github.com/rcrowley/go-metrics
BenchmarkHistogram-256     	29794248	        39.39 ns/op
PASS

shortname: dustin_broadcast-ParallelBrodcast
toolchain: Baseline
goos: linux
goarch: arm64
pkg: github.com/dustin/go-broadcast
BenchmarkParallelBrodcast-256     	 1773621	       682.2 ns/op
PASS

shortname: ethereum_ethash-DifficultyCalculator%2Fu256-homestead
toolchain: Baseline
goos: linux
goarch: arm64
pkg: github.com/ethereum/go-ethereum/consensus/ethash
BenchmarkDifficultyCalculator/u256-homestead-256         	14561367	        87.80 ns/op	      64 B/op	       2 allocs/op
PASS

shortname: gonum_mat-CholeskyFactorize%2Fn%3D10
toolchain: Baseline
goos: linux
goarch: arm64
pkg: gonum.org/v1/gonum/mat
BenchmarkCholeskyFactorize/n=10-256         	  437548	      2749 ns/op
PASS

shortname: dustin_humanize-ParseSI
toolchain: Baseline
goos: linux
goarch: arm64
pkg: github.com/dustin/go-humanize
BenchmarkParseSI-256     	 2704648	       449.8 ns/op
PASS

shortname: uuid-New
toolchain: Baseline
goos: linux
goarch: arm64
pkg: github.com/google/uuid
BenchmarkNew-256     	 3251373	       374.2 ns/op
PASS

shortname: gproto_micro-EmptyMessage%2FWire%2FMarshal
toolchain: Baseline
goos: linux
goarch: arm64
pkg: google.golang.org/protobuf/internal/benchmarks/micro
BenchmarkEmptyMessage/Wire/Marshal-256         	1000000000	         0.4108 ns/op
PASS

shortname: hugo_hugolib-CreateShortcodePlaceholders
toolchain: Baseline
goos: linux
goarch: arm64
pkg: github.com/gohugoio/hugo/hugolib
BenchmarkCreateShortcodePlaceholders-256     	22798928	        53.16 ns/op
PASS

shortname: wazero-Compilation%2Fwithout_extern_cache
toolchain: Baseline
goos: linux
goarch: arm64
pkg: github.com/tetratelabs/wazero/internal/integration_test/bench
BenchmarkCompilation/without_extern_cache-256         	      97	  12624488 ns/op
PASS

shortname: gproto_proto-Decode%2Frequired_field_in_oneof_message_set_%28%2Atest.TestRequiredForeign%29
toolchain: Baseline
goos: linux
goarch: arm64
pkg: google.golang.org/protobuf/proto
BenchmarkDecode/required_field_in_oneof_message_set_(*test.TestRequiredForeign)-256         	 4676182	       455.6 ns/op
PASS

shortname: workiva_bitarray-CompressedIntersects
toolchain: Baseline
goos: linux
goarch: arm64
pkg: github.com/Workiva/go-datastructures/bitarray
BenchmarkCompressedIntersects-256     	21480465	        59.47 ns/op
PASS

shortname: hugo_helpers-AbsURL%2Fabsurl
toolchain: Baseline
goos: linux
goarch: arm64
pkg: github.com/gohugoio/hugo/helpers
BenchmarkAbsURL/absurl-256         	267318477	         4.493 ns/op
PASS

shortname: hugo_helpers-RelURL
toolchain: Baseline
goos: linux
goarch: arm64
pkg: github.com/gohugoio/hugo/helpers
BenchmarkRelURL-256     	 3366672	       359.9 ns/op
PASS

shortname: gproto_proto-Decode%2Frequired_group_set_%28%2Arequired_opaque.Group%29
toolchain: Baseline
goos: linux
goarch: arm64
pkg: google.golang.org/protobuf/proto
BenchmarkDecode/required_group_set_(*required_opaque.Group)-256         	14014329	       117.3 ns/op
PASS

shortname: ethereum_whisper-DecryptionAsymInvalid
toolchain: Baseline
goos: linux
goarch: arm64
pkg: github.com/ethereum/go-ethereum/whisper/whisperv6
BenchmarkDecryptionAsymInvalid-256     	   10000	    108066 ns/op
PASS

shortname: cespare_xxhash-DigestBytes%2F100B
toolchain: Baseline
goos: linux
goarch: arm64
pkg: github.com/cespare/xxhash/v2
BenchmarkDigestBytes/100B-256         	47262403	        25.37 ns/op	3942.33 MB/s
PASS

shortname: gproto_json-Bool
toolchain: Baseline
goos: linux
goarch: arm64
pkg: google.golang.org/protobuf/internal/encoding/json
BenchmarkBool-256     	29637898	        40.48 ns/op
PASS

shortname: benhoyt_goawk-SimpleBuiltins
toolchain: Baseline
goos: linux
goarch: arm64
pkg: github.com/benhoyt/goawk/interp
BenchmarkSimpleBuiltins-256     	 2278372	       527.0 ns/op
PASS

shortname: ericlagergren_decimal-Pi%2Ffoo%3Dcockroachdb%2Fapd%2Fprec%3D100
toolchain: Baseline
goos: linux
goarch: arm64
pkg: github.com/ericlagergren/decimal_benchmarks
BenchmarkPi/foo=cockroachdb/apd/prec=100-256         	     236	   5079587 ns/op
PASS

shortname: uuid-UUID_UnmarshalJSON
toolchain: Baseline
goos: linux
goarch: arm64
pkg: github.com/google/uuid
BenchmarkUUID_UnmarshalJSON-256     	 3146569	       383.4 ns/op
PASS

shortname: workiva_set-Clear
toolchain: Baseline
goos: linux
goarch: arm64
pkg: github.com/Workiva/go-datastructures/set
BenchmarkClear-256     	14419618	        85.16 ns/op
PASS

shortname: minio-AppendMsgBucketStats
toolchain: Baseline
goos: linux
goarch: arm64
pkg: github.com/minio/minio/cmd
BenchmarkAppendMsgBucketStats-256     	 8618300	       138.1 ns/op	3294.08 MB/s	       0 B/op	       0 allocs/op
PASS

shortname: benhoyt_goawk-RepeatNew
toolchain: Baseline
goos: linux
goarch: arm64
pkg: github.com/benhoyt/goawk/interp
BenchmarkRepeatNew-256     	11820050	       100.2 ns/op
PASS

shortname: gproto_json-Int
toolchain: Baseline
goos: linux
goarch: arm64
pkg: google.golang.org/protobuf/internal/encoding/json
BenchmarkInt-256     	 5189922	       232.2 ns/op
PASS

shortname: uber_tally-ScopeTaggedCachedSubscopes
toolchain: Baseline
goos: linux
goarch: arm64
pkg: github.com/uber-go/tally/v4
BenchmarkScopeTaggedCachedSubscopes-256     	 1285155	       934.5 ns/op
PASS

shortname: ericlagergren_decimal-Pi%2Ffoo%3Dgo-inf%2Fprec%3D100
toolchain: Baseline
goos: linux
goarch: arm64
pkg: github.com/ericlagergren/decimal_benchmarks
BenchmarkPi/foo=go-inf/prec=100-256         	   10000	    109688 ns/op
PASS

shortname: gonum_mat-MarshalToVecDense10
toolchain: Baseline
goos: linux
goarch: arm64
pkg: gonum.org/v1/gonum/mat
BenchmarkMarshalToVecDense10-256     	 2441959	       489.3 ns/op
PASS

shortname: shopify_sarama-_getMetricNameForTopic
toolchain: Baseline
goos: linux
goarch: arm64
pkg: github.com/IBM/sarama
Benchmark_getMetricNameForTopic-256     	13138755	        91.83 ns/op	      16 B/op	       1 allocs/op
PASS

shortname: ethereum_ecies-GenSharedKeyP256
toolchain: Baseline
goos: linux
goarch: arm64
pkg: github.com/ethereum/go-ethereum/crypto/ecies
BenchmarkGenSharedKeyP256-256     	   20488	     58648 ns/op
PASS

shortname: gproto_proto-Decode%2Fbasic_scalar_types_%28%2Atest.TestAllTypes%29
toolchain: Baseline
goos: linux
goarch: arm64
pkg: google.golang.org/protobuf/proto
BenchmarkDecode/basic_scalar_types_(*test.TestAllTypes)-256         	 1000000	      2240 ns/op
PASS

shortname: dustin_humanize-ParseBytes
toolchain: Baseline
goos: linux
goarch: arm64
pkg: github.com/dustin/go-humanize
BenchmarkParseBytes-256     	10942620	       112.2 ns/op
PASS

shortname: minio-UnmarshalReplicationMRFStats
toolchain: Baseline
goos: linux
goarch: arm64
pkg: github.com/minio/minio/cmd
BenchmarkUnmarshalReplicationMRFStats-256     	46757977	        25.56 ns/op	2190.52 MB/s	       0 B/op	       0 allocs/op
PASS

shortname: thriftrw_gen-RoundTrip%2FPrimitiveOptionalStruct%2FStreaming_Decode
toolchain: Baseline
goos: linux
goarch: arm64
pkg: go.uber.org/thriftrw/gen
BenchmarkRoundTrip/PrimitiveOptionalStruct/Streaming_Decode-256         	 1321263	       908.7 ns/op
PASS

shortname: workiva_avl-ImmutableInsert
toolchain: Baseline
goos: linux
goarch: arm64
pkg: github.com/Workiva/go-datastructures/tree/avl
BenchmarkImmutableInsert-256     	 1272660	      1042 ns/op
PASS

shortname: gonum_lapack_native-Dgeev%2FCirculant5
toolchain: Baseline
goos: linux
goarch: arm64
pkg: gonum.org/v1/gonum/lapack/gonum
BenchmarkDgeev/Circulant5-256         	  127545	      8992 ns/op
PASS

shortname: workiva_hilbert-BulkUpdatePoints
toolchain: Baseline
goos: linux
goarch: arm64
pkg: github.com/Workiva/go-datastructures/rtree/hilbert
BenchmarkBulkUpdatePoints-256     	    2850	    441566 ns/op
PASS

shortname: minio-UnmarshalBucketStats
toolchain: Baseline
goos: linux
goarch: arm64
pkg: github.com/minio/minio/cmd
BenchmarkUnmarshalBucketStats-256     	 3165129	       374.3 ns/op	1215.54 MB/s	       0 B/op	       0 allocs/op
PASS

shortname: gproto_proto-EqualWithDeeplyNestedIdenticalPtr
toolchain: Baseline
goos: linux
goarch: arm64
pkg: google.golang.org/protobuf/proto
BenchmarkEqualWithDeeplyNestedIdenticalPtr-256     	257380376	         4.664 ns/op	       0 B/op	       0 allocs/op
PASS

shortname: benhoyt_goawk-RecursiveFunc
toolchain: Baseline
goos: linux
goarch: arm64
pkg: github.com/benhoyt/goawk/interp
BenchmarkRecursiveFunc-256     	  116232	     10706 ns/op
PASS

shortname: uuid-UUID_MarshalJSON
toolchain: Baseline
goos: linux
goarch: arm64
pkg: github.com/google/uuid
BenchmarkUUID_MarshalJSON-256     	 3436610	       354.4 ns/op
PASS

shortname: gonum_lapack_native-Dlantb%2FFrobeniusLowerNonUnitN%3D10000K%3D2
toolchain: Baseline
goos: linux
goarch: arm64
pkg: gonum.org/v1/gonum/lapack/gonum
BenchmarkDlantb/FrobeniusLowerNonUnitN=10000K=2-256         	   10000	    100282 ns/op
PASS

shortname: ericlagergren_decimal-Mandelbrot_decimal_GDA_9
toolchain: Baseline
goos: linux
goarch: arm64
pkg: github.com/ericlagergren/decimal_benchmarks
BenchmarkMandelbrot_decimal_GDA_9-256     	       1	1885907340 ns/op
PASS

shortname: kanzi-ANS0
toolchain: Baseline
goos: linux
goarch: arm64
pkg: github.com/flanglet/kanzi-go/v2/benchmark
BenchmarkANS0-256     	     706	   1682808 ns/op
PASS

shortname: benhoyt_goawk-BuiltinGsubAmpersand
toolchain: Baseline
goos: linux
goarch: arm64
pkg: github.com/benhoyt/goawk/interp
BenchmarkBuiltinGsubAmpersand-256     	   70023	     17416 ns/op
PASS

shortname: workiva_augmentedtree-AddItems
toolchain: Baseline
goos: linux
goarch: arm64
pkg: github.com/Workiva/go-datastructures/augmentedtree
BenchmarkAddItems-256     	    6296	    200201 ns/op
PASS

shortname: dustin_humanize-Commaf
toolchain: Baseline
goos: linux
goarch: arm64
pkg: github.com/dustin/go-humanize
BenchmarkCommaf-256     	 4067834	       297.9 ns/op
PASS

shortname: kanzi-CM
toolchain: Baseline
goos: linux
goarch: arm64
pkg: github.com/flanglet/kanzi-go/v2/benchmark
BenchmarkCM-256     	      24	  49861462 ns/op
PASS

shortname: nelsam_gxui_interval-General
toolchain: Baseline
goos: linux
goarch: arm64
pkg: git.sr.ht/~nelsam/gxui/interval
BenchmarkGeneral-256     	 4791248	       290.5 ns/op
PASS

shortname: minio-DecodeBatchJobKeyRotateV1
toolchain: Baseline
goos: linux
goarch: arm64
pkg: github.com/minio/minio/cmd
BenchmarkDecodeBatchJobKeyRotateV1-256     	 3050824	       392.4 ns/op	 586.14 MB/s	       0 B/op	       0 allocs/op
PASS

shortname: gonum_mat-CholeskyInverseTo%2Fn%3D100
toolchain: Baseline
goos: linux
goarch: arm64
pkg: gonum.org/v1/gonum/mat
BenchmarkCholeskyInverseTo/n=100-256         	    5478	    218623 ns/op
PASS

shortname: semver-CoerceNewVersionSimple
toolchain: Baseline
goos: linux
goarch: arm64
pkg: github.com/Masterminds/semver/v3
BenchmarkCoerceNewVersionSimple-256     	 6193022	       197.0 ns/op	     128 B/op	       2 allocs/op
PASS

shortname: rcrowley_metrics-Timer
toolchain: Baseline
goos: linux
goarch: arm64
pkg: github.com/rcrowley/go-metrics
BenchmarkTimer-256     	 4007205	       301.2 ns/op
PASS

shortname: gproto_proto-EqualWithDeeplyNestedEqual
toolchain: Baseline
goos: linux
goarch: arm64
pkg: google.golang.org/protobuf/proto
BenchmarkEqualWithDeeplyNestedEqual-256     	   22774	     52879 ns/op	       0 B/op	       0 allocs/op
PASS

shortname: gproto_encoding-TextDecode
toolchain: Baseline
goos: linux
goarch: arm64
pkg: google.golang.org/protobuf/encoding
BenchmarkTextDecode-256     	      31	  37001294 ns/op
PASS

shortname: dustin_humanize-BigCommas
toolchain: Baseline
goos: linux
goarch: arm64
pkg: github.com/dustin/go-humanize
BenchmarkBigCommas-256     	 2376015	       506.9 ns/op
PASS

shortname: bloom_bits-BitSetExtractDeposit%2Fsize%3D64%2Ffn%3DDepositTo
toolchain: Baseline
goos: linux
goarch: arm64
pkg: github.com/bits-and-blooms/bitset
BenchmarkBitSetExtractDeposit/size=64/fn=DepositTo-256         	70117089	        17.09 ns/op	       0 B/op	       0 allocs/op
PASS

shortname: uber_zap-JSONLogMarshalerFunc
toolchain: Baseline
goos: linux
goarch: arm64
pkg: go.uber.org/zap/zapcore
BenchmarkJSONLogMarshalerFunc-256     	  749764	      1611 ns/op
PASS

shortname: workiva_btree_palm-BulkGet
toolchain: Baseline
goos: linux
goarch: arm64
pkg: github.com/Workiva/go-datastructures/btree/palm
BenchmarkBulkGet-256     	   10000	    725475 ns/op
PASS

shortname: uber_tally-TimerReport
toolchain: Baseline
goos: linux
goarch: arm64
pkg: github.com/uber-go/tally/v4
BenchmarkTimerReport-256     	18505948	        64.59 ns/op
PASS

shortname: gonum_mat-AddScaledVec10Inc1
toolchain: Baseline
goos: linux
goarch: arm64
pkg: gonum.org/v1/gonum/mat
BenchmarkAddScaledVec10Inc1-256     	 5145854	       234.0 ns/op
PASS

shortname: gproto_proto-Decode%2Fjust_at_recursion_limit_%28%2Atest3.TestAllTypes%29
toolchain: Baseline
goos: linux
goarch: arm64
pkg: google.golang.org/protobuf/proto
BenchmarkDecode/just_at_recursion_limit_(*test3.TestAllTypes)-256         	  950236	      2741 ns/op
PASS

shortname: workiva_set-Exists
toolchain: Baseline
goos: linux
goarch: arm64
pkg: github.com/Workiva/go-datastructures/set
BenchmarkExists-256     	30029316	        39.15 ns/op
PASS

shortname: shopify_sarama-ZstdMemoryConsumption%2Fno_drain
toolchain: Baseline
goos: linux
goarch: arm64
pkg: github.com/IBM/sarama
BenchmarkZstdMemoryConsumption/no_drain-256         	    2738	    430771 ns/op	   10910 B/op	       4 allocs/op
PASS

shortname: workiva_rangetree_skiplist-MultiDimensionInsertAtZeroDimension
toolchain: Baseline
goos: linux
goarch: arm64
pkg: github.com/Workiva/go-datastructures/rangetree/skiplist
BenchmarkMultiDimensionInsertAtZeroDimension-256     	   10000	   2692003 ns/op
PASS

shortname: workiva_triey-Iterator
toolchain: Baseline
goos: linux
goarch: arm64
pkg: github.com/Workiva/go-datastructures/trie/yfast
BenchmarkIterator-256     	  443296	      2706 ns/op
PASS

shortname: workiva_rangetree-Apply
toolchain: Baseline
goos: linux
goarch: arm64
pkg: github.com/Workiva/go-datastructures/rangetree
BenchmarkApply-256     	   84832	     14396 ns/op
PASS

shortname: gonum_mat-TriMulDiag%2FBenchmarkTriMulDiag100
toolchain: Baseline
goos: linux
goarch: arm64
pkg: gonum.org/v1/gonum/mat
BenchmarkTriMulDiag/BenchmarkTriMulDiag100-256         	   29433	     40591 ns/op
PASS

shortname: semver-ValidateVersionRangeFail
toolchain: Baseline
goos: linux
goarch: arm64
pkg: github.com/Masterminds/semver/v3
BenchmarkValidateVersionRangeFail-256     	 1949367	       636.0 ns/op	     190 B/op	       7 allocs/op
PASS

shortname: gonum_community-NewUndirectedLayers%2FgraphSize%3D1000%2CnumGraphs%3D10
toolchain: Baseline
goos: linux
goarch: arm64
pkg: gonum.org/v1/gonum/graph/community
BenchmarkNewUndirectedLayers/graphSize=1000,numGraphs=10-256         	     942	   1276635 ns/op
PASS

shortname: workiva_queue-PriorityQueue
toolchain: Baseline
goos: linux
goarch: arm64
pkg: github.com/Workiva/go-datastructures/queue
BenchmarkPriorityQueue-256     	 1803615	       626.4 ns/op
PASS

shortname: dustin_broadcast-DirectSend
toolchain: Baseline
goos: linux
goarch: arm64
pkg: github.com/dustin/go-broadcast
BenchmarkDirectSend-256     	 2810792	       418.0 ns/op
PASS

shortname: k8s_cache-EachListItemWithAlloc%2FPodList
toolchain: Baseline
goos: linux
goarch: arm64
pkg: k8s.io/client-go/tools/cache
BenchmarkEachListItemWithAlloc/PodList-256         	   17316	     69771 ns/op
PASS

shortname: minio-MarshalMsgBatchJobReplicateFlags
toolchain: Baseline
goos: linux
goarch: arm64
pkg: github.com/minio/minio/cmd
BenchmarkMarshalMsgBatchJobReplicateFlags-256     	10100622	       121.1 ns/op	     208 B/op	       1 allocs/op
PASS

shortname: thriftrw_gen-RoundTrip%2FContainersOfContainers%2FDecode
toolchain: Baseline
goos: linux
goarch: arm64
pkg: go.uber.org/thriftrw/gen
BenchmarkRoundTrip/ContainersOfContainers/Decode-256  	   28231	     43258 ns/op
PASS

shortname: workiva_rangetree-ImmutableInsertSecondDimension
toolchain: Baseline
goos: linux
goarch: arm64
pkg: github.com/Workiva/go-datastructures/rangetree
BenchmarkImmutableInsertSecondDimension-256     	      43	  35179244 ns/op
PASS

shortname: gonum_mat-UnmarshalVecDense10
toolchain: Baseline
goos: linux
goarch: arm64
pkg: gonum.org/v1/gonum/mat
BenchmarkUnmarshalVecDense10-256     	 3271236	       370.3 ns/op
PASS

shortname: gonum_mat-Pool100by100Uncleared
toolchain: Baseline
goos: linux
goarch: arm64
pkg: gonum.org/v1/gonum/mat
BenchmarkPool100by100Uncleared-256     	63639207	        18.78 ns/op
PASS

shortname: gproto_micro-Extension%2FGet%2FSet
toolchain: Baseline
goos: linux
goarch: arm64
pkg: google.golang.org/protobuf/internal/benchmarks/micro
BenchmarkExtension/Get/Set-256         	 7257254	       163.4 ns/op
PASS

shortname: ericlagergren_decimal-Pi%2Ffoo%3Dapmckinlay%2Fprec%3D19
toolchain: Baseline
goos: linux
goarch: arm64
pkg: github.com/ericlagergren/decimal_benchmarks
BenchmarkPi/foo=apmckinlay/prec=19-256 	  476618	      2493 ns/op
PASS

shortname: kanzi-BWTSmallBlock
toolchain: Baseline
goos: linux
goarch: arm64
pkg: github.com/flanglet/kanzi-go/v2/benchmark
BenchmarkBWTSmallBlock-256     	      28	  40708371 ns/op
PASS

shortname: gproto_proto-Decode%2Ffield_type_mismatch_%28%2Atest3.TestAllTypes%29
toolchain: Baseline
goos: linux
goarch: arm64
pkg: google.golang.org/protobuf/proto
BenchmarkDecode/field_type_mismatch_(*test3.TestAllTypes)-256         	 1000000	      1261 ns/op
PASS

shortname: gonum_community-NewDirectedLayers%2FgraphSize%3D10%2CnumGraphs%3D1
toolchain: Baseline
goos: linux
goarch: arm64
pkg: gonum.org/v1/gonum/graph/community
BenchmarkNewDirectedLayers/graphSize=10,numGraphs=1-256         	 1000000	      1215 ns/op
PASS

shortname: minio-AppendMsgBatchJobExpire
toolchain: Baseline
goos: linux
goarch: arm64
pkg: github.com/minio/minio/cmd
BenchmarkAppendMsgBatchJobExpire-256     	29335958	        40.72 ns/op	2308.61 MB/s	       0 B/op	       0 allocs/op
PASS

shortname: capnproto2-Unmarshal_Reuse
toolchain: Baseline
goos: linux
goarch: arm64
pkg: zombiezen.com/go/capnproto2
BenchmarkUnmarshal_Reuse-256     	 2596837	       461.9 ns/op	       0 B/op	       0 allocs/op
PASS

shortname: gonum_traverse-WalkAllDepthFirstGnp_100_half
toolchain: Baseline
goos: linux
goarch: arm64
pkg: gonum.org/v1/gonum/graph/traverse
BenchmarkWalkAllDepthFirstGnp_100_half-256     	    3109	    389680 ns/op
PASS

shortname: kanzi-Huffman
toolchain: Baseline
goos: linux
goarch: arm64
pkg: github.com/flanglet/kanzi-go/v2/benchmark
BenchmarkHuffman-256     	     640	   1869312 ns/op
PASS

shortname: benhoyt_goawk-NativeFunc
toolchain: Baseline
goos: linux
goarch: arm64
pkg: github.com/benhoyt/goawk/interp
BenchmarkNativeFunc-256     	  162536	      7332 ns/op
PASS

shortname: semver-CheckVersionRange
toolchain: Baseline
goos: linux
goarch: arm64
pkg: github.com/Masterminds/semver/v3
BenchmarkCheckVersionRange-256     	31116231	        39.21 ns/op	       0 B/op	       0 allocs/op
PASS

shortname: minio-DecodeBucketStats
toolchain: Baseline
goos: linux
goarch: arm64
pkg: github.com/minio/minio/cmd
BenchmarkDecodeBucketStats-256     	 1619746	       740.9 ns/op	 614.09 MB/s	       0 B/op	       0 allocs/op
PASS

shortname: gproto_reflect-Value%2FInterface
toolchain: Baseline
goos: linux
goarch: arm64
pkg: google.golang.org/protobuf/reflect/protoreflect
BenchmarkValue/Interface-256         	58649620	        21.23 ns/op	      16 B/op	       1 allocs/op
PASS

shortname: gonum_community-NewDirectedLayers%2FgraphSize%3D1000%2CnumGraphs%3D1
toolchain: Baseline
goos: linux
goarch: arm64
pkg: gonum.org/v1/gonum/graph/community
BenchmarkNewDirectedLayers/graphSize=1000,numGraphs=1-256         	   10000	    106883 ns/op
PASS

shortname: gonum_topo-SortStabilizedPath_100000
toolchain: Baseline
goos: linux
goarch: arm64
pkg: gonum.org/v1/gonum/graph/topo
BenchmarkSortStabilizedPath_100000-256     	       9	 128984204 ns/op
PASS

shortname: capnproto2-Growth_MultiSegment
toolchain: Baseline
goos: linux
goarch: arm64
pkg: zombiezen.com/go/capnproto2
BenchmarkGrowth_MultiSegment-256     	      85	  14082528 ns/op	  74.46 MB/s	 1648827 B/op	      21 allocs/op
PASS

shortname: ethereum_trie-DecodeShortNodeUnsafe
toolchain: Baseline
Seed: 94c0688d8a6fa218
goos: linux
goarch: arm64
pkg: github.com/ethereum/go-ethereum/trie
BenchmarkDecodeShortNodeUnsafe-256     	 7222149	       167.7 ns/op	     109 B/op	       3 allocs/op
PASS

shortname: commonmark_markdown-RenderSpecNoHTML
toolchain: Baseline
goos: linux
goarch: arm64
pkg: gitlab.com/golang-commonmark/markdown
BenchmarkRenderSpecNoHTML-256     	     241	   4982458 ns/op
PASS

shortname: minio-UnmarshalBatchJobKeyRotateV1
toolchain: Baseline
goos: linux
goarch: arm64
pkg: github.com/minio/minio/cmd
BenchmarkUnmarshalBatchJobKeyRotateV1-256     	 5342899	       222.9 ns/op	1031.70 MB/s	       0 B/op	       0 allocs/op
PASS

shortname: minio-EncodedataUsageCacheInfo
toolchain: Baseline
goos: linux
goarch: arm64
pkg: github.com/minio/minio/cmd
BenchmarkEncodedataUsageCacheInfo-256     	21434679	        56.51 ns/op	1008.72 MB/s	       0 B/op	       0 allocs/op
PASS

shortname: gonum_lapack_native-Dgeev%2FCirculant5
toolchain: Baseline
goos: linux
goarch: arm64
pkg: gonum.org/v1/gonum/lapack/gonum
BenchmarkDgeev/Circulant5-256         	  121147	      9363 ns/op
PASS

shortname: gonum_mat-TriMulDiag%2FBenchmarkTriMulDiag100
toolchain: Baseline
goos: linux
goarch: arm64
pkg: gonum.org/v1/gonum/mat
BenchmarkTriMulDiag/BenchmarkTriMulDiag100-256         	   29331	     40756 ns/op
PASS

shortname: gproto_proto-EqualWithDeeplyNestedIdenticalPtr
toolchain: Baseline
goos: linux
goarch: arm64
pkg: google.golang.org/protobuf/proto
BenchmarkEqualWithDeeplyNestedIdenticalPtr-256     	257441324	         4.667 ns/op	       0 B/op	       0 allocs/op
PASS

shortname: gproto_proto-EqualWithDeeplyNestedEqual
toolchain: Baseline
goos: linux
goarch: arm64
pkg: google.golang.org/protobuf/proto
BenchmarkEqualWithDeeplyNestedEqual-256     	   22924	     52489 ns/op	       0 B/op	       0 allocs/op
PASS

shortname: ericlagergren_decimal-Mandelbrot_decimal_GDA_9
toolchain: Baseline
goos: linux
goarch: arm64
pkg: github.com/ericlagergren/decimal_benchmarks
BenchmarkMandelbrot_decimal_GDA_9-256     	       1	1887109400 ns/op
PASS

shortname: workiva_rangetree-ImmutableInsertSecondDimension
toolchain: Baseline
goos: linux
goarch: arm64
pkg: github.com/Workiva/go-datastructures/rangetree
BenchmarkImmutableInsertSecondDimension-256     	      36	  31739598 ns/op
PASS

shortname: dustin_broadcast-ParallelBrodcast
toolchain: Baseline
goos: linux
goarch: arm64
pkg: github.com/dustin/go-broadcast
BenchmarkParallelBrodcast-256     	 1765290	       636.6 ns/op
PASS

shortname: dustin_humanize-ParseBytes
toolchain: Baseline
goos: linux
goarch: arm64
pkg: github.com/dustin/go-humanize
BenchmarkParseBytes-256     	10837474	       112.0 ns/op
PASS

shortname: gproto_proto-Decode%2Fbasic_scalar_types_%28%2Atest.TestAllTypes%29
toolchain: Baseline
goos: linux
goarch: arm64
pkg: google.golang.org/protobuf/proto
BenchmarkDecode/basic_scalar_types_(*test.TestAllTypes)-256         	 1000000	      2291 ns/op
PASS

shortname: workiva_set-Exists
toolchain: Baseline
goos: linux
goarch: arm64
pkg: github.com/Workiva/go-datastructures/set
BenchmarkExists-256     	29988349	        39.15 ns/op
PASS

shortname: gproto_proto-Decode%2Fjust_at_recursion_limit_%28%2Atest3.TestAllTypes%29
toolchain: Baseline
goos: linux
goarch: arm64
pkg: google.golang.org/protobuf/proto
BenchmarkDecode/just_at_recursion_limit_(*test3.TestAllTypes)-256         	 1000000	      2919 ns/op
PASS

shortname: gonum_community-NewDirectedLayers%2FgraphSize%3D1000%2CnumGraphs%3D1
toolchain: Baseline
goos: linux
goarch: arm64
pkg: gonum.org/v1/gonum/graph/community
BenchmarkNewDirectedLayers/graphSize=1000,numGraphs=1-256         	   10000	    107221 ns/op
PASS

shortname: uber_tally-TimerReport
toolchain: Baseline
goos: linux
goarch: arm64
pkg: github.com/uber-go/tally/v4
BenchmarkTimerReport-256     	18756426	        63.90 ns/op
PASS

shortname: k8s_workqueue-DelayingQueue_AddAfter
toolchain: Baseline
goos: linux
goarch: arm64
pkg: k8s.io/client-go/util/workqueue
BenchmarkDelayingQueue_AddAfter-256     	  612564	      3028 ns/op
PASS

shortname: minio-DecodeBatchJobKeyRotateV1
toolchain: Baseline
goos: linux
goarch: arm64
pkg: github.com/minio/minio/cmd
BenchmarkDecodeBatchJobKeyRotateV1-256     	 3056205	       393.9 ns/op	 583.90 MB/s	       0 B/op	       0 allocs/op
PASS

shortname: thriftrw_gen-RoundTrip%2FPrimitiveOptionalStruct%2FStreaming_Decode
toolchain: Baseline
goos: linux
goarch: arm64
pkg: go.uber.org/thriftrw/gen
BenchmarkRoundTrip/PrimitiveOptionalStruct/Streaming_Decode-256         	 1306027	       921.7 ns/op
PASS

shortname: benhoyt_goawk-SimpleBuiltins
toolchain: Baseline
goos: linux
goarch: arm64
pkg: github.com/benhoyt/goawk/interp
BenchmarkSimpleBuiltins-256     	 2312838	       528.2 ns/op
PASS

shortname: hugo_hugolib-CreateShortcodePlaceholders
toolchain: Baseline
goos: linux
goarch: arm64
pkg: github.com/gohugoio/hugo/hugolib
BenchmarkCreateShortcodePlaceholders-256     	22659717	        52.99 ns/op
PASS

shortname: gonum_mat-CholeskyFactorize%2Fn%3D10
toolchain: Baseline
goos: linux
goarch: arm64
pkg: gonum.org/v1/gonum/mat
BenchmarkCholeskyFactorize/n=10-256         	  437209	      2751 ns/op
PASS

shortname: kanzi-Huffman
toolchain: Baseline
goos: linux
goarch: arm64
pkg: github.com/flanglet/kanzi-go/v2/benchmark
BenchmarkHuffman-256     	     642	   1873603 ns/op
PASS

shortname: gproto_reflect-Value%2FInterface
toolchain: Baseline
goos: linux
goarch: arm64
pkg: google.golang.org/protobuf/reflect/protoreflect
BenchmarkValue/Interface-256         	58877384	        21.32 ns/op	      16 B/op	       1 allocs/op
PASS

shortname: rcrowley_metrics-Histogram
toolchain: Baseline
goos: linux
goarch: arm64
pkg: github.com/rcrowley/go-metrics
BenchmarkHistogram-256     	29732878	        39.30 ns/op
PASS

shortname: benhoyt_goawk-BuiltinGsubAmpersand
toolchain: Baseline
goos: linux
goarch: arm64
pkg: github.com/benhoyt/goawk/interp
BenchmarkBuiltinGsubAmpersand-256     	   70124	     17242 ns/op
PASS

shortname: gproto_json-Bool
toolchain: Baseline
goos: linux
goarch: arm64
pkg: google.golang.org/protobuf/internal/encoding/json
BenchmarkBool-256     	29650413	        40.47 ns/op
PASS

shortname: workiva_btree_palm-BulkGet
toolchain: Baseline
goos: linux
goarch: arm64
pkg: github.com/Workiva/go-datastructures/btree/palm
BenchmarkBulkGet-256     	   10000	    723815 ns/op
PASS

shortname: benhoyt_goawk-RepeatNew
toolchain: Baseline
goos: linux
goarch: arm64
pkg: github.com/benhoyt/goawk/interp
BenchmarkRepeatNew-256     	12010717	        99.64 ns/op
PASS

shortname: workiva_rangetree-Apply
toolchain: Baseline
goos: linux
goarch: arm64
pkg: github.com/Workiva/go-datastructures/rangetree
BenchmarkApply-256     	   83488	     14039 ns/op
PASS

shortname: minio-UnmarshalBatchJobKeyRotateV1
toolchain: Baseline
goos: linux
goarch: arm64
pkg: github.com/minio/minio/cmd
BenchmarkUnmarshalBatchJobKeyRotateV1-256     	 5342244	       225.4 ns/op	1020.55 MB/s	       0 B/op	       0 allocs/op
PASS

shortname: minio-EncodedataUsageCacheInfo
toolchain: Baseline
goos: linux
goarch: arm64
pkg: github.com/minio/minio/cmd
BenchmarkEncodedataUsageCacheInfo-256     	21375457	        56.58 ns/op	1007.49 MB/s	       0 B/op	       0 allocs/op
PASS

shortname: semver-ValidateVersionRangeFail
toolchain: Baseline
goos: linux
goarch: arm64
pkg: github.com/Masterminds/semver/v3
BenchmarkValidateVersionRangeFail-256     	 1949150	       629.1 ns/op	     190 B/op	       7 allocs/op
PASS

shortname: rcrowley_metrics-Timer
toolchain: Baseline
goos: linux
goarch: arm64
pkg: github.com/rcrowley/go-metrics
BenchmarkTimer-256     	 3994144	       300.2 ns/op
PASS

shortname: minio-UnmarshalReplicationMRFStats
toolchain: Baseline
goos: linux
goarch: arm64
pkg: github.com/minio/minio/cmd
BenchmarkUnmarshalReplicationMRFStats-256     	46828993	        25.57 ns/op	2189.88 MB/s	       0 B/op	       0 allocs/op
PASS

shortname: minio-AppendMsgBatchJobExpire
toolchain: Baseline
goos: linux
goarch: arm64
pkg: github.com/minio/minio/cmd
BenchmarkAppendMsgBatchJobExpire-256     	29431537	        40.58 ns/op	2316.32 MB/s	       0 B/op	       0 allocs/op
PASS

shortname: workiva_rangetree_skiplist-MultiDimensionInsertAtZeroDimension
toolchain: Baseline
goos: linux
goarch: arm64
pkg: github.com/Workiva/go-datastructures/rangetree/skiplist
BenchmarkMultiDimensionInsertAtZeroDimension-256     	   10000	   2675875 ns/op
PASS

shortname: shopify_sarama-ZstdMemoryConsumption%2Fno_drain
toolchain: Baseline
goos: linux
goarch: arm64
pkg: github.com/IBM/sarama
BenchmarkZstdMemoryConsumption/no_drain-256         	    2617	    439970 ns/op	   11271 B/op	       4 allocs/op
PASS

shortname: shopify_sarama-_getMetricNameForTopic
toolchain: Baseline
goos: linux
goarch: arm64
pkg: github.com/IBM/sarama
Benchmark_getMetricNameForTopic-256     	13295110	        91.65 ns/op	      16 B/op	       1 allocs/op
PASS

shortname: gonum_mat-CholeskyInverseTo%2Fn%3D100
toolchain: Baseline
goos: linux
goarch: arm64
pkg: gonum.org/v1/gonum/mat
BenchmarkCholeskyInverseTo/n=100-256         	    5475	    218551 ns/op
PASS

shortname: gonum_mat-Pool100by100Uncleared
toolchain: Baseline
goos: linux
goarch: arm64
pkg: gonum.org/v1/gonum/mat
BenchmarkPool100by100Uncleared-256     	63832264	        18.78 ns/op
PASS

shortname: kanzi-ANS0
toolchain: Baseline
goos: linux
goarch: arm64
pkg: github.com/flanglet/kanzi-go/v2/benchmark
BenchmarkANS0-256     	     711	   1684787 ns/op
PASS

shortname: gonum_traverse-WalkAllDepthFirstGnp_100_half
toolchain: Baseline
goos: linux
goarch: arm64
pkg: gonum.org/v1/gonum/graph/traverse
BenchmarkWalkAllDepthFirstGnp_100_half-256     	    3025	    399611 ns/op
PASS

shortname: uuid-UUID_MarshalJSON
toolchain: Baseline
goos: linux
goarch: arm64
pkg: github.com/google/uuid
BenchmarkUUID_MarshalJSON-256     	 3407762	       355.1 ns/op
PASS

shortname: dustin_humanize-BigCommas
toolchain: Baseline
goos: linux
goarch: arm64
pkg: github.com/dustin/go-humanize
BenchmarkBigCommas-256     	 2379188	       511.3 ns/op
PASS

shortname: thriftrw_gen-RoundTrip%2FContainersOfContainers%2FDecode
toolchain: Baseline
goos: linux
goarch: arm64
pkg: go.uber.org/thriftrw/gen
BenchmarkRoundTrip/ContainersOfContainers/Decode-256  	   27766	     43437 ns/op
PASS

shortname: hugo_helpers-AbsURL%2Fabsurl
toolchain: Baseline
goos: linux
goarch: arm64
pkg: github.com/gohugoio/hugo/helpers
BenchmarkAbsURL/absurl-256         	267349286	         4.489 ns/op
PASS

shortname: workiva_avl-ImmutableInsert
toolchain: Baseline
goos: linux
goarch: arm64
pkg: github.com/Workiva/go-datastructures/tree/avl
BenchmarkImmutableInsert-256     	 1268980	      1001 ns/op
PASS

shortname: ericlagergren_decimal-Pi%2Ffoo%3Dapmckinlay%2Fprec%3D19
toolchain: Baseline
goos: linux
goarch: arm64
pkg: github.com/ericlagergren/decimal_benchmarks
BenchmarkPi/foo=apmckinlay/prec=19-256 	  476079	      2481 ns/op
PASS

shortname: gproto_proto-Decode%2Ffield_type_mismatch_%28%2Atest3.TestAllTypes%29
toolchain: Baseline
goos: linux
goarch: arm64
pkg: google.golang.org/protobuf/proto
BenchmarkDecode/field_type_mismatch_(*test3.TestAllTypes)-256         	 1000000	      1308 ns/op
PASS

shortname: gonum_community-NewUndirectedLayers%2FgraphSize%3D1000%2CnumGraphs%3D10
toolchain: Baseline
goos: linux
goarch: arm64
pkg: gonum.org/v1/gonum/graph/community
BenchmarkNewUndirectedLayers/graphSize=1000,numGraphs=10-256         	     948	   1271939 ns/op
PASS

shortname: workiva_set-Clear
toolchain: Baseline
goos: linux
goarch: arm64
pkg: github.com/Workiva/go-datastructures/set
BenchmarkClear-256     	14301352	        84.76 ns/op
PASS

shortname: benhoyt_goawk-NativeFunc
toolchain: Baseline
goos: linux
goarch: arm64
pkg: github.com/benhoyt/goawk/interp
BenchmarkNativeFunc-256     	  160634	      7463 ns/op
PASS

shortname: ethereum_whisper-DecryptionAsymInvalid
toolchain: Baseline
goos: linux
goarch: arm64
pkg: github.com/ethereum/go-ethereum/whisper/whisperv6
BenchmarkDecryptionAsymInvalid-256     	   10683	    106818 ns/op
PASS

shortname: hugo_helpers-RelURL
toolchain: Baseline
goos: linux
goarch: arm64
pkg: github.com/gohugoio/hugo/helpers
BenchmarkRelURL-256     	 3331218	       358.1 ns/op
PASS

shortname: minio-DecodeBucketStats
toolchain: Baseline
goos: linux
goarch: arm64
pkg: github.com/minio/minio/cmd
BenchmarkDecodeBucketStats-256     	 1616295	       741.5 ns/op	 613.60 MB/s	       0 B/op	       0 allocs/op
PASS

shortname: gonum_mat-MarshalToVecDense10
toolchain: Baseline
goos: linux
goarch: arm64
pkg: gonum.org/v1/gonum/mat
BenchmarkMarshalToVecDense10-256     	 2456468	       490.8 ns/op
PASS

shortname: ethereum_trie-DecodeShortNodeUnsafe
toolchain: Baseline
Seed: 9fd751381940e069
goos: linux
goarch: arm64
pkg: github.com/ethereum/go-ethereum/trie
BenchmarkDecodeShortNodeUnsafe-256     	 7198488	       168.1 ns/op	     109 B/op	       3 allocs/op
PASS

shortname: workiva_queue-PriorityQueue
toolchain: Baseline
goos: linux
goarch: arm64
pkg: github.com/Workiva/go-datastructures/queue
BenchmarkPriorityQueue-256     	 1852712	       769.7 ns/op
PASS

shortname: gonum_topo-SortStabilizedPath_100000
toolchain: Baseline
goos: linux
goarch: arm64
pkg: gonum.org/v1/gonum/graph/topo
BenchmarkSortStabilizedPath_100000-256     	      10	 124277747 ns/op
PASS

shortname: gonum_mat-UnmarshalVecDense10
toolchain: Baseline
goos: linux
goarch: arm64
pkg: gonum.org/v1/gonum/mat
BenchmarkUnmarshalVecDense10-256     	 3226456	       377.6 ns/op
PASS

shortname: ethereum_whisper-DecryptionSymInvalid
toolchain: Baseline
goos: linux
goarch: arm64
pkg: github.com/ethereum/go-ethereum/whisper/whisperv6
BenchmarkDecryptionSymInvalid-256     	 6027388	       200.0 ns/op
PASS

shortname: workiva_triey-Iterator
toolchain: Baseline
goos: linux
goarch: arm64
pkg: github.com/Workiva/go-datastructures/trie/yfast
BenchmarkIterator-256     	  444878	      2704 ns/op
PASS

shortname: cespare_xxhash-DigestBytes%2F100B
toolchain: Baseline
goos: linux
goarch: arm64
pkg: github.com/cespare/xxhash/v2
BenchmarkDigestBytes/100B-256         	46774816	        25.56 ns/op	3911.61 MB/s
PASS

shortname: wazero-Compilation%2Fwithout_extern_cache
toolchain: Baseline
goos: linux
goarch: arm64
pkg: github.com/tetratelabs/wazero/internal/integration_test/bench
BenchmarkCompilation/without_extern_cache-256         	      97	  12645002 ns/op
PASS

shortname: gonum_community-NewDirectedLayers%2FgraphSize%3D10%2CnumGraphs%3D1
toolchain: Baseline
goos: linux
goarch: arm64
pkg: gonum.org/v1/gonum/graph/community
BenchmarkNewDirectedLayers/graphSize=10,numGraphs=1-256         	 1000000	      1184 ns/op
PASS

shortname: workiva_hilbert-BulkUpdatePoints
toolchain: Baseline
goos: linux
goarch: arm64
pkg: github.com/Workiva/go-datastructures/rtree/hilbert
BenchmarkBulkUpdatePoints-256     	    2958	    442259 ns/op
PASS

shortname: gproto_encoding-TextDecode
toolchain: Baseline
goos: linux
goarch: arm64
pkg: google.golang.org/protobuf/encoding
BenchmarkTextDecode-256     	      32	  36532120 ns/op
PASS

shortname: nelsam_gxui_interval-General
toolchain: Baseline
goos: linux
goarch: arm64
pkg: git.sr.ht/~nelsam/gxui/interval
BenchmarkGeneral-256     	 4834081	       266.6 ns/op
PASS

shortname: workiva_bitarray-CompressedIntersects
toolchain: Baseline
goos: linux
goarch: arm64
pkg: github.com/Workiva/go-datastructures/bitarray
BenchmarkCompressedIntersects-256     	20692444	        59.63 ns/op
PASS

shortname: semver-CheckVersionRange
toolchain: Baseline
goos: linux
goarch: arm64
pkg: github.com/Masterminds/semver/v3
BenchmarkCheckVersionRange-256     	31110447	        38.48 ns/op	       0 B/op	       0 allocs/op
PASS

shortname: ethereum_ethash-DifficultyCalculator%2Fu256-homestead
toolchain: Baseline
goos: linux
goarch: arm64
pkg: github.com/ethereum/go-ethereum/consensus/ethash
BenchmarkDifficultyCalculator/u256-homestead-256         	14052864	        85.68 ns/op	      64 B/op	       2 allocs/op
PASS

shortname: semver-CoerceNewVersionSimple
toolchain: Baseline
goos: linux
goarch: arm64
pkg: github.com/Masterminds/semver/v3
BenchmarkCoerceNewVersionSimple-256     	 6067905	       196.2 ns/op	     128 B/op	       2 allocs/op
PASS

shortname: dustin_humanize-ParseSI
toolchain: Baseline
goos: linux
goarch: arm64
pkg: github.com/dustin/go-humanize
BenchmarkParseSI-256     	 2754357	       437.0 ns/op
PASS

shortname: thriftrw_gen-RoundTrip%2FContainersOfContainers%2FEncode
toolchain: Baseline
goos: linux
goarch: arm64
pkg: go.uber.org/thriftrw/gen
BenchmarkRoundTrip/ContainersOfContainers/Encode-256  	   60369	     19602 ns/op
PASS

shortname: kanzi-BWTSmallBlock
toolchain: Baseline
goos: linux
goarch: arm64
pkg: github.com/flanglet/kanzi-go/v2/benchmark
BenchmarkBWTSmallBlock-256     	      28	  42341849 ns/op
PASS

shortname: ethereum_ecies-GenSharedKeyP256
toolchain: Baseline
goos: linux
goarch: arm64
pkg: github.com/ethereum/go-ethereum/crypto/ecies
BenchmarkGenSharedKeyP256-256     	   20492	     58626 ns/op
PASS

shortname: benhoyt_goawk-RecursiveFunc
toolchain: Baseline
goos: linux
goarch: arm64
pkg: github.com/benhoyt/goawk/interp
BenchmarkRecursiveFunc-256     	  118036	     10637 ns/op
PASS

shortname: gonum_mat-AddScaledVec10Inc1
toolchain: Baseline
goos: linux
goarch: arm64
pkg: gonum.org/v1/gonum/mat
BenchmarkAddScaledVec10Inc1-256     	 5153856	       233.5 ns/op
PASS

shortname: k8s_cache-EachListItemWithAlloc%2FPodList
toolchain: Baseline
goos: linux
goarch: arm64
pkg: k8s.io/client-go/tools/cache
BenchmarkEachListItemWithAlloc/PodList-256         	   17826	     67012 ns/op
PASS

shortname: dustin_broadcast-DirectSend
toolchain: Baseline
goos: linux
goarch: arm64
pkg: github.com/dustin/go-broadcast
BenchmarkDirectSend-256     	 2793996	       435.2 ns/op
PASS

shortname: uber_tally-ScopeTaggedCachedSubscopes
toolchain: Baseline
goos: linux
goarch: arm64
pkg: github.com/uber-go/tally/v4
BenchmarkScopeTaggedCachedSubscopes-256     	 1271818	       936.6 ns/op
PASS

shortname: kanzi-CM
toolchain: Baseline
goos: linux
goarch: arm64
pkg: github.com/flanglet/kanzi-go/v2/benchmark
BenchmarkCM-256     	      24	  49938620 ns/op
PASS

shortname: gproto_proto-Decode%2Frequired_field_in_oneof_message_set_%28%2Atest.TestRequiredForeign%29
toolchain: Baseline
goos: linux
goarch: arm64
pkg: google.golang.org/protobuf/proto
BenchmarkDecode/required_field_in_oneof_message_set_(*test.TestRequiredForeign)-256         	 4892929	       459.3 ns/op
PASS

shortname: gproto_proto-Decode%2Frequired_group_set_%28%2Arequired_opaque.Group%29
toolchain: Baseline
goos: linux
goarch: arm64
pkg: google.golang.org/protobuf/proto
BenchmarkDecode/required_group_set_(*required_opaque.Group)-256         	13218705	       123.4 ns/op
PASS

shortname: gproto_json-Int
toolchain: Baseline
goos: linux
goarch: arm64
pkg: google.golang.org/protobuf/internal/encoding/json
BenchmarkInt-256     	 5187608	       233.0 ns/op
PASS

shortname: capnproto2-Unmarshal_Reuse
toolchain: Baseline
goos: linux
goarch: arm64
pkg: zombiezen.com/go/capnproto2
BenchmarkUnmarshal_Reuse-256     	 2597618	       461.5 ns/op	       0 B/op	       0 allocs/op
PASS

shortname: workiva_augmentedtree-AddItems
toolchain: Baseline
goos: linux
goarch: arm64
pkg: github.com/Workiva/go-datastructures/augmentedtree
BenchmarkAddItems-256     	    6649	    200113 ns/op
PASS

shortname: gproto_micro-EmptyMessage%2FWire%2FMarshal
toolchain: Baseline
goos: linux
goarch: arm64
pkg: google.golang.org/protobuf/internal/benchmarks/micro
BenchmarkEmptyMessage/Wire/Marshal-256         	1000000000	         0.3966 ns/op
PASS

shortname: dustin_humanize-Commaf
toolchain: Baseline
goos: linux
goarch: arm64
pkg: github.com/dustin/go-humanize
BenchmarkCommaf-256     	 3997779	       299.2 ns/op
PASS

shortname: minio-UnmarshalBucketStats
toolchain: Baseline
goos: linux
goarch: arm64
pkg: github.com/minio/minio/cmd
BenchmarkUnmarshalBucketStats-256     	 3163587	       377.0 ns/op	1206.92 MB/s	       0 B/op	       0 allocs/op
PASS

shortname: bloom_bits-BitSetExtractDeposit%2Fsize%3D64%2Ffn%3DDepositTo
toolchain: Baseline
goos: linux
goarch: arm64
pkg: github.com/bits-and-blooms/bitset
BenchmarkBitSetExtractDeposit/size=64/fn=DepositTo-256         	69985617	        16.95 ns/op	       0 B/op	       0 allocs/op
PASS

shortname: ericlagergren_decimal-Pi%2Ffoo%3Dgo-inf%2Fprec%3D100
toolchain: Baseline
goos: linux
goarch: arm64
pkg: github.com/ericlagergren/decimal_benchmarks
BenchmarkPi/foo=go-inf/prec=100-256         	   10000	    112219 ns/op
PASS

shortname: gonum_lapack_native-Dlantb%2FFrobeniusLowerNonUnitN%3D10000K%3D2
toolchain: Baseline
goos: linux
goarch: arm64
pkg: gonum.org/v1/gonum/lapack/gonum
BenchmarkDlantb/FrobeniusLowerNonUnitN=10000K=2-256         	   10000	    101591 ns/op
PASS

shortname: commonmark_markdown-RenderSpecNoHTML
toolchain: Baseline
goos: linux
goarch: arm64
pkg: gitlab.com/golang-commonmark/markdown
BenchmarkRenderSpecNoHTML-256     	     242	   4957446 ns/op
PASS

shortname: minio-AppendMsgBucketStats
toolchain: Baseline
goos: linux
goarch: arm64
pkg: github.com/minio/minio/cmd
BenchmarkAppendMsgBucketStats-256     	 8651996	       138.3 ns/op	3290.01 MB/s	       0 B/op	       0 allocs/op
PASS

shortname: uuid-UUID_UnmarshalJSON
toolchain: Baseline
goos: linux
goarch: arm64
pkg: github.com/google/uuid
BenchmarkUUID_UnmarshalJSON-256     	 3111909	       391.8 ns/op
PASS

shortname: ericlagergren_decimal-Pi%2Ffoo%3Dcockroachdb%2Fapd%2Fprec%3D100
toolchain: Baseline
goos: linux
goarch: arm64
pkg: github.com/ericlagergren/decimal_benchmarks
BenchmarkPi/foo=cockroachdb/apd/prec=100-256         	     237	   5064289 ns/op
PASS

shortname: uuid-New
toolchain: Baseline
goos: linux
goarch: arm64
pkg: github.com/google/uuid
BenchmarkNew-256     	 3223029	       374.6 ns/op
PASS

shortname: capnproto2-Growth_MultiSegment
toolchain: Baseline
goos: linux
goarch: arm64
pkg: zombiezen.com/go/capnproto2
BenchmarkGrowth_MultiSegment-256     	      85	  14111810 ns/op	  74.31 MB/s	 1648829 B/op	      21 allocs/op
PASS

shortname: uber_zap-JSONLogMarshalerFunc
toolchain: Baseline
goos: linux
goarch: arm64
pkg: go.uber.org/zap/zapcore
BenchmarkJSONLogMarshalerFunc-256     	  756512	      1611 ns/op
PASS

shortname: gproto_micro-Extension%2FGet%2FSet
toolchain: Baseline
goos: linux
goarch: arm64
pkg: google.golang.org/protobuf/internal/benchmarks/micro
BenchmarkExtension/Get/Set-256         	 7170265	       164.2 ns/op
PASS

shortname: minio-MarshalMsgBatchJobReplicateFlags
toolchain: Baseline
goos: linux
goarch: arm64
pkg: github.com/minio/minio/cmd
BenchmarkMarshalMsgBatchJobReplicateFlags-256     	10107402	       122.5 ns/op	     208 B/op	       1 allocs/op
PASS

shortname: benhoyt_goawk-NativeFunc
toolchain: Baseline
goos: linux
goarch: arm64
pkg: github.com/benhoyt/goawk/interp
BenchmarkNativeFunc-256     	  163214	      7443 ns/op
PASS

shortname: nelsam_gxui_interval-General
toolchain: Baseline
goos: linux
goarch: arm64
pkg: git.sr.ht/~nelsam/gxui/interval
BenchmarkGeneral-256     	 4395145	       303.1 ns/op
PASS

shortname: thriftrw_gen-RoundTrip%2FContainersOfContainers%2FDecode
toolchain: Baseline
goos: linux
goarch: arm64
pkg: go.uber.org/thriftrw/gen
BenchmarkRoundTrip/ContainersOfContainers/Decode-256  	   28350	     42545 ns/op
PASS

shortname: gonum_lapack_native-Dlantb%2FFrobeniusLowerNonUnitN%3D10000K%3D2
toolchain: Baseline
goos: linux
goarch: arm64
pkg: gonum.org/v1/gonum/lapack/gonum
BenchmarkDlantb/FrobeniusLowerNonUnitN=10000K=2-256         	   10000	    104317 ns/op
PASS

shortname: gproto_reflect-Value%2FInterface
toolchain: Baseline
goos: linux
goarch: arm64
pkg: google.golang.org/protobuf/reflect/protoreflect
BenchmarkValue/Interface-256         	58263853	        21.30 ns/op	      16 B/op	       1 allocs/op
PASS

shortname: thriftrw_gen-RoundTrip%2FPrimitiveOptionalStruct%2FStreaming_Decode
toolchain: Baseline
goos: linux
goarch: arm64
pkg: go.uber.org/thriftrw/gen
BenchmarkRoundTrip/PrimitiveOptionalStruct/Streaming_Decode-256         	 1293506	       928.6 ns/op
PASS

shortname: workiva_set-Clear
toolchain: Baseline
goos: linux
goarch: arm64
pkg: github.com/Workiva/go-datastructures/set
BenchmarkClear-256     	14450487	        84.25 ns/op
PASS

shortname: gproto_json-Int
toolchain: Baseline
goos: linux
goarch: arm64
pkg: google.golang.org/protobuf/internal/encoding/json
BenchmarkInt-256     	 5115300	       233.9 ns/op
PASS

shortname: dustin_humanize-Commaf
toolchain: Baseline
goos: linux
goarch: arm64
pkg: github.com/dustin/go-humanize
BenchmarkCommaf-256     	 4000030	       303.8 ns/op
PASS

shortname: uber_tally-ScopeTaggedCachedSubscopes
toolchain: Baseline
goos: linux
goarch: arm64
pkg: github.com/uber-go/tally/v4
BenchmarkScopeTaggedCachedSubscopes-256     	 1261855	       942.7 ns/op
PASS

shortname: minio-MarshalMsgBatchJobReplicateFlags
toolchain: Baseline
goos: linux
goarch: arm64
pkg: github.com/minio/minio/cmd
BenchmarkMarshalMsgBatchJobReplicateFlags-256     	10244818	       121.0 ns/op	     208 B/op	       1 allocs/op
PASS

shortname: minio-UnmarshalReplicationMRFStats
toolchain: Baseline
goos: linux
goarch: arm64
pkg: github.com/minio/minio/cmd
BenchmarkUnmarshalReplicationMRFStats-256     	46938678	        25.59 ns/op	2188.16 MB/s	       0 B/op	       0 allocs/op
PASS

shortname: minio-DecodeBatchJobKeyRotateV1
toolchain: Baseline
goos: linux
goarch: arm64
pkg: github.com/minio/minio/cmd
BenchmarkDecodeBatchJobKeyRotateV1-256     	 3062172	       392.4 ns/op	 586.13 MB/s	       0 B/op	       0 allocs/op
PASS

shortname: gonum_mat-AddScaledVec10Inc1
toolchain: Baseline
goos: linux
goarch: arm64
pkg: gonum.org/v1/gonum/mat
BenchmarkAddScaledVec10Inc1-256     	 4866204	       238.2 ns/op
PASS

shortname: gonum_mat-UnmarshalVecDense10
toolchain: Baseline
goos: linux
goarch: arm64
pkg: gonum.org/v1/gonum/mat
BenchmarkUnmarshalVecDense10-256     	 3229963	       372.9 ns/op
PASS

shortname: ethereum_whisper-DecryptionSymInvalid
toolchain: Baseline
goos: linux
goarch: arm64
pkg: github.com/ethereum/go-ethereum/whisper/whisperv6
BenchmarkDecryptionSymInvalid-256     	 6296725	       205.4 ns/op
PASS

shortname: workiva_rangetree-ImmutableInsertSecondDimension
toolchain: Baseline
goos: linux
goarch: arm64
pkg: github.com/Workiva/go-datastructures/rangetree
BenchmarkImmutableInsertSecondDimension-256     	      38	  30786406 ns/op
PASS

shortname: gonum_mat-MarshalToVecDense10
toolchain: Baseline
goos: linux
goarch: arm64
pkg: gonum.org/v1/gonum/mat
BenchmarkMarshalToVecDense10-256     	 2446155	       495.9 ns/op
PASS

shortname: minio-AppendMsgBatchJobExpire
toolchain: Baseline
goos: linux
goarch: arm64
pkg: github.com/minio/minio/cmd
BenchmarkAppendMsgBatchJobExpire-256     	29392888	        40.84 ns/op	2301.55 MB/s	       0 B/op	       0 allocs/op
PASS

shortname: ericlagergren_decimal-Pi%2Ffoo%3Dcockroachdb%2Fapd%2Fprec%3D100
toolchain: Baseline
goos: linux
goarch: arm64
pkg: github.com/ericlagergren/decimal_benchmarks
BenchmarkPi/foo=cockroachdb/apd/prec=100-256         	     237	   5056437 ns/op
PASS

shortname: capnproto2-Unmarshal_Reuse
toolchain: Baseline
goos: linux
goarch: arm64
pkg: zombiezen.com/go/capnproto2
BenchmarkUnmarshal_Reuse-256     	 2595723	       461.5 ns/op	       0 B/op	       0 allocs/op
PASS

shortname: minio-AppendMsgBucketStats
toolchain: Baseline
goos: linux
goarch: arm64
pkg: github.com/minio/minio/cmd
BenchmarkAppendMsgBucketStats-256     	 8685380	       138.5 ns/op	3284.57 MB/s	       0 B/op	       0 allocs/op
PASS

shortname: workiva_rangetree-Apply
toolchain: Baseline
goos: linux
goarch: arm64
pkg: github.com/Workiva/go-datastructures/rangetree
BenchmarkApply-256     	   86818	     14623 ns/op
PASS

shortname: kanzi-ANS0
toolchain: Baseline
goos: linux
goarch: arm64
pkg: github.com/flanglet/kanzi-go/v2/benchmark
BenchmarkANS0-256     	     710	   1685606 ns/op
PASS

shortname: workiva_btree_palm-BulkGet
toolchain: Baseline
goos: linux
goarch: arm64
pkg: github.com/Workiva/go-datastructures/btree/palm
BenchmarkBulkGet-256     	   10000	    723863 ns/op
PASS

shortname: gonum_community-NewUndirectedLayers%2FgraphSize%3D1000%2CnumGraphs%3D10
toolchain: Baseline
goos: linux
goarch: arm64
pkg: gonum.org/v1/gonum/graph/community
BenchmarkNewUndirectedLayers/graphSize=1000,numGraphs=10-256         	     943	   1278009 ns/op
PASS

shortname: workiva_triey-Iterator
toolchain: Baseline
goos: linux
goarch: arm64
pkg: github.com/Workiva/go-datastructures/trie/yfast
BenchmarkIterator-256     	  444268	      2703 ns/op
PASS

shortname: gproto_proto-EqualWithDeeplyNestedEqual
toolchain: Baseline
goos: linux
goarch: arm64
pkg: google.golang.org/protobuf/proto
BenchmarkEqualWithDeeplyNestedEqual-256     	   22650	     52908 ns/op	       0 B/op	       0 allocs/op
PASS

shortname: dustin_humanize-ParseBytes
toolchain: Baseline
goos: linux
goarch: arm64
pkg: github.com/dustin/go-humanize
BenchmarkParseBytes-256     	10752468	       111.6 ns/op
PASS

shortname: uuid-New
toolchain: Baseline
goos: linux
goarch: arm64
pkg: github.com/google/uuid
BenchmarkNew-256     	 3219630	       377.3 ns/op
PASS

shortname: gproto_micro-Extension%2FGet%2FSet
toolchain: Baseline
goos: linux
goarch: arm64
pkg: google.golang.org/protobuf/internal/benchmarks/micro
BenchmarkExtension/Get/Set-256         	 7241542	       165.6 ns/op
PASS

shortname: gonum_mat-Pool100by100Uncleared
toolchain: Baseline
goos: linux
goarch: arm64
pkg: gonum.org/v1/gonum/mat
BenchmarkPool100by100Uncleared-256     	63588387	        18.80 ns/op
PASS

shortname: minio-DecodeBucketStats
toolchain: Baseline
goos: linux
goarch: arm64
pkg: github.com/minio/minio/cmd
BenchmarkDecodeBucketStats-256     	 1617966	       740.3 ns/op	 614.65 MB/s	       0 B/op	       0 allocs/op
PASS

shortname: gproto_proto-Decode%2Fbasic_scalar_types_%28%2Atest.TestAllTypes%29
toolchain: Baseline
goos: linux
goarch: arm64
pkg: google.golang.org/protobuf/proto
BenchmarkDecode/basic_scalar_types_(*test.TestAllTypes)-256         	 1000000	      2250 ns/op
PASS

shortname: bloom_bits-BitSetExtractDeposit%2Fsize%3D64%2Ffn%3DDepositTo
toolchain: Baseline
goos: linux
goarch: arm64
pkg: github.com/bits-and-blooms/bitset
BenchmarkBitSetExtractDeposit/size=64/fn=DepositTo-256         	69408253	        17.04 ns/op	       0 B/op	       0 allocs/op
PASS

shortname: uuid-UUID_UnmarshalJSON
toolchain: Baseline
goos: linux
goarch: arm64
pkg: github.com/google/uuid
BenchmarkUUID_UnmarshalJSON-256     	 3139914	       380.1 ns/op
PASS

shortname: ethereum_ethash-DifficultyCalculator%2Fu256-homestead
toolchain: Baseline
goos: linux
goarch: arm64
pkg: github.com/ethereum/go-ethereum/consensus/ethash
BenchmarkDifficultyCalculator/u256-homestead-256         	14617659	        85.98 ns/op	      64 B/op	       2 allocs/op
PASS

shortname: gproto_proto-Decode%2Fjust_at_recursion_limit_%28%2Atest3.TestAllTypes%29
toolchain: Baseline
goos: linux
goarch: arm64
pkg: google.golang.org/protobuf/proto
BenchmarkDecode/just_at_recursion_limit_(*test3.TestAllTypes)-256         	  950720	      2908 ns/op
PASS

shortname: gonum_mat-TriMulDiag%2FBenchmarkTriMulDiag100
toolchain: Baseline
goos: linux
goarch: arm64
pkg: gonum.org/v1/gonum/mat
BenchmarkTriMulDiag/BenchmarkTriMulDiag100-256         	   29875	     40081 ns/op
PASS

shortname: semver-CheckVersionRange
toolchain: Baseline
goos: linux
goarch: arm64
pkg: github.com/Masterminds/semver/v3
BenchmarkCheckVersionRange-256     	31048354	        39.38 ns/op	       0 B/op	       0 allocs/op
PASS

shortname: benhoyt_goawk-RepeatNew
toolchain: Baseline
goos: linux
goarch: arm64
pkg: github.com/benhoyt/goawk/interp
BenchmarkRepeatNew-256     	11862236	        99.55 ns/op
PASS

shortname: ethereum_whisper-DecryptionAsymInvalid
toolchain: Baseline
goos: linux
goarch: arm64
pkg: github.com/ethereum/go-ethereum/whisper/whisperv6
BenchmarkDecryptionAsymInvalid-256     	   11047	    108527 ns/op
PASS

shortname: kanzi-CM
toolchain: Baseline
goos: linux
goarch: arm64
pkg: github.com/flanglet/kanzi-go/v2/benchmark
BenchmarkCM-256     	      24	  50014831 ns/op
PASS

shortname: gonum_traverse-WalkAllDepthFirstGnp_100_half
toolchain: Baseline
goos: linux
goarch: arm64
pkg: gonum.org/v1/gonum/graph/traverse
BenchmarkWalkAllDepthFirstGnp_100_half-256     	    2979	    399898 ns/op
PASS

shortname: ethereum_trie-DecodeShortNodeUnsafe
toolchain: Baseline
Seed: a5f33ae0c499a47d
goos: linux
goarch: arm64
pkg: github.com/ethereum/go-ethereum/trie
BenchmarkDecodeShortNodeUnsafe-256     	 7445246	       171.5 ns/op	     109 B/op	       3 allocs/op
PASS

shortname: dustin_broadcast-DirectSend
toolchain: Baseline
goos: linux
goarch: arm64
pkg: github.com/dustin/go-broadcast
BenchmarkDirectSend-256     	 2780893	       427.3 ns/op
PASS

shortname: hugo_helpers-RelURL
toolchain: Baseline
goos: linux
goarch: arm64
pkg: github.com/gohugoio/hugo/helpers
BenchmarkRelURL-256     	 3350590	       360.7 ns/op
PASS

shortname: workiva_queue-PriorityQueue
toolchain: Baseline
goos: linux
goarch: arm64
pkg: github.com/Workiva/go-datastructures/queue
BenchmarkPriorityQueue-256     	 1609762	       638.8 ns/op
PASS

shortname: ericlagergren_decimal-Mandelbrot_decimal_GDA_9
toolchain: Baseline
goos: linux
goarch: arm64
pkg: github.com/ericlagergren/decimal_benchmarks
BenchmarkMandelbrot_decimal_GDA_9-256     	       1	1887237720 ns/op
PASS

shortname: workiva_bitarray-CompressedIntersects
toolchain: Baseline
goos: linux
goarch: arm64
pkg: github.com/Workiva/go-datastructures/bitarray
BenchmarkCompressedIntersects-256     	20875602	        56.84 ns/op
PASS

shortname: workiva_rangetree_skiplist-MultiDimensionInsertAtZeroDimension
toolchain: Baseline
goos: linux
goarch: arm64
pkg: github.com/Workiva/go-datastructures/rangetree/skiplist
BenchmarkMultiDimensionInsertAtZeroDimension-256     	   10000	   2666983 ns/op
PASS

shortname: ericlagergren_decimal-Pi%2Ffoo%3Dgo-inf%2Fprec%3D100
toolchain: Baseline
goos: linux
goarch: arm64
pkg: github.com/ericlagergren/decimal_benchmarks
BenchmarkPi/foo=go-inf/prec=100-256         	   10000	    110866 ns/op
PASS

shortname: k8s_workqueue-DelayingQueue_AddAfter
toolchain: Baseline
goos: linux
goarch: arm64
pkg: k8s.io/client-go/util/workqueue
BenchmarkDelayingQueue_AddAfter-256     	  513553	      3233 ns/op
PASS

shortname: k8s_cache-EachListItemWithAlloc%2FPodList
toolchain: Baseline
goos: linux
goarch: arm64
pkg: k8s.io/client-go/tools/cache
BenchmarkEachListItemWithAlloc/PodList-256         	   17972	     68381 ns/op
PASS

shortname: rcrowley_metrics-Histogram
toolchain: Baseline
goos: linux
goarch: arm64
pkg: github.com/rcrowley/go-metrics
BenchmarkHistogram-256     	29490108	        39.36 ns/op
PASS

shortname: ericlagergren_decimal-Pi%2Ffoo%3Dapmckinlay%2Fprec%3D19
toolchain: Baseline
goos: linux
goarch: arm64
pkg: github.com/ericlagergren/decimal_benchmarks
BenchmarkPi/foo=apmckinlay/prec=19-256 	  478225	      2488 ns/op
PASS

shortname: gproto_proto-Decode%2Frequired_field_in_oneof_message_set_%28%2Atest.TestRequiredForeign%29
toolchain: Baseline
goos: linux
goarch: arm64
pkg: google.golang.org/protobuf/proto
BenchmarkDecode/required_field_in_oneof_message_set_(*test.TestRequiredForeign)-256         	 3890530	       461.3 ns/op
PASS

shortname: benhoyt_goawk-RecursiveFunc
toolchain: Baseline
goos: linux
goarch: arm64
pkg: github.com/benhoyt/goawk/interp
BenchmarkRecursiveFunc-256     	  114080	     10717 ns/op
PASS

shortname: benhoyt_goawk-BuiltinGsubAmpersand
toolchain: Baseline
goos: linux
goarch: arm64
pkg: github.com/benhoyt/goawk/interp
BenchmarkBuiltinGsubAmpersand-256     	   69217	     17343 ns/op
PASS

shortname: uuid-UUID_MarshalJSON
toolchain: Baseline
goos: linux
goarch: arm64
pkg: github.com/google/uuid
BenchmarkUUID_MarshalJSON-256     	 3479378	       350.2 ns/op
PASS

shortname: workiva_set-Exists
toolchain: Baseline
goos: linux
goarch: arm64
pkg: github.com/Workiva/go-datastructures/set
BenchmarkExists-256     	30680194	        39.66 ns/op
PASS

shortname: dustin_humanize-BigCommas
toolchain: Baseline
goos: linux
goarch: arm64
pkg: github.com/dustin/go-humanize
BenchmarkBigCommas-256     	 2365381	       507.6 ns/op
PASS

shortname: workiva_augmentedtree-AddItems
toolchain: Baseline
goos: linux
goarch: arm64
pkg: github.com/Workiva/go-datastructures/augmentedtree
BenchmarkAddItems-256     	    6500	    200615 ns/op
PASS

shortname: benhoyt_goawk-SimpleBuiltins
toolchain: Baseline
goos: linux
goarch: arm64
pkg: github.com/benhoyt/goawk/interp
BenchmarkSimpleBuiltins-256     	 2216088	       523.5 ns/op
PASS

shortname: gproto_micro-EmptyMessage%2FWire%2FMarshal
toolchain: Baseline
goos: linux
goarch: arm64
pkg: google.golang.org/protobuf/internal/benchmarks/micro
BenchmarkEmptyMessage/Wire/Marshal-256         	1000000000	         0.3971 ns/op
PASS

shortname: wazero-Compilation%2Fwithout_extern_cache
toolchain: Baseline
goos: linux
goarch: arm64
pkg: github.com/tetratelabs/wazero/internal/integration_test/bench
BenchmarkCompilation/without_extern_cache-256         	      97	  12652797 ns/op
PASS

shortname: workiva_avl-ImmutableInsert
toolchain: Baseline
goos: linux
goarch: arm64
pkg: github.com/Workiva/go-datastructures/tree/avl
BenchmarkImmutableInsert-256     	 1227360	      1133 ns/op
PASS

shortname: rcrowley_metrics-Timer
toolchain: Baseline
goos: linux
goarch: arm64
pkg: github.com/rcrowley/go-metrics
BenchmarkTimer-256     	 4024485	       299.4 ns/op
PASS

shortname: dustin_broadcast-ParallelBrodcast
toolchain: Baseline
goos: linux
goarch: arm64
pkg: github.com/dustin/go-broadcast
BenchmarkParallelBrodcast-256     	 1808227	       669.6 ns/op
PASS

shortname: minio-UnmarshalBucketStats
toolchain: Baseline
goos: linux
goarch: arm64
pkg: github.com/minio/minio/cmd
BenchmarkUnmarshalBucketStats-256     	 3161848	       377.5 ns/op	1205.31 MB/s	       0 B/op	       0 allocs/op
PASS

shortname: commonmark_markdown-RenderSpecNoHTML
toolchain: Baseline
goos: linux
goarch: arm64
pkg: gitlab.com/golang-commonmark/markdown
BenchmarkRenderSpecNoHTML-256     	     244	   4880626 ns/op
PASS

shortname: capnproto2-Growth_MultiSegment
toolchain: Baseline
goos: linux
goarch: arm64
pkg: zombiezen.com/go/capnproto2
BenchmarkGrowth_MultiSegment-256     	      86	  14097744 ns/op	  74.38 MB/s	 1648761 B/op	      21 allocs/op
PASS

shortname: minio-EncodedataUsageCacheInfo
toolchain: Baseline
goos: linux
goarch: arm64
pkg: github.com/minio/minio/cmd
BenchmarkEncodedataUsageCacheInfo-256     	21405063	        56.55 ns/op	1007.93 MB/s	       0 B/op	       0 allocs/op
PASS

shortname: gonum_topo-SortStabilizedPath_100000
toolchain: Baseline
goos: linux
goarch: arm64
pkg: gonum.org/v1/gonum/graph/topo
BenchmarkSortStabilizedPath_100000-256     	      10	 117561832 ns/op
PASS

shortname: semver-ValidateVersionRangeFail
toolchain: Baseline
goos: linux
goarch: arm64
pkg: github.com/Masterminds/semver/v3
BenchmarkValidateVersionRangeFail-256     	 1911625	       625.8 ns/op	     190 B/op	       7 allocs/op
PASS

shortname: kanzi-Huffman
toolchain: Baseline
goos: linux
goarch: arm64
pkg: github.com/flanglet/kanzi-go/v2/benchmark
BenchmarkHuffman-256     	     643	   1871603 ns/op
PASS

shortname: dustin_humanize-ParseSI
toolchain: Baseline
goos: linux
goarch: arm64
pkg: github.com/dustin/go-humanize
BenchmarkParseSI-256     	 2750997	       438.8 ns/op
PASS

shortname: cespare_xxhash-DigestBytes%2F100B
toolchain: Baseline
goos: linux
goarch: arm64
pkg: github.com/cespare/xxhash/v2
BenchmarkDigestBytes/100B-256         	47240355	        25.39 ns/op	3938.58 MB/s
PASS

shortname: gonum_lapack_native-Dgeev%2FCirculant5
toolchain: Baseline
goos: linux
goarch: arm64
pkg: gonum.org/v1/gonum/lapack/gonum
BenchmarkDgeev/Circulant5-256         	  126170	      9171 ns/op
PASS

shortname: shopify_sarama-ZstdMemoryConsumption%2Fno_drain
toolchain: Baseline
goos: linux
goarch: arm64
pkg: github.com/IBM/sarama
BenchmarkZstdMemoryConsumption/no_drain-256         	    2464	    463198 ns/op	   11779 B/op	       4 allocs/op
PASS

shortname: semver-CoerceNewVersionSimple
toolchain: Baseline
goos: linux
goarch: arm64
pkg: github.com/Masterminds/semver/v3
BenchmarkCoerceNewVersionSimple-256     	 6109136	       199.5 ns/op	     128 B/op	       2 allocs/op
PASS

shortname: gonum_community-NewDirectedLayers%2FgraphSize%3D10%2CnumGraphs%3D1
toolchain: Baseline
goos: linux
goarch: arm64
pkg: gonum.org/v1/gonum/graph/community
BenchmarkNewDirectedLayers/graphSize=10,numGraphs=1-256         	 1000000	      1204 ns/op
PASS

shortname: shopify_sarama-_getMetricNameForTopic
toolchain: Baseline
goos: linux
goarch: arm64
pkg: github.com/IBM/sarama
Benchmark_getMetricNameForTopic-256     	13173848	        91.55 ns/op	      16 B/op	       1 allocs/op
PASS

shortname: ethereum_ecies-GenSharedKeyP256
toolchain: Baseline
goos: linux
goarch: arm64
pkg: github.com/ethereum/go-ethereum/crypto/ecies
BenchmarkGenSharedKeyP256-256     	   20504	     58631 ns/op
PASS

shortname: uber_tally-TimerReport
toolchain: Baseline
goos: linux
goarch: arm64
pkg: github.com/uber-go/tally/v4
BenchmarkTimerReport-256     	18805116	        63.88 ns/op
PASS

shortname: uber_zap-JSONLogMarshalerFunc
toolchain: Baseline
goos: linux
goarch: arm64
pkg: go.uber.org/zap/zapcore
BenchmarkJSONLogMarshalerFunc-256     	  827775	      1589 ns/op
PASS

shortname: kanzi-BWTSmallBlock
toolchain: Baseline
goos: linux
goarch: arm64
pkg: github.com/flanglet/kanzi-go/v2/benchmark
BenchmarkBWTSmallBlock-256     	      27	  41845050 ns/op
PASS

shortname: hugo_hugolib-CreateShortcodePlaceholders
toolchain: Baseline
goos: linux
goarch: arm64
pkg: github.com/gohugoio/hugo/hugolib
BenchmarkCreateShortcodePlaceholders-256     	22821158	        52.84 ns/op
PASS

shortname: gproto_encoding-TextDecode
toolchain: Baseline
goos: linux
goarch: arm64
pkg: google.golang.org/protobuf/encoding
BenchmarkTextDecode-256     	      32	  36025645 ns/op
PASS

shortname: gonum_mat-CholeskyInverseTo%2Fn%3D100
toolchain: Baseline
goos: linux
goarch: arm64
pkg: gonum.org/v1/gonum/mat
BenchmarkCholeskyInverseTo/n=100-256         	    5468	    218579 ns/op
PASS

shortname: gproto_json-Bool
toolchain: Baseline
goos: linux
goarch: arm64
pkg: google.golang.org/protobuf/internal/encoding/json
BenchmarkBool-256     	29616963	        40.48 ns/op
PASS

shortname: gonum_community-NewDirectedLayers%2FgraphSize%3D1000%2CnumGraphs%3D1
toolchain: Baseline
goos: linux
goarch: arm64
pkg: gonum.org/v1/gonum/graph/community
BenchmarkNewDirectedLayers/graphSize=1000,numGraphs=1-256         	   10000	    106581 ns/op
PASS

shortname: gproto_proto-Decode%2Frequired_group_set_%28%2Arequired_opaque.Group%29
toolchain: Baseline
goos: linux
goarch: arm64
pkg: google.golang.org/protobuf/proto
BenchmarkDecode/required_group_set_(*required_opaque.Group)-256         	13208130	       106.2 ns/op
PASS

shortname: gproto_proto-Decode%2Ffield_type_mismatch_%28%2Atest3.TestAllTypes%29
toolchain: Baseline
goos: linux
goarch: arm64
pkg: google.golang.org/protobuf/proto
BenchmarkDecode/field_type_mismatch_(*test3.TestAllTypes)-256         	 1000000	      1193 ns/op
PASS

shortname: gproto_proto-EqualWithDeeplyNestedIdenticalPtr
toolchain: Baseline
goos: linux
goarch: arm64
pkg: google.golang.org/protobuf/proto
BenchmarkEqualWithDeeplyNestedIdenticalPtr-256     	257342302	         4.669 ns/op	       0 B/op	       0 allocs/op
PASS

shortname: hugo_helpers-AbsURL%2Fabsurl
toolchain: Baseline
goos: linux
goarch: arm64
pkg: github.com/gohugoio/hugo/helpers
BenchmarkAbsURL/absurl-256         	267366978	         4.491 ns/op
PASS

shortname: gonum_mat-CholeskyFactorize%2Fn%3D10
toolchain: Baseline
goos: linux
goarch: arm64
pkg: gonum.org/v1/gonum/mat
BenchmarkCholeskyFactorize/n=10-256         	  434347	      2749 ns/op
PASS

shortname: minio-UnmarshalBatchJobKeyRotateV1
toolchain: Baseline
goos: linux
goarch: arm64
pkg: github.com/minio/minio/cmd
BenchmarkUnmarshalBatchJobKeyRotateV1-256     	 5343158	       223.8 ns/op	1027.70 MB/s	       0 B/op	       0 allocs/op
PASS

shortname: thriftrw_gen-RoundTrip%2FContainersOfContainers%2FEncode
toolchain: Baseline
goos: linux
goarch: arm64
pkg: go.uber.org/thriftrw/gen
BenchmarkRoundTrip/ContainersOfContainers/Encode-256  	   61246	     19233 ns/op
PASS

shortname: workiva_hilbert-BulkUpdatePoints
toolchain: Baseline
goos: linux
goarch: arm64
pkg: github.com/Workiva/go-datastructures/rtree/hilbert
BenchmarkBulkUpdatePoints-256     	    2733	    436045 ns/op
PASS

shortname: gproto_proto-Decode%2Fjust_at_recursion_limit_%28%2Atest3.TestAllTypes%29
toolchain: Baseline
goos: linux
goarch: arm64
pkg: google.golang.org/protobuf/proto
BenchmarkDecode/just_at_recursion_limit_(*test3.TestAllTypes)-256         	 1000000	      2739 ns/op
PASS

shortname: benhoyt_goawk-SimpleBuiltins
toolchain: Baseline
goos: linux
goarch: arm64
pkg: github.com/benhoyt/goawk/interp
BenchmarkSimpleBuiltins-256     	 2333058	       535.8 ns/op
PASS

shortname: workiva_queue-PriorityQueue
toolchain: Baseline
goos: linux
goarch: arm64
pkg: github.com/Workiva/go-datastructures/queue
BenchmarkPriorityQueue-256     	 1878604	       642.3 ns/op
PASS

shortname: shopify_sarama-ZstdMemoryConsumption%2Fno_drain
toolchain: Baseline
goos: linux
goarch: arm64
pkg: github.com/IBM/sarama
BenchmarkZstdMemoryConsumption/no_drain-256         	    2660	    434115 ns/op	   11139 B/op	       4 allocs/op
PASS

shortname: workiva_augmentedtree-AddItems
toolchain: Baseline
goos: linux
goarch: arm64
pkg: github.com/Workiva/go-datastructures/augmentedtree
BenchmarkAddItems-256     	    6637	    201083 ns/op
PASS

shortname: uber_tally-ScopeTaggedCachedSubscopes
toolchain: Baseline
goos: linux
goarch: arm64
pkg: github.com/uber-go/tally/v4
BenchmarkScopeTaggedCachedSubscopes-256     	 1280527	       940.5 ns/op
PASS

shortname: thriftrw_gen-RoundTrip%2FPrimitiveOptionalStruct%2FStreaming_Decode
toolchain: Baseline
goos: linux
goarch: arm64
pkg: go.uber.org/thriftrw/gen
BenchmarkRoundTrip/PrimitiveOptionalStruct/Streaming_Decode-256         	 1281344	       929.9 ns/op
PASS

shortname: benhoyt_goawk-BuiltinGsubAmpersand
toolchain: Baseline
goos: linux
goarch: arm64
pkg: github.com/benhoyt/goawk/interp
BenchmarkBuiltinGsubAmpersand-256     	   69804	     17360 ns/op
PASS

shortname: workiva_set-Exists
toolchain: Baseline
goos: linux
goarch: arm64
pkg: github.com/Workiva/go-datastructures/set
BenchmarkExists-256     	30703540	        39.70 ns/op
PASS

shortname: dustin_humanize-BigCommas
toolchain: Baseline
goos: linux
goarch: arm64
pkg: github.com/dustin/go-humanize
BenchmarkBigCommas-256     	 2353868	       511.8 ns/op
PASS

shortname: ethereum_whisper-DecryptionSymInvalid
toolchain: Baseline
goos: linux
goarch: arm64
pkg: github.com/ethereum/go-ethereum/whisper/whisperv6
BenchmarkDecryptionSymInvalid-256     	 5781840	       198.4 ns/op
PASS

shortname: ericlagergren_decimal-Pi%2Ffoo%3Dgo-inf%2Fprec%3D100
toolchain: Baseline
goos: linux
goarch: arm64
pkg: github.com/ericlagergren/decimal_benchmarks
BenchmarkPi/foo=go-inf/prec=100-256         	   10000	    112352 ns/op
PASS

shortname: workiva_rangetree_skiplist-MultiDimensionInsertAtZeroDimension
toolchain: Baseline
goos: linux
goarch: arm64
pkg: github.com/Workiva/go-datastructures/rangetree/skiplist
BenchmarkMultiDimensionInsertAtZeroDimension-256     	   10000	   2566045 ns/op
PASS

shortname: gonum_mat-AddScaledVec10Inc1
toolchain: Baseline
goos: linux
goarch: arm64
pkg: gonum.org/v1/gonum/mat
BenchmarkAddScaledVec10Inc1-256     	 5221240	       235.6 ns/op
PASS

shortname: dustin_broadcast-ParallelBrodcast
toolchain: Baseline
goos: linux
goarch: arm64
pkg: github.com/dustin/go-broadcast
BenchmarkParallelBrodcast-256     	 1663305	       680.6 ns/op
PASS

shortname: workiva_rangetree-ImmutableInsertSecondDimension
toolchain: Baseline
goos: linux
goarch: arm64
pkg: github.com/Workiva/go-datastructures/rangetree
BenchmarkImmutableInsertSecondDimension-256     	      36	  34638561 ns/op
PASS

shortname: minio-UnmarshalReplicationMRFStats
toolchain: Baseline
goos: linux
goarch: arm64
pkg: github.com/minio/minio/cmd
BenchmarkUnmarshalReplicationMRFStats-256     	46931188	        25.58 ns/op	2189.50 MB/s	       0 B/op	       0 allocs/op
PASS

shortname: wazero-Compilation%2Fwithout_extern_cache
toolchain: Baseline
goos: linux
goarch: arm64
pkg: github.com/tetratelabs/wazero/internal/integration_test/bench
BenchmarkCompilation/without_extern_cache-256         	      94	  12745252 ns/op
PASS

shortname: gonum_community-NewDirectedLayers%2FgraphSize%3D10%2CnumGraphs%3D1
toolchain: Baseline
goos: linux
goarch: arm64
pkg: gonum.org/v1/gonum/graph/community
BenchmarkNewDirectedLayers/graphSize=10,numGraphs=1-256         	 1000000	      1208 ns/op
PASS

shortname: ethereum_ethash-DifficultyCalculator%2Fu256-homestead
toolchain: Baseline
goos: linux
goarch: arm64
pkg: github.com/ethereum/go-ethereum/consensus/ethash
BenchmarkDifficultyCalculator/u256-homestead-256         	14053911	        88.71 ns/op	      64 B/op	       2 allocs/op
PASS

shortname: gonum_lapack_native-Dgeev%2FCirculant5
toolchain: Baseline
goos: linux
goarch: arm64
pkg: gonum.org/v1/gonum/lapack/gonum
BenchmarkDgeev/Circulant5-256         	  130773	      8895 ns/op
PASS

shortname: ericlagergren_decimal-Pi%2Ffoo%3Dcockroachdb%2Fapd%2Fprec%3D100
toolchain: Baseline
goos: linux
goarch: arm64
pkg: github.com/ericlagergren/decimal_benchmarks
BenchmarkPi/foo=cockroachdb/apd/prec=100-256         	     236	   5063934 ns/op
PASS

shortname: gonum_mat-TriMulDiag%2FBenchmarkTriMulDiag100
toolchain: Baseline
goos: linux
goarch: arm64
pkg: gonum.org/v1/gonum/mat
BenchmarkTriMulDiag/BenchmarkTriMulDiag100-256         	   29341	     40790 ns/op
PASS

shortname: gproto_proto-EqualWithDeeplyNestedIdenticalPtr
toolchain: Baseline
goos: linux
goarch: arm64
pkg: google.golang.org/protobuf/proto
BenchmarkEqualWithDeeplyNestedIdenticalPtr-256     	257381376	         4.666 ns/op	       0 B/op	       0 allocs/op
PASS

shortname: kanzi-CM
toolchain: Baseline
goos: linux
goarch: arm64
pkg: github.com/flanglet/kanzi-go/v2/benchmark
BenchmarkCM-256     	      24	  49834868 ns/op
PASS

shortname: benhoyt_goawk-NativeFunc
toolchain: Baseline
goos: linux
goarch: arm64
pkg: github.com/benhoyt/goawk/interp
BenchmarkNativeFunc-256     	  162378	      7410 ns/op
PASS

shortname: workiva_set-Clear
toolchain: Baseline
goos: linux
goarch: arm64
pkg: github.com/Workiva/go-datastructures/set
BenchmarkClear-256     	14042872	        85.56 ns/op
PASS

shortname: dustin_humanize-Commaf
toolchain: Baseline
goos: linux
goarch: arm64
pkg: github.com/dustin/go-humanize
BenchmarkCommaf-256     	 4079287	       297.1 ns/op
PASS

shortname: nelsam_gxui_interval-General
toolchain: Baseline
goos: linux
goarch: arm64
pkg: git.sr.ht/~nelsam/gxui/interval
BenchmarkGeneral-256     	 4581922	       294.1 ns/op
PASS

shortname: gonum_community-NewUndirectedLayers%2FgraphSize%3D1000%2CnumGraphs%3D10
toolchain: Baseline
goos: linux
goarch: arm64
pkg: gonum.org/v1/gonum/graph/community
BenchmarkNewUndirectedLayers/graphSize=1000,numGraphs=10-256         	     937	   1285782 ns/op
PASS

shortname: uber_zap-JSONLogMarshalerFunc
toolchain: Baseline
goos: linux
goarch: arm64
pkg: go.uber.org/zap/zapcore
BenchmarkJSONLogMarshalerFunc-256     	  867086	      1586 ns/op
PASS

shortname: gonum_lapack_native-Dlantb%2FFrobeniusLowerNonUnitN%3D10000K%3D2
toolchain: Baseline
goos: linux
goarch: arm64
pkg: gonum.org/v1/gonum/lapack/gonum
BenchmarkDlantb/FrobeniusLowerNonUnitN=10000K=2-256         	   10000	    107013 ns/op
PASS

shortname: uuid-New
toolchain: Baseline
goos: linux
goarch: arm64
pkg: github.com/google/uuid
BenchmarkNew-256     	 3244051	       372.1 ns/op
PASS

shortname: ethereum_whisper-DecryptionAsymInvalid
toolchain: Baseline
goos: linux
goarch: arm64
pkg: github.com/ethereum/go-ethereum/whisper/whisperv6
BenchmarkDecryptionAsymInvalid-256     	   11235	    107295 ns/op
PASS

shortname: thriftrw_gen-RoundTrip%2FContainersOfContainers%2FEncode
toolchain: Baseline
goos: linux
goarch: arm64
pkg: go.uber.org/thriftrw/gen
BenchmarkRoundTrip/ContainersOfContainers/Encode-256  	   61785	     19178 ns/op
PASS

shortname: kanzi-ANS0
toolchain: Baseline
goos: linux
goarch: arm64
pkg: github.com/flanglet/kanzi-go/v2/benchmark
BenchmarkANS0-256     	     704	   1688396 ns/op
PASS

shortname: workiva_hilbert-BulkUpdatePoints
toolchain: Baseline
goos: linux
goarch: arm64
pkg: github.com/Workiva/go-datastructures/rtree/hilbert
BenchmarkBulkUpdatePoints-256     	    2762	    442093 ns/op
PASS

shortname: minio-UnmarshalBatchJobKeyRotateV1
toolchain: Baseline
goos: linux
goarch: arm64
pkg: github.com/minio/minio/cmd
BenchmarkUnmarshalBatchJobKeyRotateV1-256     	 5344929	       223.0 ns/op	1031.20 MB/s	       0 B/op	       0 allocs/op
PASS

shortname: gproto_reflect-Value%2FInterface
toolchain: Baseline
goos: linux
goarch: arm64
pkg: google.golang.org/protobuf/reflect/protoreflect
BenchmarkValue/Interface-256         	60046506	        21.31 ns/op	      16 B/op	       1 allocs/op
PASS

shortname: gproto_proto-EqualWithDeeplyNestedEqual
toolchain: Baseline
goos: linux
goarch: arm64
pkg: google.golang.org/protobuf/proto
BenchmarkEqualWithDeeplyNestedEqual-256     	   22818	     52571 ns/op	       0 B/op	       0 allocs/op
PASS

shortname: benhoyt_goawk-RepeatNew
toolchain: Baseline
goos: linux
goarch: arm64
pkg: github.com/benhoyt/goawk/interp
BenchmarkRepeatNew-256     	11959048	        99.97 ns/op
PASS

shortname: k8s_cache-EachListItemWithAlloc%2FPodList
toolchain: Baseline
goos: linux
goarch: arm64
pkg: k8s.io/client-go/tools/cache
BenchmarkEachListItemWithAlloc/PodList-256         	   18260	     66858 ns/op
PASS

shortname: rcrowley_metrics-Timer
toolchain: Baseline
goos: linux
goarch: arm64
pkg: github.com/rcrowley/go-metrics
BenchmarkTimer-256     	 4035228	       301.1 ns/op
PASS

shortname: bloom_bits-BitSetExtractDeposit%2Fsize%3D64%2Ffn%3DDepositTo
toolchain: Baseline
goos: linux
goarch: arm64
pkg: github.com/bits-and-blooms/bitset
BenchmarkBitSetExtractDeposit/size=64/fn=DepositTo-256         	69666950	        17.02 ns/op	       0 B/op	       0 allocs/op
PASS

shortname: gproto_encoding-TextDecode
toolchain: Baseline
goos: linux
goarch: arm64
pkg: google.golang.org/protobuf/encoding
BenchmarkTextDecode-256     	      31	  37233678 ns/op
PASS

shortname: benhoyt_goawk-RecursiveFunc
toolchain: Baseline
goos: linux
goarch: arm64
pkg: github.com/benhoyt/goawk/interp
BenchmarkRecursiveFunc-256     	  112227	     10789 ns/op
PASS

shortname: uber_tally-TimerReport
toolchain: Baseline
goos: linux
goarch: arm64
pkg: github.com/uber-go/tally/v4
BenchmarkTimerReport-256     	18784330	        64.00 ns/op
PASS

shortname: gproto_proto-Decode%2Ffield_type_mismatch_%28%2Atest3.TestAllTypes%29
toolchain: Baseline
goos: linux
goarch: arm64
pkg: google.golang.org/protobuf/proto
BenchmarkDecode/field_type_mismatch_(*test3.TestAllTypes)-256         	 1000000	      1032 ns/op
PASS

shortname: hugo_helpers-RelURL
toolchain: Baseline
goos: linux
goarch: arm64
pkg: github.com/gohugoio/hugo/helpers
BenchmarkRelURL-256     	 3300867	       362.1 ns/op
PASS

shortname: minio-DecodeBatchJobKeyRotateV1
toolchain: Baseline
goos: linux
goarch: arm64
pkg: github.com/minio/minio/cmd
BenchmarkDecodeBatchJobKeyRotateV1-256     	 3057367	       404.8 ns/op	 568.23 MB/s	       0 B/op	       0 allocs/op
PASS

shortname: workiva_avl-ImmutableInsert
toolchain: Baseline
goos: linux
goarch: arm64
pkg: github.com/Workiva/go-datastructures/tree/avl
BenchmarkImmutableInsert-256     	 1225675	      1083 ns/op
PASS

shortname: gproto_micro-Extension%2FGet%2FSet
toolchain: Baseline
goos: linux
goarch: arm64
pkg: google.golang.org/protobuf/internal/benchmarks/micro
BenchmarkExtension/Get/Set-256         	 7338602	       163.6 ns/op
PASS

shortname: gonum_mat-MarshalToVecDense10
toolchain: Baseline
goos: linux
goarch: arm64
pkg: gonum.org/v1/gonum/mat
BenchmarkMarshalToVecDense10-256     	 2443020	       496.3 ns/op
PASS

shortname: gproto_json-Int
toolchain: Baseline
goos: linux
goarch: arm64
pkg: google.golang.org/protobuf/internal/encoding/json
BenchmarkInt-256     	 5203309	       232.1 ns/op
PASS

shortname: workiva_rangetree-Apply
toolchain: Baseline
goos: linux
goarch: arm64
pkg: github.com/Workiva/go-datastructures/rangetree
BenchmarkApply-256     	   83005	     14761 ns/op
PASS

shortname: gonum_mat-Pool100by100Uncleared
toolchain: Baseline
goos: linux
goarch: arm64
pkg: gonum.org/v1/gonum/mat
BenchmarkPool100by100Uncleared-256     	63609589	        18.76 ns/op
PASS

shortname: gproto_micro-EmptyMessage%2FWire%2FMarshal
toolchain: Baseline
goos: linux
goarch: arm64
pkg: google.golang.org/protobuf/internal/benchmarks/micro
BenchmarkEmptyMessage/Wire/Marshal-256         	1000000000	         0.3968 ns/op
PASS

shortname: minio-EncodedataUsageCacheInfo
toolchain: Baseline
goos: linux
goarch: arm64
pkg: github.com/minio/minio/cmd
BenchmarkEncodedataUsageCacheInfo-256     	21386264	        56.13 ns/op	1015.59 MB/s	       0 B/op	       0 allocs/op
PASS

shortname: gonum_mat-UnmarshalVecDense10
toolchain: Baseline
goos: linux
goarch: arm64
pkg: gonum.org/v1/gonum/mat
BenchmarkUnmarshalVecDense10-256     	 3261669	       364.5 ns/op
PASS

shortname: hugo_helpers-AbsURL%2Fabsurl
toolchain: Baseline
goos: linux
goarch: arm64
pkg: github.com/gohugoio/hugo/helpers
BenchmarkAbsURL/absurl-256         	267310326	         4.491 ns/op
PASS

shortname: shopify_sarama-_getMetricNameForTopic
toolchain: Baseline
goos: linux
goarch: arm64
pkg: github.com/IBM/sarama
Benchmark_getMetricNameForTopic-256     	13071284	        91.06 ns/op	      16 B/op	       1 allocs/op
PASS

shortname: kanzi-BWTSmallBlock
toolchain: Baseline
goos: linux
goarch: arm64
pkg: github.com/flanglet/kanzi-go/v2/benchmark
BenchmarkBWTSmallBlock-256     	      28	  40638840 ns/op
PASS

shortname: gonum_mat-CholeskyInverseTo%2Fn%3D100
toolchain: Baseline
goos: linux
goarch: arm64
pkg: gonum.org/v1/gonum/mat
BenchmarkCholeskyInverseTo/n=100-256         	    5475	    218591 ns/op
PASS

shortname: gonum_mat-CholeskyFactorize%2Fn%3D10
toolchain: Baseline
goos: linux
goarch: arm64
pkg: gonum.org/v1/gonum/mat
BenchmarkCholeskyFactorize/n=10-256         	  438052	      2753 ns/op
PASS

shortname: uuid-UUID_MarshalJSON
toolchain: Baseline
goos: linux
goarch: arm64
pkg: github.com/google/uuid
BenchmarkUUID_MarshalJSON-256     	 3407977	       351.9 ns/op
PASS

shortname: workiva_bitarray-CompressedIntersects
toolchain: Baseline
goos: linux
goarch: arm64
pkg: github.com/Workiva/go-datastructures/bitarray
BenchmarkCompressedIntersects-256     	21075729	        59.76 ns/op
PASS

shortname: ethereum_ecies-GenSharedKeyP256
toolchain: Baseline
goos: linux
goarch: arm64
pkg: github.com/ethereum/go-ethereum/crypto/ecies
BenchmarkGenSharedKeyP256-256     	   20487	     58698 ns/op
PASS

shortname: ethereum_trie-DecodeShortNodeUnsafe
toolchain: Baseline
Seed: d761d281404c1acd
goos: linux
goarch: arm64
pkg: github.com/ethereum/go-ethereum/trie
BenchmarkDecodeShortNodeUnsafe-256     	 7391678	       168.3 ns/op	     109 B/op	       3 allocs/op
PASS

shortname: k8s_workqueue-DelayingQueue_AddAfter
toolchain: Baseline
goos: linux
goarch: arm64
pkg: k8s.io/client-go/util/workqueue
BenchmarkDelayingQueue_AddAfter-256     	  572887	      3046 ns/op
PASS

shortname: hugo_hugolib-CreateShortcodePlaceholders
toolchain: Baseline
goos: linux
goarch: arm64
pkg: github.com/gohugoio/hugo/hugolib
BenchmarkCreateShortcodePlaceholders-256     	23185107	        52.64 ns/op
PASS

shortname: workiva_btree_palm-BulkGet
toolchain: Baseline
goos: linux
goarch: arm64
pkg: github.com/Workiva/go-datastructures/btree/palm
BenchmarkBulkGet-256     	   10000	    722277 ns/op
PASS

shortname: gonum_traverse-WalkAllDepthFirstGnp_100_half
toolchain: Baseline
goos: linux
goarch: arm64
pkg: gonum.org/v1/gonum/graph/traverse
BenchmarkWalkAllDepthFirstGnp_100_half-256     	    2949	    401567 ns/op
PASS

shortname: ericlagergren_decimal-Pi%2Ffoo%3Dapmckinlay%2Fprec%3D19
toolchain: Baseline
goos: linux
goarch: arm64
pkg: github.com/ericlagergren/decimal_benchmarks
BenchmarkPi/foo=apmckinlay/prec=19-256 	  476912	      2479 ns/op
PASS

shortname: minio-AppendMsgBucketStats
toolchain: Baseline
goos: linux
goarch: arm64
pkg: github.com/minio/minio/cmd
BenchmarkAppendMsgBucketStats-256     	 8587880	       138.6 ns/op	3283.20 MB/s	       0 B/op	       0 allocs/op
PASS

shortname: gproto_proto-Decode%2Frequired_group_set_%28%2Arequired_opaque.Group%29
toolchain: Baseline
goos: linux
goarch: arm64
pkg: google.golang.org/protobuf/proto
BenchmarkDecode/required_group_set_(*required_opaque.Group)-256         	13554140	       103.2 ns/op
PASS

shortname: capnproto2-Unmarshal_Reuse
toolchain: Baseline
goos: linux
goarch: arm64
pkg: zombiezen.com/go/capnproto2
BenchmarkUnmarshal_Reuse-256     	 2585424	       461.1 ns/op	       0 B/op	       0 allocs/op
PASS

shortname: minio-AppendMsgBatchJobExpire
toolchain: Baseline
goos: linux
goarch: arm64
pkg: github.com/minio/minio/cmd
BenchmarkAppendMsgBatchJobExpire-256     	29456324	        40.58 ns/op	2316.20 MB/s	       0 B/op	       0 allocs/op
PASS

shortname: dustin_humanize-ParseBytes
toolchain: Baseline
goos: linux
goarch: arm64
pkg: github.com/dustin/go-humanize
BenchmarkParseBytes-256     	10902292	       112.3 ns/op
PASS

shortname: semver-CheckVersionRange
toolchain: Baseline
goos: linux
goarch: arm64
pkg: github.com/Masterminds/semver/v3
BenchmarkCheckVersionRange-256     	30360315	        40.18 ns/op	       0 B/op	       0 allocs/op
PASS

shortname: semver-CoerceNewVersionSimple
toolchain: Baseline
goos: linux
goarch: arm64
pkg: github.com/Masterminds/semver/v3
BenchmarkCoerceNewVersionSimple-256     	 5837990	       198.7 ns/op	     128 B/op	       2 allocs/op
PASS

shortname: minio-MarshalMsgBatchJobReplicateFlags
toolchain: Baseline
goos: linux
goarch: arm64
pkg: github.com/minio/minio/cmd
BenchmarkMarshalMsgBatchJobReplicateFlags-256     	10124600	       122.2 ns/op	     208 B/op	       1 allocs/op
PASS

shortname: uuid-UUID_UnmarshalJSON
toolchain: Baseline
goos: linux
goarch: arm64
pkg: github.com/google/uuid
BenchmarkUUID_UnmarshalJSON-256     	 3131888	       383.8 ns/op
PASS

shortname: ericlagergren_decimal-Mandelbrot_decimal_GDA_9
toolchain: Baseline
goos: linux
goarch: arm64
pkg: github.com/ericlagergren/decimal_benchmarks
BenchmarkMandelbrot_decimal_GDA_9-256     	       1	1878990260 ns/op
PASS

shortname: capnproto2-Growth_MultiSegment
toolchain: Baseline
goos: linux
goarch: arm64
pkg: zombiezen.com/go/capnproto2
BenchmarkGrowth_MultiSegment-256     	      85	  14111900 ns/op	  74.31 MB/s	 1648898 B/op	      21 allocs/op
PASS

shortname: commonmark_markdown-RenderSpecNoHTML
toolchain: Baseline
goos: linux
goarch: arm64
pkg: gitlab.com/golang-commonmark/markdown
BenchmarkRenderSpecNoHTML-256     	     247	   4867570 ns/op
PASS

shortname: minio-UnmarshalBucketStats
toolchain: Baseline
goos: linux
goarch: arm64
pkg: github.com/minio/minio/cmd
BenchmarkUnmarshalBucketStats-256     	 3180762	       377.0 ns/op	1206.82 MB/s	       0 B/op	       0 allocs/op
PASS

shortname: gonum_topo-SortStabilizedPath_100000
toolchain: Baseline
goos: linux
goarch: arm64
pkg: gonum.org/v1/gonum/graph/topo
BenchmarkSortStabilizedPath_100000-256     	       9	 124147904 ns/op
PASS

shortname: minio-DecodeBucketStats
toolchain: Baseline
goos: linux
goarch: arm64
pkg: github.com/minio/minio/cmd
BenchmarkDecodeBucketStats-256     	 1622338	       740.5 ns/op	 614.44 MB/s	       0 B/op	       0 allocs/op
PASS

shortname: gproto_proto-Decode%2Frequired_field_in_oneof_message_set_%28%2Atest.TestRequiredForeign%29
toolchain: Baseline
goos: linux
goarch: arm64
pkg: google.golang.org/protobuf/proto
BenchmarkDecode/required_field_in_oneof_message_set_(*test.TestRequiredForeign)-256         	 4658402	       428.5 ns/op
PASS

shortname: cespare_xxhash-DigestBytes%2F100B
toolchain: Baseline
goos: linux
goarch: arm64
pkg: github.com/cespare/xxhash/v2
BenchmarkDigestBytes/100B-256         	48033988	        25.35 ns/op	3944.07 MB/s
PASS

shortname: dustin_humanize-ParseSI
toolchain: Baseline
goos: linux
goarch: arm64
pkg: github.com/dustin/go-humanize
BenchmarkParseSI-256     	 2689564	       450.7 ns/op
PASS

shortname: dustin_broadcast-DirectSend
toolchain: Baseline
goos: linux
goarch: arm64
pkg: github.com/dustin/go-broadcast
BenchmarkDirectSend-256     	 2819221	       430.7 ns/op
PASS

shortname: thriftrw_gen-RoundTrip%2FContainersOfContainers%2FDecode
toolchain: Baseline
goos: linux
goarch: arm64
pkg: go.uber.org/thriftrw/gen
BenchmarkRoundTrip/ContainersOfContainers/Decode-256  	   28462	     42333 ns/op
PASS

shortname: semver-ValidateVersionRangeFail
toolchain: Baseline
goos: linux
goarch: arm64
pkg: github.com/Masterminds/semver/v3
BenchmarkValidateVersionRangeFail-256     	 1881793	       645.3 ns/op	     190 B/op	       7 allocs/op
PASS

shortname: workiva_triey-Iterator
toolchain: Baseline
goos: linux
goarch: arm64
pkg: github.com/Workiva/go-datastructures/trie/yfast
BenchmarkIterator-256     	  444800	      2708 ns/op
PASS

shortname: gonum_community-NewDirectedLayers%2FgraphSize%3D1000%2CnumGraphs%3D1
toolchain: Baseline
goos: linux
goarch: arm64
pkg: gonum.org/v1/gonum/graph/community
BenchmarkNewDirectedLayers/graphSize=1000,numGraphs=1-256         	   10000	    106886 ns/op
PASS

shortname: kanzi-Huffman
toolchain: Baseline
goos: linux
goarch: arm64
pkg: github.com/flanglet/kanzi-go/v2/benchmark
BenchmarkHuffman-256     	     639	   1870229 ns/op
PASS

shortname: gproto_proto-Decode%2Fbasic_scalar_types_%28%2Atest.TestAllTypes%29
toolchain: Baseline
goos: linux
goarch: arm64
pkg: google.golang.org/protobuf/proto
BenchmarkDecode/basic_scalar_types_(*test.TestAllTypes)-256         	 1000000	      2457 ns/op
PASS

shortname: gproto_json-Bool
toolchain: Baseline
goos: linux
goarch: arm64
pkg: google.golang.org/protobuf/internal/encoding/json
BenchmarkBool-256     	29597196	        40.46 ns/op
PASS

shortname: rcrowley_metrics-Histogram
toolchain: Baseline
goos: linux
goarch: arm64
pkg: github.com/rcrowley/go-metrics
BenchmarkHistogram-256     	29649600	        39.30 ns/op
PASS

shortname: ericlagergren_decimal-Pi%2Ffoo%3Dcockroachdb%2Fapd%2Fprec%3D100
toolchain: Baseline
goos: linux
goarch: arm64
pkg: github.com/ericlagergren/decimal_benchmarks
BenchmarkPi/foo=cockroachdb/apd/prec=100-256         	     235	   5075426 ns/op
PASS

shortname: benhoyt_goawk-BuiltinGsubAmpersand
toolchain: Baseline
goos: linux
goarch: arm64
pkg: github.com/benhoyt/goawk/interp
BenchmarkBuiltinGsubAmpersand-256     	   69008	     17545 ns/op
PASS

shortname: minio-UnmarshalBucketStats
toolchain: Baseline
goos: linux
goarch: arm64
pkg: github.com/minio/minio/cmd
BenchmarkUnmarshalBucketStats-256     	 3189133	       376.7 ns/op	1207.78 MB/s	       0 B/op	       0 allocs/op
PASS

shortname: gonum_traverse-WalkAllDepthFirstGnp_100_half
toolchain: Baseline
goos: linux
goarch: arm64
pkg: gonum.org/v1/gonum/graph/traverse
BenchmarkWalkAllDepthFirstGnp_100_half-256     	    3102	    397009 ns/op
PASS

shortname: uber_tally-TimerReport
toolchain: Baseline
goos: linux
goarch: arm64
pkg: github.com/uber-go/tally/v4
BenchmarkTimerReport-256     	18649330	        64.58 ns/op
PASS

shortname: thriftrw_gen-RoundTrip%2FPrimitiveOptionalStruct%2FStreaming_Decode
toolchain: Baseline
goos: linux
goarch: arm64
pkg: go.uber.org/thriftrw/gen
BenchmarkRoundTrip/PrimitiveOptionalStruct/Streaming_Decode-256         	 1314484	       921.5 ns/op
PASS

shortname: minio-UnmarshalReplicationMRFStats
toolchain: Baseline
goos: linux
goarch: arm64
pkg: github.com/minio/minio/cmd
BenchmarkUnmarshalReplicationMRFStats-256     	46940845	        25.60 ns/op	2187.93 MB/s	       0 B/op	       0 allocs/op
PASS

shortname: workiva_rangetree-ImmutableInsertSecondDimension
toolchain: Baseline
goos: linux
goarch: arm64
pkg: github.com/Workiva/go-datastructures/rangetree
BenchmarkImmutableInsertSecondDimension-256     	      38	  36338381 ns/op
PASS

shortname: minio-EncodedataUsageCacheInfo
toolchain: Baseline
goos: linux
goarch: arm64
pkg: github.com/minio/minio/cmd
BenchmarkEncodedataUsageCacheInfo-256     	21368875	        56.07 ns/op	1016.56 MB/s	       0 B/op	       0 allocs/op
PASS

shortname: dustin_humanize-Commaf
toolchain: Baseline
goos: linux
goarch: arm64
pkg: github.com/dustin/go-humanize
BenchmarkCommaf-256     	 4053139	       298.5 ns/op
PASS

shortname: minio-UnmarshalBatchJobKeyRotateV1
toolchain: Baseline
goos: linux
goarch: arm64
pkg: github.com/minio/minio/cmd
BenchmarkUnmarshalBatchJobKeyRotateV1-256     	 5349062	       224.8 ns/op	1023.17 MB/s	       0 B/op	       0 allocs/op
PASS

shortname: gproto_encoding-TextDecode
toolchain: Baseline
goos: linux
goarch: arm64
pkg: google.golang.org/protobuf/encoding
BenchmarkTextDecode-256     	      32	  36683084 ns/op
PASS

shortname: uber_tally-ScopeTaggedCachedSubscopes
toolchain: Baseline
goos: linux
goarch: arm64
pkg: github.com/uber-go/tally/v4
BenchmarkScopeTaggedCachedSubscopes-256     	 1287216	       939.5 ns/op
PASS

shortname: gonum_mat-UnmarshalVecDense10
toolchain: Baseline
goos: linux
goarch: arm64
pkg: gonum.org/v1/gonum/mat
BenchmarkUnmarshalVecDense10-256     	 3217122	       371.8 ns/op
PASS

shortname: ericlagergren_decimal-Pi%2Ffoo%3Dgo-inf%2Fprec%3D100
toolchain: Baseline
goos: linux
goarch: arm64
pkg: github.com/ericlagergren/decimal_benchmarks
BenchmarkPi/foo=go-inf/prec=100-256         	   10000	    112556 ns/op
PASS

shortname: nelsam_gxui_interval-General
toolchain: Baseline
goos: linux
goarch: arm64
pkg: git.sr.ht/~nelsam/gxui/interval
BenchmarkGeneral-256     	 4825099	       292.2 ns/op
PASS

shortname: commonmark_markdown-RenderSpecNoHTML
toolchain: Baseline
goos: linux
goarch: arm64
pkg: gitlab.com/golang-commonmark/markdown
BenchmarkRenderSpecNoHTML-256     	     244	   4946500 ns/op
PASS

shortname: gproto_json-Bool
toolchain: Baseline
goos: linux
goarch: arm64
pkg: google.golang.org/protobuf/internal/encoding/json
BenchmarkBool-256     	29627097	        40.45 ns/op
PASS

shortname: k8s_cache-EachListItemWithAlloc%2FPodList
toolchain: Baseline
goos: linux
goarch: arm64
pkg: k8s.io/client-go/tools/cache
BenchmarkEachListItemWithAlloc/PodList-256         	   17976	     67015 ns/op
PASS

shortname: rcrowley_metrics-Timer
toolchain: Baseline
goos: linux
goarch: arm64
pkg: github.com/rcrowley/go-metrics
BenchmarkTimer-256     	 4003004	       299.6 ns/op
PASS

shortname: kanzi-ANS0
toolchain: Baseline
goos: linux
goarch: arm64
pkg: github.com/flanglet/kanzi-go/v2/benchmark
BenchmarkANS0-256     	     706	   1683696 ns/op
PASS

shortname: kanzi-CM
toolchain: Baseline
goos: linux
goarch: arm64
pkg: github.com/flanglet/kanzi-go/v2/benchmark
BenchmarkCM-256     	      24	  49882929 ns/op
PASS

shortname: kanzi-BWTSmallBlock
toolchain: Baseline
goos: linux
goarch: arm64
pkg: github.com/flanglet/kanzi-go/v2/benchmark
BenchmarkBWTSmallBlock-256     	      28	  42029626 ns/op
PASS

shortname: gonum_mat-TriMulDiag%2FBenchmarkTriMulDiag100
toolchain: Baseline
goos: linux
goarch: arm64
pkg: gonum.org/v1/gonum/mat
BenchmarkTriMulDiag/BenchmarkTriMulDiag100-256         	   29391	     40652 ns/op
PASS

shortname: capnproto2-Unmarshal_Reuse
toolchain: Baseline
goos: linux
goarch: arm64
pkg: zombiezen.com/go/capnproto2
BenchmarkUnmarshal_Reuse-256     	 2582370	       461.8 ns/op	       0 B/op	       0 allocs/op
PASS

shortname: gproto_json-Int
toolchain: Baseline
goos: linux
goarch: arm64
pkg: google.golang.org/protobuf/internal/encoding/json
BenchmarkInt-256     	 5151825	       232.9 ns/op
PASS

shortname: thriftrw_gen-RoundTrip%2FContainersOfContainers%2FEncode
toolchain: Baseline
goos: linux
goarch: arm64
pkg: go.uber.org/thriftrw/gen
BenchmarkRoundTrip/ContainersOfContainers/Encode-256  	   61818	     19318 ns/op
PASS

shortname: gproto_proto-Decode%2Frequired_group_set_%28%2Arequired_opaque.Group%29
toolchain: Baseline
goos: linux
goarch: arm64
pkg: google.golang.org/protobuf/proto
BenchmarkDecode/required_group_set_(*required_opaque.Group)-256         	14345586	        96.75 ns/op
PASS

shortname: gproto_micro-EmptyMessage%2FWire%2FMarshal
toolchain: Baseline
goos: linux
goarch: arm64
pkg: google.golang.org/protobuf/internal/benchmarks/micro
BenchmarkEmptyMessage/Wire/Marshal-256         	1000000000	         0.3968 ns/op
PASS

shortname: workiva_queue-PriorityQueue
toolchain: Baseline
goos: linux
goarch: arm64
pkg: github.com/Workiva/go-datastructures/queue
BenchmarkPriorityQueue-256     	 1843447	       665.2 ns/op
PASS

shortname: benhoyt_goawk-SimpleBuiltins
toolchain: Baseline
goos: linux
goarch: arm64
pkg: github.com/benhoyt/goawk/interp
BenchmarkSimpleBuiltins-256     	 2330989	       527.2 ns/op
PASS

shortname: ericlagergren_decimal-Mandelbrot_decimal_GDA_9
toolchain: Baseline
goos: linux
goarch: arm64
pkg: github.com/ericlagergren/decimal_benchmarks
BenchmarkMandelbrot_decimal_GDA_9-256     	       1	1884592360 ns/op
PASS

shortname: ericlagergren_decimal-Pi%2Ffoo%3Dapmckinlay%2Fprec%3D19
toolchain: Baseline
goos: linux
goarch: arm64
pkg: github.com/ericlagergren/decimal_benchmarks
BenchmarkPi/foo=apmckinlay/prec=19-256 	  476538	      2496 ns/op
PASS

shortname: gonum_community-NewDirectedLayers%2FgraphSize%3D10%2CnumGraphs%3D1
toolchain: Baseline
goos: linux
goarch: arm64
pkg: gonum.org/v1/gonum/graph/community
BenchmarkNewDirectedLayers/graphSize=10,numGraphs=1-256         	 1000000	      1202 ns/op
PASS

shortname: gproto_proto-EqualWithDeeplyNestedEqual
toolchain: Baseline
goos: linux
goarch: arm64
pkg: google.golang.org/protobuf/proto
BenchmarkEqualWithDeeplyNestedEqual-256     	   22960	     52311 ns/op	       0 B/op	       0 allocs/op
PASS

shortname: ethereum_trie-DecodeShortNodeUnsafe
toolchain: Baseline
Seed: 79a07b0ede16278c
goos: linux
goarch: arm64
pkg: github.com/ethereum/go-ethereum/trie
BenchmarkDecodeShortNodeUnsafe-256     	 7127142	       169.7 ns/op	     109 B/op	       3 allocs/op
PASS

shortname: dustin_humanize-ParseSI
toolchain: Baseline
goos: linux
goarch: arm64
pkg: github.com/dustin/go-humanize
BenchmarkParseSI-256     	 2729574	       443.7 ns/op
PASS

shortname: ethereum_whisper-DecryptionAsymInvalid
toolchain: Baseline
goos: linux
goarch: arm64
pkg: github.com/ethereum/go-ethereum/whisper/whisperv6
BenchmarkDecryptionAsymInvalid-256     	   11100	    107614 ns/op
PASS

shortname: dustin_humanize-BigCommas
toolchain: Baseline
goos: linux
goarch: arm64
pkg: github.com/dustin/go-humanize
BenchmarkBigCommas-256     	 2361464	       501.8 ns/op
PASS

shortname: hugo_hugolib-CreateShortcodePlaceholders
toolchain: Baseline
goos: linux
goarch: arm64
pkg: github.com/gohugoio/hugo/hugolib
BenchmarkCreateShortcodePlaceholders-256     	22799318	        52.86 ns/op
PASS

shortname: gonum_community-NewDirectedLayers%2FgraphSize%3D1000%2CnumGraphs%3D1
toolchain: Baseline
goos: linux
goarch: arm64
pkg: gonum.org/v1/gonum/graph/community
BenchmarkNewDirectedLayers/graphSize=1000,numGraphs=1-256         	   10000	    106923 ns/op
PASS

shortname: gonum_mat-MarshalToVecDense10
toolchain: Baseline
goos: linux
goarch: arm64
pkg: gonum.org/v1/gonum/mat
BenchmarkMarshalToVecDense10-256     	 2440237	       492.5 ns/op
PASS

shortname: ethereum_whisper-DecryptionSymInvalid
toolchain: Baseline
goos: linux
goarch: arm64
pkg: github.com/ethereum/go-ethereum/whisper/whisperv6
BenchmarkDecryptionSymInvalid-256     	 6358963	       194.6 ns/op
PASS

shortname: workiva_set-Exists
toolchain: Baseline
goos: linux
goarch: arm64
pkg: github.com/Workiva/go-datastructures/set
BenchmarkExists-256     	30436365	        39.20 ns/op
PASS

shortname: gonum_lapack_native-Dlantb%2FFrobeniusLowerNonUnitN%3D10000K%3D2
toolchain: Baseline
goos: linux
goarch: arm64
pkg: gonum.org/v1/gonum/lapack/gonum
BenchmarkDlantb/FrobeniusLowerNonUnitN=10000K=2-256         	   10000	    102531 ns/op
PASS

shortname: workiva_rangetree_skiplist-MultiDimensionInsertAtZeroDimension
toolchain: Baseline
goos: linux
goarch: arm64
pkg: github.com/Workiva/go-datastructures/rangetree/skiplist
BenchmarkMultiDimensionInsertAtZeroDimension-256     	   10000	   2668179 ns/op
PASS

shortname: semver-CheckVersionRange
toolchain: Baseline
goos: linux
goarch: arm64
pkg: github.com/Masterminds/semver/v3
BenchmarkCheckVersionRange-256     	31058359	        39.19 ns/op	       0 B/op	       0 allocs/op
PASS

shortname: minio-AppendMsgBucketStats
toolchain: Baseline
goos: linux
goarch: arm64
pkg: github.com/minio/minio/cmd
BenchmarkAppendMsgBucketStats-256     	 8718199	       138.1 ns/op	3293.66 MB/s	       0 B/op	       0 allocs/op
PASS

shortname: gonum_lapack_native-Dgeev%2FCirculant5
toolchain: Baseline
goos: linux
goarch: arm64
pkg: gonum.org/v1/gonum/lapack/gonum
BenchmarkDgeev/Circulant5-256         	  124789	      9310 ns/op
PASS

shortname: wazero-Compilation%2Fwithout_extern_cache
toolchain: Baseline
goos: linux
goarch: arm64
pkg: github.com/tetratelabs/wazero/internal/integration_test/bench
BenchmarkCompilation/without_extern_cache-256         	      98	  12671038 ns/op
PASS

shortname: gproto_proto-Decode%2Fbasic_scalar_types_%28%2Atest.TestAllTypes%29
toolchain: Baseline
goos: linux
goarch: arm64
pkg: google.golang.org/protobuf/proto
BenchmarkDecode/basic_scalar_types_(*test.TestAllTypes)-256         	 1000000	      2630 ns/op
PASS

shortname: benhoyt_goawk-NativeFunc
toolchain: Baseline
goos: linux
goarch: arm64
pkg: github.com/benhoyt/goawk/interp
BenchmarkNativeFunc-256     	  166254	      7387 ns/op
PASS

shortname: dustin_broadcast-ParallelBrodcast
toolchain: Baseline
goos: linux
goarch: arm64
pkg: github.com/dustin/go-broadcast
BenchmarkParallelBrodcast-256     	 1753737	       706.7 ns/op
PASS

shortname: uuid-UUID_UnmarshalJSON
toolchain: Baseline
goos: linux
goarch: arm64
pkg: github.com/google/uuid
BenchmarkUUID_UnmarshalJSON-256     	 3127705	       381.1 ns/op
PASS

shortname: semver-ValidateVersionRangeFail
toolchain: Baseline
goos: linux
goarch: arm64
pkg: github.com/Masterminds/semver/v3
BenchmarkValidateVersionRangeFail-256     	 1927539	       637.6 ns/op	     190 B/op	       7 allocs/op
PASS

shortname: benhoyt_goawk-RepeatNew
toolchain: Baseline
goos: linux
goarch: arm64
pkg: github.com/benhoyt/goawk/interp
BenchmarkRepeatNew-256     	11821944	        99.28 ns/op
PASS

shortname: gonum_mat-CholeskyInverseTo%2Fn%3D100
toolchain: Baseline
goos: linux
goarch: arm64
pkg: gonum.org/v1/gonum/mat
BenchmarkCholeskyInverseTo/n=100-256         	    5473	    218732 ns/op
PASS

shortname: gonum_topo-SortStabilizedPath_100000
toolchain: Baseline
goos: linux
goarch: arm64
pkg: gonum.org/v1/gonum/graph/topo
BenchmarkSortStabilizedPath_100000-256     	      10	 122553774 ns/op
PASS

shortname: hugo_helpers-AbsURL%2Fabsurl
toolchain: Baseline
goos: linux
goarch: arm64
pkg: github.com/gohugoio/hugo/helpers
BenchmarkAbsURL/absurl-256         	267355713	         4.490 ns/op
PASS

shortname: workiva_augmentedtree-AddItems
toolchain: Baseline
goos: linux
goarch: arm64
pkg: github.com/Workiva/go-datastructures/augmentedtree
BenchmarkAddItems-256     	    6680	    198709 ns/op
PASS

shortname: cespare_xxhash-DigestBytes%2F100B
toolchain: Baseline
goos: linux
goarch: arm64
pkg: github.com/cespare/xxhash/v2
BenchmarkDigestBytes/100B-256         	47048730	        25.42 ns/op	3934.30 MB/s
PASS

shortname: ethereum_ethash-DifficultyCalculator%2Fu256-homestead
toolchain: Baseline
goos: linux
goarch: arm64
pkg: github.com/ethereum/go-ethereum/consensus/ethash
BenchmarkDifficultyCalculator/u256-homestead-256         	14363254	        86.23 ns/op	      64 B/op	       2 allocs/op
PASS

shortname: gonum_mat-Pool100by100Uncleared
toolchain: Baseline
goos: linux
goarch: arm64
pkg: gonum.org/v1/gonum/mat
BenchmarkPool100by100Uncleared-256     	63344493	        18.85 ns/op
PASS

shortname: dustin_broadcast-DirectSend
toolchain: Baseline
goos: linux
goarch: arm64
pkg: github.com/dustin/go-broadcast
BenchmarkDirectSend-256     	 2800575	       426.9 ns/op
PASS

shortname: minio-DecodeBatchJobKeyRotateV1
toolchain: Baseline
goos: linux
goarch: arm64
pkg: github.com/minio/minio/cmd
BenchmarkDecodeBatchJobKeyRotateV1-256     	 3036733	       392.9 ns/op	 585.33 MB/s	       0 B/op	       0 allocs/op
PASS

shortname: gproto_proto-Decode%2Fjust_at_recursion_limit_%28%2Atest3.TestAllTypes%29
toolchain: Baseline
goos: linux
goarch: arm64
pkg: google.golang.org/protobuf/proto
BenchmarkDecode/just_at_recursion_limit_(*test3.TestAllTypes)-256         	 1000000	      2695 ns/op
PASS

shortname: k8s_workqueue-DelayingQueue_AddAfter
toolchain: Baseline
goos: linux
goarch: arm64
pkg: k8s.io/client-go/util/workqueue
BenchmarkDelayingQueue_AddAfter-256     	  731002	      3270 ns/op
PASS

shortname: workiva_rangetree-Apply
toolchain: Baseline
goos: linux
goarch: arm64
pkg: github.com/Workiva/go-datastructures/rangetree
BenchmarkApply-256     	   85891	     14224 ns/op
PASS

shortname: minio-MarshalMsgBatchJobReplicateFlags
toolchain: Baseline
goos: linux
goarch: arm64
pkg: github.com/minio/minio/cmd
BenchmarkMarshalMsgBatchJobReplicateFlags-256     	10174294	       123.2 ns/op	     208 B/op	       1 allocs/op
PASS

shortname: workiva_bitarray-CompressedIntersects
toolchain: Baseline
goos: linux
goarch: arm64
pkg: github.com/Workiva/go-datastructures/bitarray
BenchmarkCompressedIntersects-256     	22126206	        56.68 ns/op
PASS

shortname: gproto_proto-EqualWithDeeplyNestedIdenticalPtr
toolchain: Baseline
goos: linux
goarch: arm64
pkg: google.golang.org/protobuf/proto
BenchmarkEqualWithDeeplyNestedIdenticalPtr-256     	257405347	         4.666 ns/op	       0 B/op	       0 allocs/op
PASS

shortname: bloom_bits-BitSetExtractDeposit%2Fsize%3D64%2Ffn%3DDepositTo
toolchain: Baseline
goos: linux
goarch: arm64
pkg: github.com/bits-and-blooms/bitset
BenchmarkBitSetExtractDeposit/size=64/fn=DepositTo-256         	70349502	        16.98 ns/op	       0 B/op	       0 allocs/op
PASS

shortname: workiva_btree_palm-BulkGet
toolchain: Baseline
goos: linux
goarch: arm64
pkg: github.com/Workiva/go-datastructures/btree/palm
BenchmarkBulkGet-256     	   10000	    725005 ns/op
PASS

shortname: minio-DecodeBucketStats
toolchain: Baseline
goos: linux
goarch: arm64
pkg: github.com/minio/minio/cmd
BenchmarkDecodeBucketStats-256     	 1615408	       742.6 ns/op	 612.70 MB/s	       0 B/op	       0 allocs/op
PASS

shortname: gproto_proto-Decode%2Ffield_type_mismatch_%28%2Atest3.TestAllTypes%29
toolchain: Baseline
goos: linux
goarch: arm64
pkg: google.golang.org/protobuf/proto
BenchmarkDecode/field_type_mismatch_(*test3.TestAllTypes)-256         	 1000000	      1037 ns/op
PASS

shortname: semver-CoerceNewVersionSimple
toolchain: Baseline
goos: linux
goarch: arm64
pkg: github.com/Masterminds/semver/v3
BenchmarkCoerceNewVersionSimple-256     	 6129500	       195.5 ns/op	     128 B/op	       2 allocs/op
PASS

shortname: dustin_humanize-ParseBytes
toolchain: Baseline
goos: linux
goarch: arm64
pkg: github.com/dustin/go-humanize
BenchmarkParseBytes-256     	10882036	       112.1 ns/op
PASS

shortname: gonum_mat-CholeskyFactorize%2Fn%3D10
toolchain: Baseline
goos: linux
goarch: arm64
pkg: gonum.org/v1/gonum/mat
BenchmarkCholeskyFactorize/n=10-256         	  437751	      2751 ns/op
PASS

shortname: workiva_triey-Iterator
toolchain: Baseline
goos: linux
goarch: arm64
pkg: github.com/Workiva/go-datastructures/trie/yfast
BenchmarkIterator-256     	  443607	      2714 ns/op
PASS

shortname: kanzi-Huffman
toolchain: Baseline
goos: linux
goarch: arm64
pkg: github.com/flanglet/kanzi-go/v2/benchmark
BenchmarkHuffman-256     	     642	   1870344 ns/op
PASS

shortname: workiva_hilbert-BulkUpdatePoints
toolchain: Baseline
goos: linux
goarch: arm64
pkg: github.com/Workiva/go-datastructures/rtree/hilbert
BenchmarkBulkUpdatePoints-256     	    2965	    440070 ns/op
PASS

shortname: capnproto2-Growth_MultiSegment
toolchain: Baseline
goos: linux
goarch: arm64
pkg: zombiezen.com/go/capnproto2
BenchmarkGrowth_MultiSegment-256     	      85	  14086003 ns/op	  74.44 MB/s	 1648831 B/op	      21 allocs/op
PASS

shortname: gonum_community-NewUndirectedLayers%2FgraphSize%3D1000%2CnumGraphs%3D10
toolchain: Baseline
goos: linux
goarch: arm64
pkg: gonum.org/v1/gonum/graph/community
BenchmarkNewUndirectedLayers/graphSize=1000,numGraphs=10-256         	     946	   1274825 ns/op
PASS

shortname: gproto_micro-Extension%2FGet%2FSet
toolchain: Baseline
goos: linux
goarch: arm64
pkg: google.golang.org/protobuf/internal/benchmarks/micro
BenchmarkExtension/Get/Set-256         	 7238370	       165.0 ns/op
PASS

shortname: benhoyt_goawk-RecursiveFunc
toolchain: Baseline
goos: linux
goarch: arm64
pkg: github.com/benhoyt/goawk/interp
BenchmarkRecursiveFunc-256     	  113456	     10735 ns/op
PASS

shortname: rcrowley_metrics-Histogram
toolchain: Baseline
goos: linux
goarch: arm64
pkg: github.com/rcrowley/go-metrics
BenchmarkHistogram-256     	29502411	        39.55 ns/op
PASS

shortname: shopify_sarama-_getMetricNameForTopic
toolchain: Baseline
goos: linux
goarch: arm64
pkg: github.com/IBM/sarama
Benchmark_getMetricNameForTopic-256     	13170674	        91.75 ns/op	      16 B/op	       1 allocs/op
PASS

shortname: workiva_avl-ImmutableInsert
toolchain: Baseline
goos: linux
goarch: arm64
pkg: github.com/Workiva/go-datastructures/tree/avl
BenchmarkImmutableInsert-256     	 1260838	       941.4 ns/op
PASS

shortname: uber_zap-JSONLogMarshalerFunc
toolchain: Baseline
goos: linux
goarch: arm64
pkg: go.uber.org/zap/zapcore
BenchmarkJSONLogMarshalerFunc-256     	  819409	      1594 ns/op
PASS

shortname: gproto_reflect-Value%2FInterface
toolchain: Baseline
goos: linux
goarch: arm64
pkg: google.golang.org/protobuf/reflect/protoreflect
BenchmarkValue/Interface-256         	58446805	        21.30 ns/op	      16 B/op	       1 allocs/op
PASS

shortname: ethereum_ecies-GenSharedKeyP256
toolchain: Baseline
goos: linux
goarch: arm64
pkg: github.com/ethereum/go-ethereum/crypto/ecies
BenchmarkGenSharedKeyP256-256     	   20415	     58811 ns/op
PASS

shortname: uuid-New
toolchain: Baseline
goos: linux
goarch: arm64
pkg: github.com/google/uuid
BenchmarkNew-256     	 3252861	       376.0 ns/op
PASS

shortname: workiva_set-Clear
toolchain: Baseline
goos: linux
goarch: arm64
pkg: github.com/Workiva/go-datastructures/set
BenchmarkClear-256     	14382289	        84.64 ns/op
PASS

shortname: thriftrw_gen-RoundTrip%2FContainersOfContainers%2FDecode
toolchain: Baseline
goos: linux
goarch: arm64
pkg: go.uber.org/thriftrw/gen
BenchmarkRoundTrip/ContainersOfContainers/Decode-256  	   28017	     42721 ns/op
PASS

shortname: shopify_sarama-ZstdMemoryConsumption%2Fno_drain
toolchain: Baseline
goos: linux
goarch: arm64
pkg: github.com/IBM/sarama
BenchmarkZstdMemoryConsumption/no_drain-256         	    2730	    424872 ns/op	   10932 B/op	       4 allocs/op
PASS

shortname: gonum_mat-AddScaledVec10Inc1
toolchain: Baseline
goos: linux
goarch: arm64
pkg: gonum.org/v1/gonum/mat
BenchmarkAddScaledVec10Inc1-256     	 5223123	       239.2 ns/op
PASS

shortname: minio-AppendMsgBatchJobExpire
toolchain: Baseline
goos: linux
goarch: arm64
pkg: github.com/minio/minio/cmd
BenchmarkAppendMsgBatchJobExpire-256     	29376519	        40.68 ns/op	2310.99 MB/s	       0 B/op	       0 allocs/op
PASS

shortname: uuid-UUID_MarshalJSON
toolchain: Baseline
goos: linux
goarch: arm64
pkg: github.com/google/uuid
BenchmarkUUID_MarshalJSON-256     	 3482410	       352.8 ns/op
PASS

shortname: gproto_proto-Decode%2Frequired_field_in_oneof_message_set_%28%2Atest.TestRequiredForeign%29
toolchain: Baseline
goos: linux
goarch: arm64
pkg: google.golang.org/protobuf/proto
BenchmarkDecode/required_field_in_oneof_message_set_(*test.TestRequiredForeign)-256         	 4995356	       323.5 ns/op
PASS

shortname: hugo_helpers-RelURL
toolchain: Baseline
goos: linux
goarch: arm64
pkg: github.com/gohugoio/hugo/helpers
BenchmarkRelURL-256     	 3328935	       359.1 ns/op
PASS

shortname: benhoyt_goawk-RecursiveFunc
toolchain: Baseline
goos: linux
goarch: arm64
pkg: github.com/benhoyt/goawk/interp
BenchmarkRecursiveFunc-256     	  116133	     10593 ns/op
PASS

shortname: gproto_encoding-TextDecode
toolchain: Baseline
goos: linux
goarch: arm64
pkg: google.golang.org/protobuf/encoding
BenchmarkTextDecode-256     	      32	  36722720 ns/op
PASS

shortname: ericlagergren_decimal-Mandelbrot_decimal_GDA_9
toolchain: Baseline
goos: linux
goarch: arm64
pkg: github.com/ericlagergren/decimal_benchmarks
BenchmarkMandelbrot_decimal_GDA_9-256     	       1	1887310510 ns/op
PASS

shortname: minio-AppendMsgBucketStats
toolchain: Baseline
goos: linux
goarch: arm64
pkg: github.com/minio/minio/cmd
BenchmarkAppendMsgBucketStats-256     	 8646220	       138.0 ns/op	3296.41 MB/s	       0 B/op	       0 allocs/op
PASS

shortname: gonum_mat-UnmarshalVecDense10
toolchain: Baseline
goos: linux
goarch: arm64
pkg: gonum.org/v1/gonum/mat
BenchmarkUnmarshalVecDense10-256     	 3377004	       367.6 ns/op
PASS

shortname: minio-MarshalMsgBatchJobReplicateFlags
toolchain: Baseline
goos: linux
goarch: arm64
pkg: github.com/minio/minio/cmd
BenchmarkMarshalMsgBatchJobReplicateFlags-256     	10074616	       122.0 ns/op	     208 B/op	       1 allocs/op
PASS

shortname: rcrowley_metrics-Histogram
toolchain: Baseline
goos: linux
goarch: arm64
pkg: github.com/rcrowley/go-metrics
BenchmarkHistogram-256     	29794248	        39.43 ns/op
PASS

shortname: minio-UnmarshalReplicationMRFStats
toolchain: Baseline
goos: linux
goarch: arm64
pkg: github.com/minio/minio/cmd
BenchmarkUnmarshalReplicationMRFStats-256     	46933023	        25.57 ns/op	2190.20 MB/s	       0 B/op	       0 allocs/op
PASS

shortname: gonum_community-NewDirectedLayers%2FgraphSize%3D10%2CnumGraphs%3D1
toolchain: Baseline
goos: linux
goarch: arm64
pkg: gonum.org/v1/gonum/graph/community
BenchmarkNewDirectedLayers/graphSize=10,numGraphs=1-256         	 1000000	      1198 ns/op
PASS

shortname: gproto_proto-Decode%2Frequired_field_in_oneof_message_set_%28%2Atest.TestRequiredForeign%29
toolchain: Baseline
goos: linux
goarch: arm64
pkg: google.golang.org/protobuf/proto
BenchmarkDecode/required_field_in_oneof_message_set_(*test.TestRequiredForeign)-256         	 4598701	       415.7 ns/op
PASS

shortname: uuid-UUID_UnmarshalJSON
toolchain: Baseline
goos: linux
goarch: arm64
pkg: github.com/google/uuid
BenchmarkUUID_UnmarshalJSON-256     	 3134428	       383.9 ns/op
PASS

shortname: gonum_mat-AddScaledVec10Inc1
toolchain: Baseline
goos: linux
goarch: arm64
pkg: gonum.org/v1/gonum/mat
BenchmarkAddScaledVec10Inc1-256     	 5081060	       238.1 ns/op
PASS

shortname: gproto_proto-EqualWithDeeplyNestedEqual
toolchain: Baseline
goos: linux
goarch: arm64
pkg: google.golang.org/protobuf/proto
BenchmarkEqualWithDeeplyNestedEqual-256     	   23767	     50528 ns/op	       0 B/op	       0 allocs/op
PASS

shortname: gonum_lapack_native-Dlantb%2FFrobeniusLowerNonUnitN%3D10000K%3D2
toolchain: Baseline
goos: linux
goarch: arm64
pkg: gonum.org/v1/gonum/lapack/gonum
BenchmarkDlantb/FrobeniusLowerNonUnitN=10000K=2-256         	   10000	    100135 ns/op
PASS

shortname: benhoyt_goawk-SimpleBuiltins
toolchain: Baseline
goos: linux
goarch: arm64
pkg: github.com/benhoyt/goawk/interp
BenchmarkSimpleBuiltins-256     	 2340478	       532.8 ns/op
PASS

shortname: uber_tally-ScopeTaggedCachedSubscopes
toolchain: Baseline
goos: linux
goarch: arm64
pkg: github.com/uber-go/tally/v4
BenchmarkScopeTaggedCachedSubscopes-256     	 1282626	       949.2 ns/op
PASS

shortname: ethereum_trie-DecodeShortNodeUnsafe
toolchain: Baseline
Seed: 00a19ae15d7d6ac6
goos: linux
goarch: arm64
pkg: github.com/ethereum/go-ethereum/trie
BenchmarkDecodeShortNodeUnsafe-256     	 7343332	       165.4 ns/op	     109 B/op	       3 allocs/op
PASS

shortname: workiva_queue-PriorityQueue
toolchain: Baseline
goos: linux
goarch: arm64
pkg: github.com/Workiva/go-datastructures/queue
BenchmarkPriorityQueue-256     	 1574276	       674.2 ns/op
PASS

shortname: workiva_hilbert-BulkUpdatePoints
toolchain: Baseline
goos: linux
goarch: arm64
pkg: github.com/Workiva/go-datastructures/rtree/hilbert
BenchmarkBulkUpdatePoints-256     	    2827	    438113 ns/op
PASS

shortname: workiva_btree_palm-BulkGet
toolchain: Baseline
goos: linux
goarch: arm64
pkg: github.com/Workiva/go-datastructures/btree/palm
BenchmarkBulkGet-256     	   10000	    722354 ns/op
PASS

shortname: gonum_mat-MarshalToVecDense10
toolchain: Baseline
goos: linux
goarch: arm64
pkg: gonum.org/v1/gonum/mat
BenchmarkMarshalToVecDense10-256     	 2419694	       510.9 ns/op
PASS

shortname: kanzi-CM
toolchain: Baseline
goos: linux
goarch: arm64
pkg: github.com/flanglet/kanzi-go/v2/benchmark
BenchmarkCM-256     	      24	  49828237 ns/op
PASS

shortname: workiva_rangetree-ImmutableInsertSecondDimension
toolchain: Baseline
goos: linux
goarch: arm64
pkg: github.com/Workiva/go-datastructures/rangetree
BenchmarkImmutableInsertSecondDimension-256     	      45	  32346248 ns/op
PASS

shortname: gproto_reflect-Value%2FInterface
toolchain: Baseline
goos: linux
goarch: arm64
pkg: google.golang.org/protobuf/reflect/protoreflect
BenchmarkValue/Interface-256         	59203797	        21.26 ns/op	      16 B/op	       1 allocs/op
PASS

shortname: bloom_bits-BitSetExtractDeposit%2Fsize%3D64%2Ffn%3DDepositTo
toolchain: Baseline
goos: linux
goarch: arm64
pkg: github.com/bits-and-blooms/bitset
BenchmarkBitSetExtractDeposit/size=64/fn=DepositTo-256         	69745098	        17.01 ns/op	       0 B/op	       0 allocs/op
PASS

shortname: gproto_proto-Decode%2Fjust_at_recursion_limit_%28%2Atest3.TestAllTypes%29
toolchain: Baseline
goos: linux
goarch: arm64
pkg: google.golang.org/protobuf/proto
BenchmarkDecode/just_at_recursion_limit_(*test3.TestAllTypes)-256         	 1000000	      2923 ns/op
PASS

shortname: gonum_mat-CholeskyFactorize%2Fn%3D10
toolchain: Baseline
goos: linux
goarch: arm64
pkg: gonum.org/v1/gonum/mat
BenchmarkCholeskyFactorize/n=10-256         	  434730	      2742 ns/op
PASS

shortname: hugo_hugolib-CreateShortcodePlaceholders
toolchain: Baseline
goos: linux
goarch: arm64
pkg: github.com/gohugoio/hugo/hugolib
BenchmarkCreateShortcodePlaceholders-256     	23351382	        52.33 ns/op
PASS

shortname: gproto_json-Int
toolchain: Baseline
goos: linux
goarch: arm64
pkg: google.golang.org/protobuf/internal/encoding/json
BenchmarkInt-256     	 5139177	       232.5 ns/op
PASS

shortname: ethereum_whisper-DecryptionSymInvalid
toolchain: Baseline
goos: linux
goarch: arm64
pkg: github.com/ethereum/go-ethereum/whisper/whisperv6
BenchmarkDecryptionSymInvalid-256     	 6109243	       196.9 ns/op
PASS

shortname: rcrowley_metrics-Timer
toolchain: Baseline
goos: linux
goarch: arm64
pkg: github.com/rcrowley/go-metrics
BenchmarkTimer-256     	 4010122	       298.4 ns/op
PASS

shortname: gonum_community-NewUndirectedLayers%2FgraphSize%3D1000%2CnumGraphs%3D10
toolchain: Baseline
goos: linux
goarch: arm64
pkg: gonum.org/v1/gonum/graph/community
BenchmarkNewUndirectedLayers/graphSize=1000,numGraphs=10-256         	     945	   1279202 ns/op
PASS

shortname: workiva_rangetree_skiplist-MultiDimensionInsertAtZeroDimension
toolchain: Baseline
goos: linux
goarch: arm64
pkg: github.com/Workiva/go-datastructures/rangetree/skiplist
BenchmarkMultiDimensionInsertAtZeroDimension-256     	   10000	   2676697 ns/op
PASS

shortname: minio-DecodeBucketStats
toolchain: Baseline
goos: linux
goarch: arm64
pkg: github.com/minio/minio/cmd
BenchmarkDecodeBucketStats-256     	 1619532	       742.6 ns/op	 612.75 MB/s	       0 B/op	       0 allocs/op
PASS

shortname: gproto_proto-Decode%2Frequired_group_set_%28%2Arequired_opaque.Group%29
toolchain: Baseline
goos: linux
goarch: arm64
pkg: google.golang.org/protobuf/proto
BenchmarkDecode/required_group_set_(*required_opaque.Group)-256         	12979635	       104.8 ns/op
PASS

shortname: gonum_mat-CholeskyInverseTo%2Fn%3D100
toolchain: Baseline
goos: linux
goarch: arm64
pkg: gonum.org/v1/gonum/mat
BenchmarkCholeskyInverseTo/n=100-256         	    5473	    218758 ns/op
PASS

shortname: workiva_avl-ImmutableInsert
toolchain: Baseline
goos: linux
goarch: arm64
pkg: github.com/Workiva/go-datastructures/tree/avl
BenchmarkImmutableInsert-256     	 1274492	       964.6 ns/op
PASS

shortname: gproto_micro-Extension%2FGet%2FSet
toolchain: Baseline
goos: linux
goarch: arm64
pkg: google.golang.org/protobuf/internal/benchmarks/micro
BenchmarkExtension/Get/Set-256         	 7518572	       164.5 ns/op
PASS

shortname: kanzi-Huffman
toolchain: Baseline
goos: linux
goarch: arm64
pkg: github.com/flanglet/kanzi-go/v2/benchmark
BenchmarkHuffman-256     	     640	   1866851 ns/op
PASS

shortname: gonum_mat-TriMulDiag%2FBenchmarkTriMulDiag100
toolchain: Baseline
goos: linux
goarch: arm64
pkg: gonum.org/v1/gonum/mat
BenchmarkTriMulDiag/BenchmarkTriMulDiag100-256         	   29449	     40824 ns/op
PASS

shortname: uber_tally-TimerReport
toolchain: Baseline
goos: linux
goarch: arm64
pkg: github.com/uber-go/tally/v4
BenchmarkTimerReport-256     	18511538	        64.49 ns/op
PASS

shortname: workiva_triey-Iterator
toolchain: Baseline
goos: linux
goarch: arm64
pkg: github.com/Workiva/go-datastructures/trie/yfast
BenchmarkIterator-256     	  444866	      2708 ns/op
PASS

shortname: cespare_xxhash-DigestBytes%2F100B
toolchain: Baseline
goos: linux
goarch: arm64
pkg: github.com/cespare/xxhash/v2
BenchmarkDigestBytes/100B-256         	47630236	        25.34 ns/op	3946.36 MB/s
PASS

shortname: gonum_mat-Pool100by100Uncleared
toolchain: Baseline
goos: linux
goarch: arm64
pkg: gonum.org/v1/gonum/mat
BenchmarkPool100by100Uncleared-256     	63594453	        18.78 ns/op
PASS

shortname: gonum_community-NewDirectedLayers%2FgraphSize%3D1000%2CnumGraphs%3D1
toolchain: Baseline
goos: linux
goarch: arm64
pkg: gonum.org/v1/gonum/graph/community
BenchmarkNewDirectedLayers/graphSize=1000,numGraphs=1-256         	   10000	    106181 ns/op
PASS

shortname: gproto_proto-Decode%2Ffield_type_mismatch_%28%2Atest3.TestAllTypes%29
toolchain: Baseline
goos: linux
goarch: arm64
pkg: google.golang.org/protobuf/proto
BenchmarkDecode/field_type_mismatch_(*test3.TestAllTypes)-256         	 1000000	      1193 ns/op
PASS

shortname: gonum_topo-SortStabilizedPath_100000
toolchain: Baseline
goos: linux
goarch: arm64
pkg: gonum.org/v1/gonum/graph/topo
BenchmarkSortStabilizedPath_100000-256     	       9	 124204578 ns/op
PASS

shortname: thriftrw_gen-RoundTrip%2FPrimitiveOptionalStruct%2FStreaming_Decode
toolchain: Baseline
goos: linux
goarch: arm64
pkg: go.uber.org/thriftrw/gen
BenchmarkRoundTrip/PrimitiveOptionalStruct/Streaming_Decode-256         	 1311853	       910.6 ns/op
PASS

shortname: kanzi-ANS0
toolchain: Baseline
goos: linux
goarch: arm64
pkg: github.com/flanglet/kanzi-go/v2/benchmark
BenchmarkANS0-256     	     708	   1685143 ns/op
PASS

shortname: gproto_proto-Decode%2Fbasic_scalar_types_%28%2Atest.TestAllTypes%29
toolchain: Baseline
goos: linux
goarch: arm64
pkg: google.golang.org/protobuf/proto
BenchmarkDecode/basic_scalar_types_(*test.TestAllTypes)-256         	 1000000	      2424 ns/op
PASS

shortname: dustin_humanize-BigCommas
toolchain: Baseline
goos: linux
goarch: arm64
pkg: github.com/dustin/go-humanize
BenchmarkBigCommas-256     	 2371478	       502.7 ns/op
PASS

shortname: ericlagergren_decimal-Pi%2Ffoo%3Dcockroachdb%2Fapd%2Fprec%3D100
toolchain: Baseline
goos: linux
goarch: arm64
pkg: github.com/ericlagergren/decimal_benchmarks
BenchmarkPi/foo=cockroachdb/apd/prec=100-256         	     235	   5093494 ns/op
PASS

shortname: gproto_json-Bool
toolchain: Baseline
goos: linux
goarch: arm64
pkg: google.golang.org/protobuf/internal/encoding/json
BenchmarkBool-256     	29613944	        40.47 ns/op
PASS

shortname: dustin_broadcast-DirectSend
toolchain: Baseline
goos: linux
goarch: arm64
pkg: github.com/dustin/go-broadcast
BenchmarkDirectSend-256     	 2810490	       427.0 ns/op
PASS

shortname: minio-DecodeBatchJobKeyRotateV1
toolchain: Baseline
goos: linux
goarch: arm64
pkg: github.com/minio/minio/cmd
BenchmarkDecodeBatchJobKeyRotateV1-256     	 3061420	       393.9 ns/op	 583.93 MB/s	       0 B/op	       0 allocs/op
PASS

shortname: semver-CheckVersionRange
toolchain: Baseline
goos: linux
goarch: arm64
pkg: github.com/Masterminds/semver/v3
BenchmarkCheckVersionRange-256     	30611439	        39.84 ns/op	       0 B/op	       0 allocs/op
PASS

shortname: thriftrw_gen-RoundTrip%2FContainersOfContainers%2FDecode
toolchain: Baseline
goos: linux
goarch: arm64
pkg: go.uber.org/thriftrw/gen
BenchmarkRoundTrip/ContainersOfContainers/Decode-256  	   28017	     42865 ns/op
PASS

shortname: ericlagergren_decimal-Pi%2Ffoo%3Dgo-inf%2Fprec%3D100
toolchain: Baseline
goos: linux
goarch: arm64
pkg: github.com/ericlagergren/decimal_benchmarks
BenchmarkPi/foo=go-inf/prec=100-256         	   10000	    112871 ns/op
PASS

shortname: minio-UnmarshalBucketStats
toolchain: Baseline
goos: linux
goarch: arm64
pkg: github.com/minio/minio/cmd
BenchmarkUnmarshalBucketStats-256     	 3173520	       378.9 ns/op	1200.85 MB/s	       0 B/op	       0 allocs/op
PASS

shortname: ericlagergren_decimal-Pi%2Ffoo%3Dapmckinlay%2Fprec%3D19
toolchain: Baseline
goos: linux
goarch: arm64
pkg: github.com/ericlagergren/decimal_benchmarks
BenchmarkPi/foo=apmckinlay/prec=19-256 	  477744	      2489 ns/op
PASS

shortname: ethereum_ecies-GenSharedKeyP256
toolchain: Baseline
goos: linux
goarch: arm64
pkg: github.com/ethereum/go-ethereum/crypto/ecies
BenchmarkGenSharedKeyP256-256     	   20492	     58696 ns/op
PASS

shortname: thriftrw_gen-RoundTrip%2FContainersOfContainers%2FEncode
toolchain: Baseline
goos: linux
goarch: arm64
pkg: go.uber.org/thriftrw/gen
BenchmarkRoundTrip/ContainersOfContainers/Encode-256  	   62132	     19264 ns/op
PASS

shortname: nelsam_gxui_interval-General
toolchain: Baseline
goos: linux
goarch: arm64
pkg: git.sr.ht/~nelsam/gxui/interval
BenchmarkGeneral-256     	 4600846	       256.2 ns/op
PASS

shortname: shopify_sarama-ZstdMemoryConsumption%2Fno_drain
toolchain: Baseline
goos: linux
goarch: arm64
pkg: github.com/IBM/sarama
BenchmarkZstdMemoryConsumption/no_drain-256         	    2788	    424181 ns/op	   10769 B/op	       4 allocs/op
PASS

shortname: hugo_helpers-RelURL
toolchain: Baseline
goos: linux
goarch: arm64
pkg: github.com/gohugoio/hugo/helpers
BenchmarkRelURL-256     	 3494972	       357.2 ns/op
PASS

shortname: kanzi-BWTSmallBlock
toolchain: Baseline
goos: linux
goarch: arm64
pkg: github.com/flanglet/kanzi-go/v2/benchmark
BenchmarkBWTSmallBlock-256     	      28	  40800849 ns/op
PASS

shortname: shopify_sarama-_getMetricNameForTopic
toolchain: Baseline
goos: linux
goarch: arm64
pkg: github.com/IBM/sarama
Benchmark_getMetricNameForTopic-256     	13252082	        91.30 ns/op	      16 B/op	       1 allocs/op
PASS

shortname: dustin_humanize-Commaf
toolchain: Baseline
goos: linux
goarch: arm64
pkg: github.com/dustin/go-humanize
BenchmarkCommaf-256     	 4076331	       294.2 ns/op
PASS

shortname: dustin_humanize-ParseBytes
toolchain: Baseline
goos: linux
goarch: arm64
pkg: github.com/dustin/go-humanize
BenchmarkParseBytes-256     	10729821	       112.2 ns/op
PASS

shortname: dustin_humanize-ParseSI
toolchain: Baseline
goos: linux
goarch: arm64
pkg: github.com/dustin/go-humanize
BenchmarkParseSI-256     	 2660088	       453.0 ns/op
PASS

shortname: ethereum_ethash-DifficultyCalculator%2Fu256-homestead
toolchain: Baseline
goos: linux
goarch: arm64
pkg: github.com/ethereum/go-ethereum/consensus/ethash
BenchmarkDifficultyCalculator/u256-homestead-256         	13502836	        85.20 ns/op	      64 B/op	       2 allocs/op
PASS

shortname: minio-EncodedataUsageCacheInfo
toolchain: Baseline
goos: linux
goarch: arm64
pkg: github.com/minio/minio/cmd
BenchmarkEncodedataUsageCacheInfo-256     	21421693	        56.30 ns/op	1012.37 MB/s	       0 B/op	       0 allocs/op
PASS

shortname: hugo_helpers-AbsURL%2Fabsurl
toolchain: Baseline
goos: linux
goarch: arm64
pkg: github.com/gohugoio/hugo/helpers
BenchmarkAbsURL/absurl-256         	267366429	         4.489 ns/op
PASS

shortname: wazero-Compilation%2Fwithout_extern_cache
toolchain: Baseline
goos: linux
goarch: arm64
pkg: github.com/tetratelabs/wazero/internal/integration_test/bench
BenchmarkCompilation/without_extern_cache-256         	      93	  12690630 ns/op
PASS

shortname: workiva_bitarray-CompressedIntersects
toolchain: Baseline
goos: linux
goarch: arm64
pkg: github.com/Workiva/go-datastructures/bitarray
BenchmarkCompressedIntersects-256     	22745520	        60.00 ns/op
PASS

shortname: uuid-UUID_MarshalJSON
toolchain: Baseline
goos: linux
goarch: arm64
pkg: github.com/google/uuid
BenchmarkUUID_MarshalJSON-256     	 3355324	       355.2 ns/op
PASS

shortname: gproto_proto-EqualWithDeeplyNestedIdenticalPtr
toolchain: Baseline
goos: linux
goarch: arm64
pkg: google.golang.org/protobuf/proto
BenchmarkEqualWithDeeplyNestedIdenticalPtr-256     	256571692	         4.667 ns/op	       0 B/op	       0 allocs/op
PASS

shortname: minio-AppendMsgBatchJobExpire
toolchain: Baseline
goos: linux
goarch: arm64
pkg: github.com/minio/minio/cmd
BenchmarkAppendMsgBatchJobExpire-256     	29274339	        40.70 ns/op	2309.41 MB/s	       0 B/op	       0 allocs/op
PASS

shortname: ethereum_whisper-DecryptionAsymInvalid
toolchain: Baseline
goos: linux
goarch: arm64
pkg: github.com/ethereum/go-ethereum/whisper/whisperv6
BenchmarkDecryptionAsymInvalid-256     	    9744	    106845 ns/op
PASS

shortname: capnproto2-Unmarshal_Reuse
toolchain: Baseline
goos: linux
goarch: arm64
pkg: zombiezen.com/go/capnproto2
BenchmarkUnmarshal_Reuse-256     	 2586276	       461.8 ns/op	       0 B/op	       0 allocs/op
PASS

shortname: semver-CoerceNewVersionSimple
toolchain: Baseline
goos: linux
goarch: arm64
pkg: github.com/Masterminds/semver/v3
BenchmarkCoerceNewVersionSimple-256     	 6113940	       197.6 ns/op	     128 B/op	       2 allocs/op
PASS

shortname: k8s_workqueue-DelayingQueue_AddAfter
toolchain: Baseline
goos: linux
goarch: arm64
pkg: k8s.io/client-go/util/workqueue
BenchmarkDelayingQueue_AddAfter-256     	  664041	      2949 ns/op
PASS

shortname: uber_zap-JSONLogMarshalerFunc
toolchain: Baseline
goos: linux
goarch: arm64
pkg: go.uber.org/zap/zapcore
BenchmarkJSONLogMarshalerFunc-256     	  770535	      1607 ns/op
PASS

shortname: minio-UnmarshalBatchJobKeyRotateV1
toolchain: Baseline
goos: linux
goarch: arm64
pkg: github.com/minio/minio/cmd
BenchmarkUnmarshalBatchJobKeyRotateV1-256     	 5352369	       223.6 ns/op	1028.81 MB/s	       0 B/op	       0 allocs/op
PASS

shortname: workiva_rangetree-Apply
toolchain: Baseline
goos: linux
goarch: arm64
pkg: github.com/Workiva/go-datastructures/rangetree
BenchmarkApply-256     	   87231	     13678 ns/op
PASS

shortname: gproto_micro-EmptyMessage%2FWire%2FMarshal
toolchain: Baseline
goos: linux
goarch: arm64
pkg: google.golang.org/protobuf/internal/benchmarks/micro
BenchmarkEmptyMessage/Wire/Marshal-256         	1000000000	         0.3967 ns/op
PASS

shortname: benhoyt_goawk-NativeFunc
toolchain: Baseline
goos: linux
goarch: arm64
pkg: github.com/benhoyt/goawk/interp
BenchmarkNativeFunc-256     	  163468	      7473 ns/op
PASS

shortname: semver-ValidateVersionRangeFail
toolchain: Baseline
goos: linux
goarch: arm64
pkg: github.com/Masterminds/semver/v3
BenchmarkValidateVersionRangeFail-256     	 1948279	       628.6 ns/op	     190 B/op	       7 allocs/op
PASS

shortname: workiva_set-Clear
toolchain: Baseline
goos: linux
goarch: arm64
pkg: github.com/Workiva/go-datastructures/set
BenchmarkClear-256     	14155820	        85.01 ns/op
PASS

shortname: gonum_traverse-WalkAllDepthFirstGnp_100_half
toolchain: Baseline
goos: linux
goarch: arm64
pkg: gonum.org/v1/gonum/graph/traverse
BenchmarkWalkAllDepthFirstGnp_100_half-256     	    3012	    399189 ns/op
PASS

shortname: dustin_broadcast-ParallelBrodcast
toolchain: Baseline
goos: linux
goarch: arm64
pkg: github.com/dustin/go-broadcast
BenchmarkParallelBrodcast-256     	 1758283	       694.6 ns/op
PASS

shortname: k8s_cache-EachListItemWithAlloc%2FPodList
toolchain: Baseline
goos: linux
goarch: arm64
pkg: k8s.io/client-go/tools/cache
BenchmarkEachListItemWithAlloc/PodList-256         	   18218	     66831 ns/op
PASS

shortname: capnproto2-Growth_MultiSegment
toolchain: Baseline
goos: linux
goarch: arm64
pkg: zombiezen.com/go/capnproto2
BenchmarkGrowth_MultiSegment-256     	      85	  14079046 ns/op	  74.48 MB/s	 1648759 B/op	      21 allocs/op
PASS

shortname: gonum_lapack_native-Dgeev%2FCirculant5
toolchain: Baseline
goos: linux
goarch: arm64
pkg: gonum.org/v1/gonum/lapack/gonum
BenchmarkDgeev/Circulant5-256         	  131547	      9111 ns/op
PASS

shortname: workiva_augmentedtree-AddItems
toolchain: Baseline
goos: linux
goarch: arm64
pkg: github.com/Workiva/go-datastructures/augmentedtree
BenchmarkAddItems-256     	    6645	    200105 ns/op
PASS

shortname: benhoyt_goawk-BuiltinGsubAmpersand
toolchain: Baseline
goos: linux
goarch: arm64
pkg: github.com/benhoyt/goawk/interp
BenchmarkBuiltinGsubAmpersand-256     	   69631	     17585 ns/op
PASS

shortname: commonmark_markdown-RenderSpecNoHTML
toolchain: Baseline
goos: linux
goarch: arm64
pkg: gitlab.com/golang-commonmark/markdown
BenchmarkRenderSpecNoHTML-256     	     243	   4906929 ns/op
PASS

shortname: benhoyt_goawk-RepeatNew
toolchain: Baseline
goos: linux
goarch: arm64
pkg: github.com/benhoyt/goawk/interp
BenchmarkRepeatNew-256     	11932478	       101.0 ns/op
PASS

shortname: workiva_set-Exists
toolchain: Baseline
goos: linux
goarch: arm64
pkg: github.com/Workiva/go-datastructures/set
BenchmarkExists-256     	30574525	        39.18 ns/op
PASS

shortname: uuid-New
toolchain: Baseline
goos: linux
goarch: arm64
pkg: github.com/google/uuid
BenchmarkNew-256     	 3227486	       372.8 ns/op
PASS

shortname: wazero-Compilation%2Fwithout_extern_cache
toolchain: Baseline
goos: linux
goarch: arm64
pkg: github.com/tetratelabs/wazero/internal/integration_test/bench
BenchmarkCompilation/without_extern_cache-256         	      97	  12722534 ns/op
PASS

shortname: workiva_set-Clear
toolchain: Baseline
goos: linux
goarch: arm64
pkg: github.com/Workiva/go-datastructures/set
BenchmarkClear-256     	14101958	        85.81 ns/op
PASS

shortname: gonum_mat-UnmarshalVecDense10
toolchain: Baseline
goos: linux
goarch: arm64
pkg: gonum.org/v1/gonum/mat
BenchmarkUnmarshalVecDense10-256     	 3250608	       370.6 ns/op
PASS

shortname: gonum_traverse-WalkAllDepthFirstGnp_100_half
toolchain: Baseline
goos: linux
goarch: arm64
pkg: gonum.org/v1/gonum/graph/traverse
BenchmarkWalkAllDepthFirstGnp_100_half-256     	    3057	    393518 ns/op
PASS

shortname: ethereum_ethash-DifficultyCalculator%2Fu256-homestead
toolchain: Baseline
goos: linux
goarch: arm64
pkg: github.com/ethereum/go-ethereum/consensus/ethash
BenchmarkDifficultyCalculator/u256-homestead-256         	14387091	        85.80 ns/op	      64 B/op	       2 allocs/op
PASS

shortname: k8s_cache-EachListItemWithAlloc%2FPodList
toolchain: Baseline
goos: linux
goarch: arm64
pkg: k8s.io/client-go/tools/cache
BenchmarkEachListItemWithAlloc/PodList-256         	   18087	     66329 ns/op
PASS

shortname: gonum_lapack_native-Dlantb%2FFrobeniusLowerNonUnitN%3D10000K%3D2
toolchain: Baseline
goos: linux
goarch: arm64
pkg: gonum.org/v1/gonum/lapack/gonum
BenchmarkDlantb/FrobeniusLowerNonUnitN=10000K=2-256         	   10000	    103652 ns/op
PASS

shortname: hugo_helpers-AbsURL%2Fabsurl
toolchain: Baseline
goos: linux
goarch: arm64
pkg: github.com/gohugoio/hugo/helpers
BenchmarkAbsURL/absurl-256         	267347029	         4.489 ns/op
PASS

shortname: gonum_mat-MarshalToVecDense10
toolchain: Baseline
goos: linux
goarch: arm64
pkg: gonum.org/v1/gonum/mat
BenchmarkMarshalToVecDense10-256     	 2412745	       495.6 ns/op
PASS

shortname: gonum_lapack_native-Dgeev%2FCirculant5
toolchain: Baseline
goos: linux
goarch: arm64
pkg: gonum.org/v1/gonum/lapack/gonum
BenchmarkDgeev/Circulant5-256         	  121188	      9420 ns/op
PASS

shortname: minio-UnmarshalReplicationMRFStats
toolchain: Baseline
goos: linux
goarch: arm64
pkg: github.com/minio/minio/cmd
BenchmarkUnmarshalReplicationMRFStats-256     	46921132	        25.58 ns/op	2189.17 MB/s	       0 B/op	       0 allocs/op
PASS

shortname: benhoyt_goawk-RecursiveFunc
toolchain: Baseline
goos: linux
goarch: arm64
pkg: github.com/benhoyt/goawk/interp
BenchmarkRecursiveFunc-256     	  117912	     10645 ns/op
PASS

shortname: gonum_mat-CholeskyFactorize%2Fn%3D10
toolchain: Baseline
goos: linux
goarch: arm64
pkg: gonum.org/v1/gonum/mat
BenchmarkCholeskyFactorize/n=10-256         	  433651	      2753 ns/op
PASS

shortname: nelsam_gxui_interval-General
toolchain: Baseline
goos: linux
goarch: arm64
pkg: git.sr.ht/~nelsam/gxui/interval
BenchmarkGeneral-256     	 4424611	       287.4 ns/op
PASS

shortname: ericlagergren_decimal-Pi%2Ffoo%3Dcockroachdb%2Fapd%2Fprec%3D100
toolchain: Baseline
goos: linux
goarch: arm64
pkg: github.com/ericlagergren/decimal_benchmarks
BenchmarkPi/foo=cockroachdb/apd/prec=100-256         	     237	   5074389 ns/op
PASS

shortname: workiva_rangetree_skiplist-MultiDimensionInsertAtZeroDimension
toolchain: Baseline
goos: linux
goarch: arm64
pkg: github.com/Workiva/go-datastructures/rangetree/skiplist
BenchmarkMultiDimensionInsertAtZeroDimension-256     	   10000	   2705581 ns/op
PASS

shortname: gonum_community-NewDirectedLayers%2FgraphSize%3D10%2CnumGraphs%3D1
toolchain: Baseline
goos: linux
goarch: arm64
pkg: gonum.org/v1/gonum/graph/community
BenchmarkNewDirectedLayers/graphSize=10,numGraphs=1-256         	 1000000	      1206 ns/op
PASS

shortname: gonum_mat-Pool100by100Uncleared
toolchain: Baseline
goos: linux
goarch: arm64
pkg: gonum.org/v1/gonum/mat
BenchmarkPool100by100Uncleared-256     	63791002	        18.86 ns/op
PASS

shortname: gproto_proto-EqualWithDeeplyNestedIdenticalPtr
toolchain: Baseline
goos: linux
goarch: arm64
pkg: google.golang.org/protobuf/proto
BenchmarkEqualWithDeeplyNestedIdenticalPtr-256     	257395608	         4.664 ns/op	       0 B/op	       0 allocs/op
PASS

shortname: capnproto2-Unmarshal_Reuse
toolchain: Baseline
goos: linux
goarch: arm64
pkg: zombiezen.com/go/capnproto2
BenchmarkUnmarshal_Reuse-256     	 2586802	       462.1 ns/op	       0 B/op	       0 allocs/op
PASS

shortname: ethereum_whisper-DecryptionSymInvalid
toolchain: Baseline
goos: linux
goarch: arm64
pkg: github.com/ethereum/go-ethereum/whisper/whisperv6
BenchmarkDecryptionSymInvalid-256     	 6419540	       192.7 ns/op
PASS

shortname: workiva_set-Exists
toolchain: Baseline
goos: linux
goarch: arm64
pkg: github.com/Workiva/go-datastructures/set
BenchmarkExists-256     	30110240	        39.70 ns/op
PASS

shortname: ericlagergren_decimal-Pi%2Ffoo%3Dgo-inf%2Fprec%3D100
toolchain: Baseline
goos: linux
goarch: arm64
pkg: github.com/ericlagergren/decimal_benchmarks
BenchmarkPi/foo=go-inf/prec=100-256         	   10000	    110338 ns/op
PASS

shortname: semver-ValidateVersionRangeFail
toolchain: Baseline
goos: linux
goarch: arm64
pkg: github.com/Masterminds/semver/v3
BenchmarkValidateVersionRangeFail-256     	 1938537	       626.0 ns/op	     190 B/op	       7 allocs/op
PASS

shortname: benhoyt_goawk-BuiltinGsubAmpersand
toolchain: Baseline
goos: linux
goarch: arm64
pkg: github.com/benhoyt/goawk/interp
BenchmarkBuiltinGsubAmpersand-256     	   68032	     17903 ns/op
PASS

shortname: minio-UnmarshalBucketStats
toolchain: Baseline
goos: linux
goarch: arm64
pkg: github.com/minio/minio/cmd
BenchmarkUnmarshalBucketStats-256     	 3175819	       373.3 ns/op	1218.88 MB/s	       0 B/op	       0 allocs/op
PASS

shortname: semver-CheckVersionRange
toolchain: Baseline
goos: linux
goarch: arm64
pkg: github.com/Masterminds/semver/v3
BenchmarkCheckVersionRange-256     	31069770	        38.00 ns/op	       0 B/op	       0 allocs/op
PASS

shortname: gproto_proto-Decode%2Fjust_at_recursion_limit_%28%2Atest3.TestAllTypes%29
toolchain: Baseline
goos: linux
goarch: arm64
pkg: google.golang.org/protobuf/proto
BenchmarkDecode/just_at_recursion_limit_(*test3.TestAllTypes)-256         	  904251	      2826 ns/op
PASS

shortname: gonum_community-NewUndirectedLayers%2FgraphSize%3D1000%2CnumGraphs%3D10
toolchain: Baseline
goos: linux
goarch: arm64
pkg: gonum.org/v1/gonum/graph/community
BenchmarkNewUndirectedLayers/graphSize=1000,numGraphs=10-256         	     940	   1275225 ns/op
PASS

shortname: dustin_humanize-ParseBytes
toolchain: Baseline
goos: linux
goarch: arm64
pkg: github.com/dustin/go-humanize
BenchmarkParseBytes-256     	10759384	       112.0 ns/op
PASS

shortname: gproto_json-Int
toolchain: Baseline
goos: linux
goarch: arm64
pkg: google.golang.org/protobuf/internal/encoding/json
BenchmarkInt-256     	 5123437	       232.4 ns/op
PASS

shortname: workiva_queue-PriorityQueue
toolchain: Baseline
goos: linux
goarch: arm64
pkg: github.com/Workiva/go-datastructures/queue
BenchmarkPriorityQueue-256     	 1891141	       722.6 ns/op
PASS

shortname: gonum_mat-TriMulDiag%2FBenchmarkTriMulDiag100
toolchain: Baseline
goos: linux
goarch: arm64
pkg: gonum.org/v1/gonum/mat
BenchmarkTriMulDiag/BenchmarkTriMulDiag100-256         	   29428	     40731 ns/op
PASS

shortname: thriftrw_gen-RoundTrip%2FContainersOfContainers%2FDecode
toolchain: Baseline
goos: linux
goarch: arm64
pkg: go.uber.org/thriftrw/gen
BenchmarkRoundTrip/ContainersOfContainers/Decode-256  	   27577	     43378 ns/op
PASS

shortname: gonum_mat-AddScaledVec10Inc1
toolchain: Baseline
goos: linux
goarch: arm64
pkg: gonum.org/v1/gonum/mat
BenchmarkAddScaledVec10Inc1-256     	 5228570	       236.6 ns/op
PASS

shortname: rcrowley_metrics-Timer
toolchain: Baseline
goos: linux
goarch: arm64
pkg: github.com/rcrowley/go-metrics
BenchmarkTimer-256     	 4003382	       302.1 ns/op
PASS

shortname: benhoyt_goawk-RepeatNew
toolchain: Baseline
goos: linux
goarch: arm64
pkg: github.com/benhoyt/goawk/interp
BenchmarkRepeatNew-256     	11827536	        99.35 ns/op
PASS

shortname: hugo_helpers-RelURL
toolchain: Baseline
goos: linux
goarch: arm64
pkg: github.com/gohugoio/hugo/helpers
BenchmarkRelURL-256     	 3529028	       355.2 ns/op
PASS

shortname: thriftrw_gen-RoundTrip%2FContainersOfContainers%2FEncode
toolchain: Baseline
goos: linux
goarch: arm64
pkg: go.uber.org/thriftrw/gen
BenchmarkRoundTrip/ContainersOfContainers/Encode-256  	   62163	     19151 ns/op
PASS

shortname: capnproto2-Growth_MultiSegment
toolchain: Baseline
goos: linux
goarch: arm64
pkg: zombiezen.com/go/capnproto2
BenchmarkGrowth_MultiSegment-256     	      86	  14073436 ns/op	  74.51 MB/s	 1648895 B/op	      21 allocs/op
PASS

shortname: uuid-New
toolchain: Baseline
goos: linux
goarch: arm64
pkg: github.com/google/uuid
BenchmarkNew-256     	 3206932	       374.0 ns/op
PASS

shortname: gonum_mat-CholeskyInverseTo%2Fn%3D100
toolchain: Baseline
goos: linux
goarch: arm64
pkg: gonum.org/v1/gonum/mat
BenchmarkCholeskyInverseTo/n=100-256         	    5468	    218554 ns/op
PASS

shortname: workiva_btree_palm-BulkGet
toolchain: Baseline
goos: linux
goarch: arm64
pkg: github.com/Workiva/go-datastructures/btree/palm
BenchmarkBulkGet-256     	   10000	    724617 ns/op
PASS

shortname: kanzi-BWTSmallBlock
toolchain: Baseline
goos: linux
goarch: arm64
pkg: github.com/flanglet/kanzi-go/v2/benchmark
BenchmarkBWTSmallBlock-256     	      27	  42540423 ns/op
PASS

shortname: shopify_sarama-ZstdMemoryConsumption%2Fno_drain
toolchain: Baseline
goos: linux
goarch: arm64
pkg: github.com/IBM/sarama
BenchmarkZstdMemoryConsumption/no_drain-256         	    2558	    455101 ns/op	   11459 B/op	       4 allocs/op
PASS

shortname: uber_zap-JSONLogMarshalerFunc
toolchain: Baseline
goos: linux
goarch: arm64
pkg: go.uber.org/zap/zapcore
BenchmarkJSONLogMarshalerFunc-256     	  802263	      1602 ns/op
PASS

shortname: ericlagergren_decimal-Mandelbrot_decimal_GDA_9
toolchain: Baseline
goos: linux
goarch: arm64
pkg: github.com/ericlagergren/decimal_benchmarks
BenchmarkMandelbrot_decimal_GDA_9-256     	       1	1878383420 ns/op
PASS

shortname: gproto_json-Bool
toolchain: Baseline
goos: linux
goarch: arm64
pkg: google.golang.org/protobuf/internal/encoding/json
BenchmarkBool-256     	29651996	        40.48 ns/op
PASS

shortname: bloom_bits-BitSetExtractDeposit%2Fsize%3D64%2Ffn%3DDepositTo
toolchain: Baseline
goos: linux
goarch: arm64
pkg: github.com/bits-and-blooms/bitset
BenchmarkBitSetExtractDeposit/size=64/fn=DepositTo-256         	69862934	        17.02 ns/op	       0 B/op	       0 allocs/op
PASS

shortname: gproto_proto-Decode%2Ffield_type_mismatch_%28%2Atest3.TestAllTypes%29
toolchain: Baseline
goos: linux
goarch: arm64
pkg: google.golang.org/protobuf/proto
BenchmarkDecode/field_type_mismatch_(*test3.TestAllTypes)-256         	 1000000	      1248 ns/op
PASS

shortname: gproto_reflect-Value%2FInterface
toolchain: Baseline
goos: linux
goarch: arm64
pkg: google.golang.org/protobuf/reflect/protoreflect
BenchmarkValue/Interface-256         	57831213	        21.11 ns/op	      16 B/op	       1 allocs/op
PASS

shortname: workiva_hilbert-BulkUpdatePoints
toolchain: Baseline
goos: linux
goarch: arm64
pkg: github.com/Workiva/go-datastructures/rtree/hilbert
BenchmarkBulkUpdatePoints-256     	    2850	    440549 ns/op
PASS

shortname: dustin_broadcast-ParallelBrodcast
toolchain: Baseline
goos: linux
goarch: arm64
pkg: github.com/dustin/go-broadcast
BenchmarkParallelBrodcast-256     	 1794518	       682.4 ns/op
PASS

shortname: minio-MarshalMsgBatchJobReplicateFlags
toolchain: Baseline
goos: linux
goarch: arm64
pkg: github.com/minio/minio/cmd
BenchmarkMarshalMsgBatchJobReplicateFlags-256     	 9921502	       121.9 ns/op	     208 B/op	       1 allocs/op
PASS

shortname: workiva_triey-Iterator
toolchain: Baseline
goos: linux
goarch: arm64
pkg: github.com/Workiva/go-datastructures/trie/yfast
BenchmarkIterator-256     	  444753	      2701 ns/op
PASS

shortname: rcrowley_metrics-Histogram
toolchain: Baseline
goos: linux
goarch: arm64
pkg: github.com/rcrowley/go-metrics
BenchmarkHistogram-256     	29786859	        39.48 ns/op
PASS

shortname: minio-EncodedataUsageCacheInfo
toolchain: Baseline
goos: linux
goarch: arm64
pkg: github.com/minio/minio/cmd
BenchmarkEncodedataUsageCacheInfo-256     	21414880	        56.18 ns/op	1014.69 MB/s	       0 B/op	       0 allocs/op
PASS

shortname: commonmark_markdown-RenderSpecNoHTML
toolchain: Baseline
goos: linux
goarch: arm64
pkg: gitlab.com/golang-commonmark/markdown
BenchmarkRenderSpecNoHTML-256     	     243	   4963870 ns/op
PASS

shortname: gonum_topo-SortStabilizedPath_100000
toolchain: Baseline
goos: linux
goarch: arm64
pkg: gonum.org/v1/gonum/graph/topo
BenchmarkSortStabilizedPath_100000-256     	       9	 125313937 ns/op
PASS

shortname: thriftrw_gen-RoundTrip%2FPrimitiveOptionalStruct%2FStreaming_Decode
toolchain: Baseline
goos: linux
goarch: arm64
pkg: go.uber.org/thriftrw/gen
BenchmarkRoundTrip/PrimitiveOptionalStruct/Streaming_Decode-256         	 1312264	       914.3 ns/op
PASS

shortname: gproto_micro-EmptyMessage%2FWire%2FMarshal
toolchain: Baseline
goos: linux
goarch: arm64
pkg: google.golang.org/protobuf/internal/benchmarks/micro
BenchmarkEmptyMessage/Wire/Marshal-256         	1000000000	         0.3977 ns/op
PASS

shortname: uuid-UUID_UnmarshalJSON
toolchain: Baseline
goos: linux
goarch: arm64
pkg: github.com/google/uuid
BenchmarkUUID_UnmarshalJSON-256     	 3120578	       382.5 ns/op
PASS

shortname: ethereum_trie-DecodeShortNodeUnsafe
toolchain: Baseline
Seed: d7d66e72bb01b3ad
goos: linux
goarch: arm64
pkg: github.com/ethereum/go-ethereum/trie
BenchmarkDecodeShortNodeUnsafe-256     	 6996686	       170.5 ns/op	     109 B/op	       3 allocs/op
PASS

shortname: dustin_humanize-BigCommas
toolchain: Baseline
goos: linux
goarch: arm64
pkg: github.com/dustin/go-humanize
BenchmarkBigCommas-256     	 2345562	       513.2 ns/op
PASS

shortname: workiva_rangetree-ImmutableInsertSecondDimension
toolchain: Baseline
goos: linux
goarch: arm64
pkg: github.com/Workiva/go-datastructures/rangetree
BenchmarkImmutableInsertSecondDimension-256     	      38	  35913129 ns/op
PASS

shortname: gproto_proto-Decode%2Fbasic_scalar_types_%28%2Atest.TestAllTypes%29
toolchain: Baseline
goos: linux
goarch: arm64
pkg: google.golang.org/protobuf/proto
BenchmarkDecode/basic_scalar_types_(*test.TestAllTypes)-256         	 1000000	      2224 ns/op
PASS

shortname: shopify_sarama-_getMetricNameForTopic
toolchain: Baseline
goos: linux
goarch: arm64
pkg: github.com/IBM/sarama
Benchmark_getMetricNameForTopic-256     	13192826	        91.34 ns/op	      16 B/op	       1 allocs/op
PASS

shortname: kanzi-Huffman
toolchain: Baseline
goos: linux
goarch: arm64
pkg: github.com/flanglet/kanzi-go/v2/benchmark
BenchmarkHuffman-256     	     638	   1869196 ns/op
PASS

shortname: gproto_encoding-TextDecode
toolchain: Baseline
goos: linux
goarch: arm64
pkg: google.golang.org/protobuf/encoding
BenchmarkTextDecode-256     	      32	  36410793 ns/op
PASS

shortname: workiva_augmentedtree-AddItems
toolchain: Baseline
goos: linux
goarch: arm64
pkg: github.com/Workiva/go-datastructures/augmentedtree
BenchmarkAddItems-256     	    6747	    199377 ns/op
PASS

shortname: gproto_proto-EqualWithDeeplyNestedEqual
toolchain: Baseline
goos: linux
goarch: arm64
pkg: google.golang.org/protobuf/proto
BenchmarkEqualWithDeeplyNestedEqual-256     	   23269	     51641 ns/op	       0 B/op	       0 allocs/op
PASS

shortname: cespare_xxhash-DigestBytes%2F100B
toolchain: Baseline
goos: linux
goarch: arm64
pkg: github.com/cespare/xxhash/v2
BenchmarkDigestBytes/100B-256         	47434898	        25.34 ns/op	3945.70 MB/s
PASS

shortname: ethereum_whisper-DecryptionAsymInvalid
toolchain: Baseline
goos: linux
goarch: arm64
pkg: github.com/ethereum/go-ethereum/whisper/whisperv6
BenchmarkDecryptionAsymInvalid-256     	   11066	    106959 ns/op
PASS

shortname: hugo_hugolib-CreateShortcodePlaceholders
toolchain: Baseline
goos: linux
goarch: arm64
pkg: github.com/gohugoio/hugo/hugolib
BenchmarkCreateShortcodePlaceholders-256     	23009527	        52.44 ns/op
PASS

shortname: kanzi-CM
toolchain: Baseline
goos: linux
goarch: arm64
pkg: github.com/flanglet/kanzi-go/v2/benchmark
BenchmarkCM-256     	      24	  49846548 ns/op
PASS

shortname: gproto_proto-Decode%2Frequired_group_set_%28%2Arequired_opaque.Group%29
toolchain: Baseline
goos: linux
goarch: arm64
pkg: google.golang.org/protobuf/proto
BenchmarkDecode/required_group_set_(*required_opaque.Group)-256         	14642325	       105.8 ns/op
PASS

shortname: minio-AppendMsgBatchJobExpire
toolchain: Baseline
goos: linux
goarch: arm64
pkg: github.com/minio/minio/cmd
BenchmarkAppendMsgBatchJobExpire-256     	29331720	        40.76 ns/op	2306.46 MB/s	       0 B/op	       0 allocs/op
PASS

shortname: semver-CoerceNewVersionSimple
toolchain: Baseline
goos: linux
goarch: arm64
pkg: github.com/Masterminds/semver/v3
BenchmarkCoerceNewVersionSimple-256     	 5933127	       205.1 ns/op	     128 B/op	       2 allocs/op
PASS

shortname: benhoyt_goawk-SimpleBuiltins
toolchain: Baseline
goos: linux
goarch: arm64
pkg: github.com/benhoyt/goawk/interp
BenchmarkSimpleBuiltins-256     	 2341113	       534.3 ns/op
PASS

shortname: minio-UnmarshalBatchJobKeyRotateV1
toolchain: Baseline
goos: linux
goarch: arm64
pkg: github.com/minio/minio/cmd
BenchmarkUnmarshalBatchJobKeyRotateV1-256     	 5346630	       223.6 ns/op	1028.71 MB/s	       0 B/op	       0 allocs/op
PASS

shortname: minio-AppendMsgBucketStats
toolchain: Baseline
goos: linux
goarch: arm64
pkg: github.com/minio/minio/cmd
BenchmarkAppendMsgBucketStats-256     	 8624660	       138.0 ns/op	3296.06 MB/s	       0 B/op	       0 allocs/op
PASS

shortname: workiva_avl-ImmutableInsert
toolchain: Baseline
goos: linux
goarch: arm64
pkg: github.com/Workiva/go-datastructures/tree/avl
BenchmarkImmutableInsert-256     	 1284782	       945.2 ns/op
PASS

shortname: dustin_humanize-ParseSI
toolchain: Baseline
goos: linux
goarch: arm64
pkg: github.com/dustin/go-humanize
BenchmarkParseSI-256     	 2737928	       436.8 ns/op
PASS

shortname: k8s_workqueue-DelayingQueue_AddAfter
toolchain: Baseline
goos: linux
goarch: arm64
pkg: k8s.io/client-go/util/workqueue
BenchmarkDelayingQueue_AddAfter-256     	  600385	      3055 ns/op
PASS

shortname: dustin_humanize-Commaf
toolchain: Baseline
goos: linux
goarch: arm64
pkg: github.com/dustin/go-humanize
BenchmarkCommaf-256     	 4018881	       295.2 ns/op
PASS

shortname: gproto_proto-Decode%2Frequired_field_in_oneof_message_set_%28%2Atest.TestRequiredForeign%29
toolchain: Baseline
goos: linux
goarch: arm64
pkg: google.golang.org/protobuf/proto
BenchmarkDecode/required_field_in_oneof_message_set_(*test.TestRequiredForeign)-256         	 4895919	       364.8 ns/op
PASS

shortname: uuid-UUID_MarshalJSON
toolchain: Baseline
goos: linux
goarch: arm64
pkg: github.com/google/uuid
BenchmarkUUID_MarshalJSON-256     	 3388320	       359.9 ns/op
PASS

shortname: uber_tally-ScopeTaggedCachedSubscopes
toolchain: Baseline
goos: linux
goarch: arm64
pkg: github.com/uber-go/tally/v4
BenchmarkScopeTaggedCachedSubscopes-256     	 1266825	       940.3 ns/op
PASS

shortname: uber_tally-TimerReport
toolchain: Baseline
goos: linux
goarch: arm64
pkg: github.com/uber-go/tally/v4
BenchmarkTimerReport-256     	18792744	        64.05 ns/op
PASS

shortname: workiva_bitarray-CompressedIntersects
toolchain: Baseline
goos: linux
goarch: arm64
pkg: github.com/Workiva/go-datastructures/bitarray
BenchmarkCompressedIntersects-256     	22412604	        56.80 ns/op
PASS

shortname: minio-DecodeBucketStats
toolchain: Baseline
goos: linux
goarch: arm64
pkg: github.com/minio/minio/cmd
BenchmarkDecodeBucketStats-256     	 1621453	       743.1 ns/op	 612.28 MB/s	       0 B/op	       0 allocs/op
PASS

shortname: minio-DecodeBatchJobKeyRotateV1
toolchain: Baseline
goos: linux
goarch: arm64
pkg: github.com/minio/minio/cmd
BenchmarkDecodeBatchJobKeyRotateV1-256     	 3049184	       392.8 ns/op	 585.56 MB/s	       0 B/op	       0 allocs/op
PASS

shortname: gproto_micro-Extension%2FGet%2FSet
toolchain: Baseline
goos: linux
goarch: arm64
pkg: google.golang.org/protobuf/internal/benchmarks/micro
BenchmarkExtension/Get/Set-256         	 7419790	       160.3 ns/op
PASS

shortname: gonum_community-NewDirectedLayers%2FgraphSize%3D1000%2CnumGraphs%3D1
toolchain: Baseline
goos: linux
goarch: arm64
pkg: gonum.org/v1/gonum/graph/community
BenchmarkNewDirectedLayers/graphSize=1000,numGraphs=1-256         	   10000	    107160 ns/op
PASS

shortname: benhoyt_goawk-NativeFunc
toolchain: Baseline
goos: linux
goarch: arm64
pkg: github.com/benhoyt/goawk/interp
BenchmarkNativeFunc-256     	  164006	      7421 ns/op
PASS

shortname: dustin_broadcast-DirectSend
toolchain: Baseline
goos: linux
goarch: arm64
pkg: github.com/dustin/go-broadcast
BenchmarkDirectSend-256     	 2760312	       429.5 ns/op
PASS

shortname: kanzi-ANS0
toolchain: Baseline
goos: linux
goarch: arm64
pkg: github.com/flanglet/kanzi-go/v2/benchmark
BenchmarkANS0-256     	     711	   1685886 ns/op
PASS

shortname: ericlagergren_decimal-Pi%2Ffoo%3Dapmckinlay%2Fprec%3D19
toolchain: Baseline
goos: linux
goarch: arm64
pkg: github.com/ericlagergren/decimal_benchmarks
BenchmarkPi/foo=apmckinlay/prec=19-256 	  477466	      2490 ns/op
PASS

shortname: workiva_rangetree-Apply
toolchain: Baseline
goos: linux
goarch: arm64
pkg: github.com/Workiva/go-datastructures/rangetree
BenchmarkApply-256     	   85808	     13643 ns/op
PASS

shortname: ethereum_ecies-GenSharedKeyP256
toolchain: Baseline
goos: linux
goarch: arm64
pkg: github.com/ethereum/go-ethereum/crypto/ecies
BenchmarkGenSharedKeyP256-256     	   20509	     58653 ns/op
PASS

shortname: workiva_bitarray-CompressedIntersects
toolchain: Baseline
goos: linux
goarch: arm64
pkg: github.com/Workiva/go-datastructures/bitarray
BenchmarkCompressedIntersects-256     	21081624	        56.67 ns/op
PASS

shortname: hugo_helpers-AbsURL%2Fabsurl
toolchain: Baseline
goos: linux
goarch: arm64
pkg: github.com/gohugoio/hugo/helpers
BenchmarkAbsURL/absurl-256         	267287193	         4.490 ns/op
PASS

shortname: uuid-UUID_MarshalJSON
toolchain: Baseline
goos: linux
goarch: arm64
pkg: github.com/google/uuid
BenchmarkUUID_MarshalJSON-256     	 3404143	       352.8 ns/op
PASS

shortname: gproto_proto-EqualWithDeeplyNestedEqual
toolchain: Baseline
goos: linux
goarch: arm64
pkg: google.golang.org/protobuf/proto
BenchmarkEqualWithDeeplyNestedEqual-256     	   23578	     50919 ns/op	       0 B/op	       0 allocs/op
PASS

shortname: gproto_json-Int
toolchain: Baseline
goos: linux
goarch: arm64
pkg: google.golang.org/protobuf/internal/encoding/json
BenchmarkInt-256     	 5179354	       232.9 ns/op
PASS

shortname: gonum_mat-AddScaledVec10Inc1
toolchain: Baseline
goos: linux
goarch: arm64
pkg: gonum.org/v1/gonum/mat
BenchmarkAddScaledVec10Inc1-256     	 4926380	       245.4 ns/op
PASS

shortname: bloom_bits-BitSetExtractDeposit%2Fsize%3D64%2Ffn%3DDepositTo
toolchain: Baseline
goos: linux
goarch: arm64
pkg: github.com/bits-and-blooms/bitset
BenchmarkBitSetExtractDeposit/size=64/fn=DepositTo-256         	70386061	        17.01 ns/op	       0 B/op	       0 allocs/op
PASS

shortname: rcrowley_metrics-Timer
toolchain: Baseline
goos: linux
goarch: arm64
pkg: github.com/rcrowley/go-metrics
BenchmarkTimer-256     	 3972916	       301.1 ns/op
PASS

shortname: minio-AppendMsgBucketStats
toolchain: Baseline
goos: linux
goarch: arm64
pkg: github.com/minio/minio/cmd
BenchmarkAppendMsgBucketStats-256     	 8677369	       137.8 ns/op	3301.49 MB/s	       0 B/op	       0 allocs/op
PASS

shortname: gproto_proto-Decode%2Fjust_at_recursion_limit_%28%2Atest3.TestAllTypes%29
toolchain: Baseline
goos: linux
goarch: arm64
pkg: google.golang.org/protobuf/proto
BenchmarkDecode/just_at_recursion_limit_(*test3.TestAllTypes)-256         	 1000000	      2648 ns/op
PASS

shortname: kanzi-ANS0
toolchain: Baseline
goos: linux
goarch: arm64
pkg: github.com/flanglet/kanzi-go/v2/benchmark
BenchmarkANS0-256     	     709	   1686372 ns/op
PASS

shortname: uuid-New
toolchain: Baseline
goos: linux
goarch: arm64
pkg: github.com/google/uuid
BenchmarkNew-256     	 3229912	       374.7 ns/op
PASS

shortname: workiva_rangetree-Apply
toolchain: Baseline
goos: linux
goarch: arm64
pkg: github.com/Workiva/go-datastructures/rangetree
BenchmarkApply-256     	   85741	     14271 ns/op
PASS

shortname: gproto_micro-Extension%2FGet%2FSet
toolchain: Baseline
goos: linux
goarch: arm64
pkg: google.golang.org/protobuf/internal/benchmarks/micro
BenchmarkExtension/Get/Set-256         	 7384754	       162.1 ns/op
PASS

shortname: gproto_encoding-TextDecode
toolchain: Baseline
goos: linux
goarch: arm64
pkg: google.golang.org/protobuf/encoding
BenchmarkTextDecode-256     	      32	  36453015 ns/op
PASS

shortname: workiva_rangetree_skiplist-MultiDimensionInsertAtZeroDimension
toolchain: Baseline
goos: linux
goarch: arm64
pkg: github.com/Workiva/go-datastructures/rangetree/skiplist
BenchmarkMultiDimensionInsertAtZeroDimension-256     	   10000	   2614597 ns/op
PASS

shortname: gproto_proto-Decode%2Frequired_group_set_%28%2Arequired_opaque.Group%29
toolchain: Baseline
goos: linux
goarch: arm64
pkg: google.golang.org/protobuf/proto
BenchmarkDecode/required_group_set_(*required_opaque.Group)-256         	13980776	        98.69 ns/op
PASS

shortname: gproto_proto-EqualWithDeeplyNestedIdenticalPtr
toolchain: Baseline
goos: linux
goarch: arm64
pkg: google.golang.org/protobuf/proto
BenchmarkEqualWithDeeplyNestedIdenticalPtr-256     	256940052	         4.666 ns/op	       0 B/op	       0 allocs/op
PASS

shortname: gonum_lapack_native-Dgeev%2FCirculant5
toolchain: Baseline
goos: linux
goarch: arm64
pkg: gonum.org/v1/gonum/lapack/gonum
BenchmarkDgeev/Circulant5-256         	  121357	      9152 ns/op
PASS

shortname: ethereum_whisper-DecryptionSymInvalid
toolchain: Baseline
goos: linux
goarch: arm64
pkg: github.com/ethereum/go-ethereum/whisper/whisperv6
BenchmarkDecryptionSymInvalid-256     	 5996739	       198.3 ns/op
PASS

shortname: kanzi-BWTSmallBlock
toolchain: Baseline
goos: linux
goarch: arm64
pkg: github.com/flanglet/kanzi-go/v2/benchmark
BenchmarkBWTSmallBlock-256     	      28	  40605932 ns/op
PASS

shortname: benhoyt_goawk-NativeFunc
toolchain: Baseline
goos: linux
goarch: arm64
pkg: github.com/benhoyt/goawk/interp
BenchmarkNativeFunc-256     	  167276	      7391 ns/op
PASS

shortname: k8s_cache-EachListItemWithAlloc%2FPodList
toolchain: Baseline
goos: linux
goarch: arm64
pkg: k8s.io/client-go/tools/cache
BenchmarkEachListItemWithAlloc/PodList-256         	   18048	     67245 ns/op
PASS

shortname: benhoyt_goawk-SimpleBuiltins
toolchain: Baseline
goos: linux
goarch: arm64
pkg: github.com/benhoyt/goawk/interp
BenchmarkSimpleBuiltins-256     	 2249439	       535.7 ns/op
PASS

shortname: dustin_humanize-ParseBytes
toolchain: Baseline
goos: linux
goarch: arm64
pkg: github.com/dustin/go-humanize
BenchmarkParseBytes-256     	10892032	       112.1 ns/op
PASS

shortname: benhoyt_goawk-RepeatNew
toolchain: Baseline
goos: linux
goarch: arm64
pkg: github.com/benhoyt/goawk/interp
BenchmarkRepeatNew-256     	11904668	        99.54 ns/op
PASS

shortname: workiva_hilbert-BulkUpdatePoints
toolchain: Baseline
goos: linux
goarch: arm64
pkg: github.com/Workiva/go-datastructures/rtree/hilbert
BenchmarkBulkUpdatePoints-256     	    2815	    444436 ns/op
PASS

shortname: commonmark_markdown-RenderSpecNoHTML
toolchain: Baseline
goos: linux
goarch: arm64
pkg: gitlab.com/golang-commonmark/markdown
BenchmarkRenderSpecNoHTML-256     	     248	   4897561 ns/op
PASS

shortname: gonum_community-NewUndirectedLayers%2FgraphSize%3D1000%2CnumGraphs%3D10
toolchain: Baseline
goos: linux
goarch: arm64
pkg: gonum.org/v1/gonum/graph/community
BenchmarkNewUndirectedLayers/graphSize=1000,numGraphs=10-256         	     936	   1279882 ns/op
PASS

shortname: gonum_mat-CholeskyFactorize%2Fn%3D10
toolchain: Baseline
goos: linux
goarch: arm64
pkg: gonum.org/v1/gonum/mat
BenchmarkCholeskyFactorize/n=10-256         	  433998	      2752 ns/op
PASS

shortname: dustin_humanize-ParseSI
toolchain: Baseline
goos: linux
goarch: arm64
pkg: github.com/dustin/go-humanize
BenchmarkParseSI-256     	 2697991	       444.0 ns/op
PASS

shortname: workiva_btree_palm-BulkGet
toolchain: Baseline
goos: linux
goarch: arm64
pkg: github.com/Workiva/go-datastructures/btree/palm
BenchmarkBulkGet-256     	   10000	    719153 ns/op
PASS

shortname: thriftrw_gen-RoundTrip%2FContainersOfContainers%2FDecode
toolchain: Baseline
goos: linux
goarch: arm64
pkg: go.uber.org/thriftrw/gen
BenchmarkRoundTrip/ContainersOfContainers/Decode-256  	   28578	     42553 ns/op
PASS

shortname: dustin_humanize-BigCommas
toolchain: Baseline
goos: linux
goarch: arm64
pkg: github.com/dustin/go-humanize
BenchmarkBigCommas-256     	 2396959	       499.3 ns/op
PASS

shortname: gonum_mat-UnmarshalVecDense10
toolchain: Baseline
goos: linux
goarch: arm64
pkg: gonum.org/v1/gonum/mat
BenchmarkUnmarshalVecDense10-256     	 3281335	       373.0 ns/op
PASS

shortname: gproto_json-Bool
toolchain: Baseline
goos: linux
goarch: arm64
pkg: google.golang.org/protobuf/internal/encoding/json
BenchmarkBool-256     	29649490	        40.48 ns/op
PASS

shortname: gonum_topo-SortStabilizedPath_100000
toolchain: Baseline
goos: linux
goarch: arm64
pkg: gonum.org/v1/gonum/graph/topo
BenchmarkSortStabilizedPath_100000-256     	       9	 119954994 ns/op
PASS

shortname: minio-UnmarshalBucketStats
toolchain: Baseline
goos: linux
goarch: arm64
pkg: github.com/minio/minio/cmd
BenchmarkUnmarshalBucketStats-256     	 3171572	       378.2 ns/op	1203.04 MB/s	       0 B/op	       0 allocs/op
PASS

shortname: benhoyt_goawk-RecursiveFunc
toolchain: Baseline
goos: linux
goarch: arm64
pkg: github.com/benhoyt/goawk/interp
BenchmarkRecursiveFunc-256     	  115374	     10804 ns/op
PASS

shortname: gonum_lapack_native-Dlantb%2FFrobeniusLowerNonUnitN%3D10000K%3D2
toolchain: Baseline
goos: linux
goarch: arm64
pkg: gonum.org/v1/gonum/lapack/gonum
BenchmarkDlantb/FrobeniusLowerNonUnitN=10000K=2-256         	   10000	    103609 ns/op
PASS

shortname: uber_zap-JSONLogMarshalerFunc
toolchain: Baseline
goos: linux
goarch: arm64
pkg: go.uber.org/zap/zapcore
BenchmarkJSONLogMarshalerFunc-256     	  787837	      1603 ns/op
PASS

shortname: wazero-Compilation%2Fwithout_extern_cache
toolchain: Baseline
goos: linux
goarch: arm64
pkg: github.com/tetratelabs/wazero/internal/integration_test/bench
BenchmarkCompilation/without_extern_cache-256         	      98	  12708197 ns/op
PASS

shortname: workiva_avl-ImmutableInsert
toolchain: Baseline
goos: linux
goarch: arm64
pkg: github.com/Workiva/go-datastructures/tree/avl
BenchmarkImmutableInsert-256     	 1291075	       945.2 ns/op
PASS

shortname: uber_tally-TimerReport
toolchain: Baseline
goos: linux
goarch: arm64
pkg: github.com/uber-go/tally/v4
BenchmarkTimerReport-256     	18721274	        64.04 ns/op
PASS

shortname: ethereum_ethash-DifficultyCalculator%2Fu256-homestead
toolchain: Baseline
goos: linux
goarch: arm64
pkg: github.com/ethereum/go-ethereum/consensus/ethash
BenchmarkDifficultyCalculator/u256-homestead-256         	14215306	        86.23 ns/op	      64 B/op	       2 allocs/op
PASS

shortname: gonum_community-NewDirectedLayers%2FgraphSize%3D10%2CnumGraphs%3D1
toolchain: Baseline
goos: linux
goarch: arm64
pkg: gonum.org/v1/gonum/graph/community
BenchmarkNewDirectedLayers/graphSize=10,numGraphs=1-256         	 1000000	      1191 ns/op
PASS

shortname: minio-UnmarshalBatchJobKeyRotateV1
toolchain: Baseline
goos: linux
goarch: arm64
pkg: github.com/minio/minio/cmd
BenchmarkUnmarshalBatchJobKeyRotateV1-256     	 5308677	       224.3 ns/op	1025.41 MB/s	       0 B/op	       0 allocs/op
PASS

shortname: semver-CoerceNewVersionSimple
toolchain: Baseline
goos: linux
goarch: arm64
pkg: github.com/Masterminds/semver/v3
BenchmarkCoerceNewVersionSimple-256     	 5931176	       200.5 ns/op	     128 B/op	       2 allocs/op
PASS

shortname: k8s_workqueue-DelayingQueue_AddAfter
toolchain: Baseline
goos: linux
goarch: arm64
pkg: k8s.io/client-go/util/workqueue
BenchmarkDelayingQueue_AddAfter-256     	  567142	      3448 ns/op
PASS

shortname: workiva_rangetree-ImmutableInsertSecondDimension
toolchain: Baseline
goos: linux
goarch: arm64
pkg: github.com/Workiva/go-datastructures/rangetree
BenchmarkImmutableInsertSecondDimension-256     	      40	  35724385 ns/op
PASS

shortname: hugo_hugolib-CreateShortcodePlaceholders
toolchain: Baseline
goos: linux
goarch: arm64
pkg: github.com/gohugoio/hugo/hugolib
BenchmarkCreateShortcodePlaceholders-256     	23013798	        52.71 ns/op
PASS

shortname: minio-EncodedataUsageCacheInfo
toolchain: Baseline
goos: linux
goarch: arm64
pkg: github.com/minio/minio/cmd
BenchmarkEncodedataUsageCacheInfo-256     	21370398	        56.12 ns/op	1015.68 MB/s	       0 B/op	       0 allocs/op
PASS

shortname: gproto_reflect-Value%2FInterface
toolchain: Baseline
goos: linux
goarch: arm64
pkg: google.golang.org/protobuf/reflect/protoreflect
BenchmarkValue/Interface-256         	57939273	        21.28 ns/op	      16 B/op	       1 allocs/op
PASS

shortname: gonum_mat-CholeskyInverseTo%2Fn%3D100
toolchain: Baseline
goos: linux
goarch: arm64
pkg: gonum.org/v1/gonum/mat
BenchmarkCholeskyInverseTo/n=100-256         	    5472	    218518 ns/op
PASS

shortname: workiva_triey-Iterator
toolchain: Baseline
goos: linux
goarch: arm64
pkg: github.com/Workiva/go-datastructures/trie/yfast
BenchmarkIterator-256     	  444193	      2709 ns/op
PASS

shortname: thriftrw_gen-RoundTrip%2FContainersOfContainers%2FEncode
toolchain: Baseline
goos: linux
goarch: arm64
pkg: go.uber.org/thriftrw/gen
BenchmarkRoundTrip/ContainersOfContainers/Encode-256  	   61353	     19146 ns/op
PASS

shortname: gproto_micro-EmptyMessage%2FWire%2FMarshal
toolchain: Baseline
goos: linux
goarch: arm64
pkg: google.golang.org/protobuf/internal/benchmarks/micro
BenchmarkEmptyMessage/Wire/Marshal-256         	1000000000	         0.3977 ns/op
PASS

shortname: ethereum_whisper-DecryptionAsymInvalid
toolchain: Baseline
goos: linux
goarch: arm64
pkg: github.com/ethereum/go-ethereum/whisper/whisperv6
BenchmarkDecryptionAsymInvalid-256     	   11221	    106760 ns/op
PASS

shortname: hugo_helpers-RelURL
toolchain: Baseline
goos: linux
goarch: arm64
pkg: github.com/gohugoio/hugo/helpers
BenchmarkRelURL-256     	 3451380	       356.5 ns/op
PASS

shortname: gproto_proto-Decode%2Frequired_field_in_oneof_message_set_%28%2Atest.TestRequiredForeign%29
toolchain: Baseline
goos: linux
goarch: arm64
pkg: google.golang.org/protobuf/proto
BenchmarkDecode/required_field_in_oneof_message_set_(*test.TestRequiredForeign)-256         	 4390063	       448.0 ns/op
PASS

shortname: workiva_queue-PriorityQueue
toolchain: Baseline
goos: linux
goarch: arm64
pkg: github.com/Workiva/go-datastructures/queue
BenchmarkPriorityQueue-256     	 1833439	       765.7 ns/op
PASS

shortname: ethereum_ecies-GenSharedKeyP256
toolchain: Baseline
goos: linux
goarch: arm64
pkg: github.com/ethereum/go-ethereum/crypto/ecies
BenchmarkGenSharedKeyP256-256     	   20451	     58753 ns/op
PASS

shortname: kanzi-Huffman
toolchain: Baseline
goos: linux
goarch: arm64
pkg: github.com/flanglet/kanzi-go/v2/benchmark
BenchmarkHuffman-256     	     639	   1873093 ns/op
PASS

shortname: thriftrw_gen-RoundTrip%2FPrimitiveOptionalStruct%2FStreaming_Decode
toolchain: Baseline
goos: linux
goarch: arm64
pkg: go.uber.org/thriftrw/gen
BenchmarkRoundTrip/PrimitiveOptionalStruct/Streaming_Decode-256         	 1306063	       929.3 ns/op
PASS

shortname: gonum_mat-MarshalToVecDense10
toolchain: Baseline
goos: linux
goarch: arm64
pkg: gonum.org/v1/gonum/mat
BenchmarkMarshalToVecDense10-256     	 2474948	       486.9 ns/op
PASS

shortname: dustin_humanize-Commaf
toolchain: Baseline
goos: linux
goarch: arm64
pkg: github.com/dustin/go-humanize
BenchmarkCommaf-256     	 4018490	       300.6 ns/op
PASS

shortname: minio-DecodeBatchJobKeyRotateV1
toolchain: Baseline
goos: linux
goarch: arm64
pkg: github.com/minio/minio/cmd
BenchmarkDecodeBatchJobKeyRotateV1-256     	 3058144	       393.6 ns/op	 584.41 MB/s	       0 B/op	       0 allocs/op
PASS

shortname: semver-ValidateVersionRangeFail
toolchain: Baseline
goos: linux
goarch: arm64
pkg: github.com/Masterminds/semver/v3
BenchmarkValidateVersionRangeFail-256     	 1919860	       630.2 ns/op	     190 B/op	       7 allocs/op
PASS

shortname: workiva_augmentedtree-AddItems
toolchain: Baseline
goos: linux
goarch: arm64
pkg: github.com/Workiva/go-datastructures/augmentedtree
BenchmarkAddItems-256     	    6751	    199995 ns/op
PASS

shortname: shopify_sarama-_getMetricNameForTopic
toolchain: Baseline
goos: linux
goarch: arm64
pkg: github.com/IBM/sarama
Benchmark_getMetricNameForTopic-256     	13070896	        91.87 ns/op	      16 B/op	       1 allocs/op
PASS

shortname: minio-MarshalMsgBatchJobReplicateFlags
toolchain: Baseline
goos: linux
goarch: arm64
pkg: github.com/minio/minio/cmd
BenchmarkMarshalMsgBatchJobReplicateFlags-256     	10294894	       122.4 ns/op	     208 B/op	       1 allocs/op
PASS

shortname: minio-AppendMsgBatchJobExpire
toolchain: Baseline
goos: linux
goarch: arm64
pkg: github.com/minio/minio/cmd
BenchmarkAppendMsgBatchJobExpire-256     	29582464	        40.60 ns/op	2315.07 MB/s	       0 B/op	       0 allocs/op
PASS

shortname: minio-DecodeBucketStats
toolchain: Baseline
goos: linux
goarch: arm64
pkg: github.com/minio/minio/cmd
BenchmarkDecodeBucketStats-256     	 1614084	       741.7 ns/op	 613.46 MB/s	       0 B/op	       0 allocs/op
PASS

shortname: gproto_proto-Decode%2Fbasic_scalar_types_%28%2Atest.TestAllTypes%29
toolchain: Baseline
goos: linux
goarch: arm64
pkg: google.golang.org/protobuf/proto
BenchmarkDecode/basic_scalar_types_(*test.TestAllTypes)-256         	 1000000	      2531 ns/op
PASS

shortname: gonum_traverse-WalkAllDepthFirstGnp_100_half
toolchain: Baseline
goos: linux
goarch: arm64
pkg: gonum.org/v1/gonum/graph/traverse
BenchmarkWalkAllDepthFirstGnp_100_half-256     	    2910	    406727 ns/op
PASS

shortname: kanzi-CM
toolchain: Baseline
goos: linux
goarch: arm64
pkg: github.com/flanglet/kanzi-go/v2/benchmark
BenchmarkCM-256     	      24	  49951346 ns/op
PASS

shortname: workiva_set-Clear
toolchain: Baseline
goos: linux
goarch: arm64
pkg: github.com/Workiva/go-datastructures/set
BenchmarkClear-256     	14301862	        84.89 ns/op
PASS

shortname: minio-UnmarshalReplicationMRFStats
toolchain: Baseline
goos: linux
goarch: arm64
pkg: github.com/minio/minio/cmd
BenchmarkUnmarshalReplicationMRFStats-256     	46921903	        25.56 ns/op	2190.96 MB/s	       0 B/op	       0 allocs/op
PASS

shortname: semver-CheckVersionRange
toolchain: Baseline
goos: linux
goarch: arm64
pkg: github.com/Masterminds/semver/v3
BenchmarkCheckVersionRange-256     	30441770	        37.62 ns/op	       0 B/op	       0 allocs/op
PASS

shortname: gonum_mat-Pool100by100Uncleared
toolchain: Baseline
goos: linux
goarch: arm64
pkg: gonum.org/v1/gonum/mat
BenchmarkPool100by100Uncleared-256     	63575653	        18.79 ns/op
PASS

shortname: nelsam_gxui_interval-General
toolchain: Baseline
goos: linux
goarch: arm64
pkg: git.sr.ht/~nelsam/gxui/interval
BenchmarkGeneral-256     	 4442142	       285.5 ns/op
PASS

shortname: capnproto2-Unmarshal_Reuse
toolchain: Baseline
goos: linux
goarch: arm64
pkg: zombiezen.com/go/capnproto2
BenchmarkUnmarshal_Reuse-256     	 2592171	       461.8 ns/op	       0 B/op	       0 allocs/op
PASS

shortname: gonum_community-NewDirectedLayers%2FgraphSize%3D1000%2CnumGraphs%3D1
toolchain: Baseline
goos: linux
goarch: arm64
pkg: gonum.org/v1/gonum/graph/community
BenchmarkNewDirectedLayers/graphSize=1000,numGraphs=1-256         	   10000	    106299 ns/op
PASS

shortname: cespare_xxhash-DigestBytes%2F100B
toolchain: Baseline
goos: linux
goarch: arm64
pkg: github.com/cespare/xxhash/v2
BenchmarkDigestBytes/100B-256         	46965187	        25.33 ns/op	3948.47 MB/s
PASS

shortname: uber_tally-ScopeTaggedCachedSubscopes
toolchain: Baseline
goos: linux
goarch: arm64
pkg: github.com/uber-go/tally/v4
BenchmarkScopeTaggedCachedSubscopes-256     	 1260309	       954.0 ns/op
PASS

shortname: ericlagergren_decimal-Pi%2Ffoo%3Dapmckinlay%2Fprec%3D19
toolchain: Baseline
goos: linux
goarch: arm64
pkg: github.com/ericlagergren/decimal_benchmarks
BenchmarkPi/foo=apmckinlay/prec=19-256 	  478441	      2492 ns/op
PASS

shortname: ericlagergren_decimal-Pi%2Ffoo%3Dgo-inf%2Fprec%3D100
toolchain: Baseline
goos: linux
goarch: arm64
pkg: github.com/ericlagergren/decimal_benchmarks
BenchmarkPi/foo=go-inf/prec=100-256         	   10000	    111222 ns/op
PASS

shortname: gonum_mat-TriMulDiag%2FBenchmarkTriMulDiag100
toolchain: Baseline
goos: linux
goarch: arm64
pkg: gonum.org/v1/gonum/mat
BenchmarkTriMulDiag/BenchmarkTriMulDiag100-256         	   29313	     40900 ns/op
PASS

shortname: shopify_sarama-ZstdMemoryConsumption%2Fno_drain
toolchain: Baseline
goos: linux
goarch: arm64
pkg: github.com/IBM/sarama
BenchmarkZstdMemoryConsumption/no_drain-256         	    2565	    460748 ns/op	   11437 B/op	       4 allocs/op
PASS

shortname: gproto_proto-Decode%2Ffield_type_mismatch_%28%2Atest3.TestAllTypes%29
toolchain: Baseline
goos: linux
goarch: arm64
pkg: google.golang.org/protobuf/proto
BenchmarkDecode/field_type_mismatch_(*test3.TestAllTypes)-256         	 1000000	      1124 ns/op
PASS

shortname: ericlagergren_decimal-Mandelbrot_decimal_GDA_9
toolchain: Baseline
goos: linux
goarch: arm64
pkg: github.com/ericlagergren/decimal_benchmarks
BenchmarkMandelbrot_decimal_GDA_9-256     	       1	1885465160 ns/op
PASS

shortname: capnproto2-Growth_MultiSegment
toolchain: Baseline
goos: linux
goarch: arm64
pkg: zombiezen.com/go/capnproto2
BenchmarkGrowth_MultiSegment-256     	      85	  14099931 ns/op	  74.37 MB/s	 1648829 B/op	      21 allocs/op
PASS

shortname: uuid-UUID_UnmarshalJSON
toolchain: Baseline
goos: linux
goarch: arm64
pkg: github.com/google/uuid
BenchmarkUUID_UnmarshalJSON-256     	 3133912	       381.6 ns/op
PASS

shortname: workiva_set-Exists
toolchain: Baseline
goos: linux
goarch: arm64
pkg: github.com/Workiva/go-datastructures/set
BenchmarkExists-256     	30307974	        39.65 ns/op
PASS

shortname: ericlagergren_decimal-Pi%2Ffoo%3Dcockroachdb%2Fapd%2Fprec%3D100
toolchain: Baseline
goos: linux
goarch: arm64
pkg: github.com/ericlagergren/decimal_benchmarks
BenchmarkPi/foo=cockroachdb/apd/prec=100-256         	     235	   5070764 ns/op
PASS

shortname: benhoyt_goawk-BuiltinGsubAmpersand
toolchain: Baseline
goos: linux
goarch: arm64
pkg: github.com/benhoyt/goawk/interp
BenchmarkBuiltinGsubAmpersand-256     	   70476	     17050 ns/op
PASS

shortname: dustin_broadcast-DirectSend
toolchain: Baseline
goos: linux
goarch: arm64
pkg: github.com/dustin/go-broadcast
BenchmarkDirectSend-256     	 2773357	       423.9 ns/op
PASS

shortname: dustin_broadcast-ParallelBrodcast
toolchain: Baseline
goos: linux
goarch: arm64
pkg: github.com/dustin/go-broadcast
BenchmarkParallelBrodcast-256     	 1882864	       675.5 ns/op
PASS

shortname: rcrowley_metrics-Histogram
toolchain: Baseline
goos: linux
goarch: arm64
pkg: github.com/rcrowley/go-metrics
BenchmarkHistogram-256     	29541645	        39.48 ns/op
PASS

shortname: ethereum_trie-DecodeShortNodeUnsafe
toolchain: Baseline
Seed: bd9afe0f4800de16
goos: linux
goarch: arm64
pkg: github.com/ethereum/go-ethereum/trie
BenchmarkDecodeShortNodeUnsafe-256     	 6998416	       169.2 ns/op	     109 B/op	       3 allocs/op
PASS

shortname: gonum_mat-AddScaledVec10Inc1
toolchain: Baseline
goos: linux
goarch: arm64
pkg: gonum.org/v1/gonum/mat
BenchmarkAddScaledVec10Inc1-256     	 5235312	       237.7 ns/op
PASS

shortname: minio-UnmarshalReplicationMRFStats
toolchain: Baseline
goos: linux
goarch: arm64
pkg: github.com/minio/minio/cmd
BenchmarkUnmarshalReplicationMRFStats-256     	46940221	        25.57 ns/op	2190.02 MB/s	       0 B/op	       0 allocs/op
PASS

shortname: uber_tally-ScopeTaggedCachedSubscopes
toolchain: Baseline
goos: linux
goarch: arm64
pkg: github.com/uber-go/tally/v4
BenchmarkScopeTaggedCachedSubscopes-256     	 1287918	       934.9 ns/op
PASS

shortname: shopify_sarama-_getMetricNameForTopic
toolchain: Baseline
goos: linux
goarch: arm64
pkg: github.com/IBM/sarama
Benchmark_getMetricNameForTopic-256     	13120130	        92.08 ns/op	      16 B/op	       1 allocs/op
PASS

shortname: ericlagergren_decimal-Pi%2Ffoo%3Dgo-inf%2Fprec%3D100
toolchain: Baseline
goos: linux
goarch: arm64
pkg: github.com/ericlagergren/decimal_benchmarks
BenchmarkPi/foo=go-inf/prec=100-256         	   10000	    110514 ns/op
PASS

shortname: workiva_rangetree-Apply
toolchain: Baseline
goos: linux
goarch: arm64
pkg: github.com/Workiva/go-datastructures/rangetree
BenchmarkApply-256     	   87579	     14371 ns/op
PASS

shortname: minio-AppendMsgBatchJobExpire
toolchain: Baseline
goos: linux
goarch: arm64
pkg: github.com/minio/minio/cmd
BenchmarkAppendMsgBatchJobExpire-256     	29305818	        40.69 ns/op	2309.87 MB/s	       0 B/op	       0 allocs/op
PASS

shortname: gproto_proto-EqualWithDeeplyNestedEqual
toolchain: Baseline
goos: linux
goarch: arm64
pkg: google.golang.org/protobuf/proto
BenchmarkEqualWithDeeplyNestedEqual-256     	   22831	     52442 ns/op	       0 B/op	       0 allocs/op
PASS

shortname: dustin_broadcast-ParallelBrodcast
toolchain: Baseline
goos: linux
goarch: arm64
pkg: github.com/dustin/go-broadcast
BenchmarkParallelBrodcast-256     	 1820292	       669.9 ns/op
PASS

shortname: ericlagergren_decimal-Pi%2Ffoo%3Dapmckinlay%2Fprec%3D19
toolchain: Baseline
goos: linux
goarch: arm64
pkg: github.com/ericlagergren/decimal_benchmarks
BenchmarkPi/foo=apmckinlay/prec=19-256 	  476463	      2491 ns/op
PASS

shortname: gproto_proto-Decode%2Frequired_group_set_%28%2Arequired_opaque.Group%29
toolchain: Baseline
goos: linux
goarch: arm64
pkg: google.golang.org/protobuf/proto
BenchmarkDecode/required_group_set_(*required_opaque.Group)-256         	12980384	       107.8 ns/op
PASS

shortname: uber_tally-TimerReport
toolchain: Baseline
goos: linux
goarch: arm64
pkg: github.com/uber-go/tally/v4
BenchmarkTimerReport-256     	18620565	        64.19 ns/op
PASS

shortname: uber_zap-JSONLogMarshalerFunc
toolchain: Baseline
goos: linux
goarch: arm64
pkg: go.uber.org/zap/zapcore
BenchmarkJSONLogMarshalerFunc-256     	  850198	      1597 ns/op
PASS

shortname: k8s_cache-EachListItemWithAlloc%2FPodList
toolchain: Baseline
goos: linux
goarch: arm64
pkg: k8s.io/client-go/tools/cache
BenchmarkEachListItemWithAlloc/PodList-256         	   18236	     65988 ns/op
PASS

shortname: gonum_community-NewDirectedLayers%2FgraphSize%3D1000%2CnumGraphs%3D1
toolchain: Baseline
goos: linux
goarch: arm64
pkg: gonum.org/v1/gonum/graph/community
BenchmarkNewDirectedLayers/graphSize=1000,numGraphs=1-256         	   10000	    106571 ns/op
PASS

shortname: workiva_set-Exists
toolchain: Baseline
goos: linux
goarch: arm64
pkg: github.com/Workiva/go-datastructures/set
BenchmarkExists-256     	30618235	        39.66 ns/op
PASS

shortname: benhoyt_goawk-RepeatNew
toolchain: Baseline
goos: linux
goarch: arm64
pkg: github.com/benhoyt/goawk/interp
BenchmarkRepeatNew-256     	11832008	        99.88 ns/op
PASS

shortname: minio-DecodeBatchJobKeyRotateV1
toolchain: Baseline
goos: linux
goarch: arm64
pkg: github.com/minio/minio/cmd
BenchmarkDecodeBatchJobKeyRotateV1-256     	 3013192	       392.2 ns/op	 586.37 MB/s	       0 B/op	       0 allocs/op
PASS

shortname: minio-DecodeBucketStats
toolchain: Baseline
goos: linux
goarch: arm64
pkg: github.com/minio/minio/cmd
BenchmarkDecodeBucketStats-256     	 1618089	       740.8 ns/op	 614.19 MB/s	       0 B/op	       0 allocs/op
PASS

shortname: hugo_helpers-RelURL
toolchain: Baseline
goos: linux
goarch: arm64
pkg: github.com/gohugoio/hugo/helpers
BenchmarkRelURL-256     	 3335308	       366.7 ns/op
PASS

shortname: gproto_proto-Decode%2Frequired_field_in_oneof_message_set_%28%2Atest.TestRequiredForeign%29
toolchain: Baseline
goos: linux
goarch: arm64
pkg: google.golang.org/protobuf/proto
BenchmarkDecode/required_field_in_oneof_message_set_(*test.TestRequiredForeign)-256         	 4554703	       393.6 ns/op
PASS

shortname: ethereum_ethash-DifficultyCalculator%2Fu256-homestead
toolchain: Baseline
goos: linux
goarch: arm64
pkg: github.com/ethereum/go-ethereum/consensus/ethash
BenchmarkDifficultyCalculator/u256-homestead-256         	14412652	        88.22 ns/op	      64 B/op	       2 allocs/op
PASS

shortname: rcrowley_metrics-Timer
toolchain: Baseline
goos: linux
goarch: arm64
pkg: github.com/rcrowley/go-metrics
BenchmarkTimer-256     	 3970299	       300.8 ns/op
PASS

shortname: gonum_lapack_native-Dgeev%2FCirculant5
toolchain: Baseline
goos: linux
goarch: arm64
pkg: gonum.org/v1/gonum/lapack/gonum
BenchmarkDgeev/Circulant5-256         	  124826	      9233 ns/op
PASS

shortname: workiva_queue-PriorityQueue
toolchain: Baseline
goos: linux
goarch: arm64
pkg: github.com/Workiva/go-datastructures/queue
BenchmarkPriorityQueue-256     	 1717921	       737.9 ns/op
PASS

shortname: nelsam_gxui_interval-General
toolchain: Baseline
goos: linux
goarch: arm64
pkg: git.sr.ht/~nelsam/gxui/interval
BenchmarkGeneral-256     	 4547220	       291.9 ns/op
PASS

shortname: workiva_avl-ImmutableInsert
toolchain: Baseline
goos: linux
goarch: arm64
pkg: github.com/Workiva/go-datastructures/tree/avl
BenchmarkImmutableInsert-256     	 1269775	       982.0 ns/op
PASS

shortname: workiva_rangetree-ImmutableInsertSecondDimension
toolchain: Baseline
goos: linux
goarch: arm64
pkg: github.com/Workiva/go-datastructures/rangetree
BenchmarkImmutableInsertSecondDimension-256     	      42	  35203579 ns/op
PASS

shortname: minio-UnmarshalBucketStats
toolchain: Baseline
goos: linux
goarch: arm64
pkg: github.com/minio/minio/cmd
BenchmarkUnmarshalBucketStats-256     	 3148885	       377.7 ns/op	1204.74 MB/s	       0 B/op	       0 allocs/op
PASS

shortname: gproto_proto-Decode%2Fbasic_scalar_types_%28%2Atest.TestAllTypes%29
toolchain: Baseline
goos: linux
goarch: arm64
pkg: google.golang.org/protobuf/proto
BenchmarkDecode/basic_scalar_types_(*test.TestAllTypes)-256         	 1000000	      2002 ns/op
PASS

shortname: gproto_micro-EmptyMessage%2FWire%2FMarshal
toolchain: Baseline
goos: linux
goarch: arm64
pkg: google.golang.org/protobuf/internal/benchmarks/micro
BenchmarkEmptyMessage/Wire/Marshal-256         	1000000000	         0.3969 ns/op
PASS

shortname: workiva_set-Clear
toolchain: Baseline
goos: linux
goarch: arm64
pkg: github.com/Workiva/go-datastructures/set
BenchmarkClear-256     	14372792	        84.64 ns/op
PASS

shortname: ericlagergren_decimal-Mandelbrot_decimal_GDA_9
toolchain: Baseline
goos: linux
goarch: arm64
pkg: github.com/ericlagergren/decimal_benchmarks
BenchmarkMandelbrot_decimal_GDA_9-256     	       1	1878935980 ns/op
PASS

shortname: thriftrw_gen-RoundTrip%2FPrimitiveOptionalStruct%2FStreaming_Decode
toolchain: Baseline
goos: linux
goarch: arm64
pkg: go.uber.org/thriftrw/gen
BenchmarkRoundTrip/PrimitiveOptionalStruct/Streaming_Decode-256         	 1282546	       933.2 ns/op
PASS

shortname: workiva_bitarray-CompressedIntersects
toolchain: Baseline
goos: linux
goarch: arm64
pkg: github.com/Workiva/go-datastructures/bitarray
BenchmarkCompressedIntersects-256     	20849654	        59.57 ns/op
PASS

shortname: gproto_encoding-TextDecode
toolchain: Baseline
goos: linux
goarch: arm64
pkg: google.golang.org/protobuf/encoding
BenchmarkTextDecode-256     	      31	  36954973 ns/op
PASS

shortname: bloom_bits-BitSetExtractDeposit%2Fsize%3D64%2Ffn%3DDepositTo
toolchain: Baseline
goos: linux
goarch: arm64
pkg: github.com/bits-and-blooms/bitset
BenchmarkBitSetExtractDeposit/size=64/fn=DepositTo-256         	69800596	        17.02 ns/op	       0 B/op	       0 allocs/op
PASS

shortname: rcrowley_metrics-Histogram
toolchain: Baseline
goos: linux
goarch: arm64
pkg: github.com/rcrowley/go-metrics
BenchmarkHistogram-256     	29688514	        39.28 ns/op
PASS

shortname: benhoyt_goawk-RecursiveFunc
toolchain: Baseline
goos: linux
goarch: arm64
pkg: github.com/benhoyt/goawk/interp
BenchmarkRecursiveFunc-256     	  117225	     10757 ns/op
PASS

shortname: capnproto2-Growth_MultiSegment
toolchain: Baseline
goos: linux
goarch: arm64
pkg: zombiezen.com/go/capnproto2
BenchmarkGrowth_MultiSegment-256     	      84	  14128737 ns/op	  74.22 MB/s	 1648967 B/op	      21 allocs/op
PASS

shortname: uuid-New
toolchain: Baseline
goos: linux
goarch: arm64
pkg: github.com/google/uuid
BenchmarkNew-256     	 3236898	       375.0 ns/op
PASS

shortname: kanzi-CM
toolchain: Baseline
goos: linux
goarch: arm64
pkg: github.com/flanglet/kanzi-go/v2/benchmark
BenchmarkCM-256     	      24	  49974478 ns/op
PASS

shortname: gproto_proto-Decode%2Ffield_type_mismatch_%28%2Atest3.TestAllTypes%29
toolchain: Baseline
goos: linux
goarch: arm64
pkg: google.golang.org/protobuf/proto
BenchmarkDecode/field_type_mismatch_(*test3.TestAllTypes)-256         	 1000000	      1173 ns/op
PASS

shortname: cespare_xxhash-DigestBytes%2F100B
toolchain: Baseline
goos: linux
goarch: arm64
pkg: github.com/cespare/xxhash/v2
BenchmarkDigestBytes/100B-256         	47209263	        25.35 ns/op	3944.81 MB/s
PASS

shortname: workiva_triey-Iterator
toolchain: Baseline
goos: linux
goarch: arm64
pkg: github.com/Workiva/go-datastructures/trie/yfast
BenchmarkIterator-256     	  442735	      2705 ns/op
PASS

shortname: commonmark_markdown-RenderSpecNoHTML
toolchain: Baseline
goos: linux
goarch: arm64
pkg: gitlab.com/golang-commonmark/markdown
BenchmarkRenderSpecNoHTML-256     	     243	   4868153 ns/op
PASS

shortname: gonum_mat-UnmarshalVecDense10
toolchain: Baseline
goos: linux
goarch: arm64
pkg: gonum.org/v1/gonum/mat
BenchmarkUnmarshalVecDense10-256     	 3251640	       373.8 ns/op
PASS

shortname: gproto_json-Int
toolchain: Baseline
goos: linux
goarch: arm64
pkg: google.golang.org/protobuf/internal/encoding/json
BenchmarkInt-256     	 5168432	       232.6 ns/op
PASS

shortname: gonum_mat-TriMulDiag%2FBenchmarkTriMulDiag100
toolchain: Baseline
goos: linux
goarch: arm64
pkg: gonum.org/v1/gonum/mat
BenchmarkTriMulDiag/BenchmarkTriMulDiag100-256         	   29360	     40832 ns/op
PASS

shortname: benhoyt_goawk-NativeFunc
toolchain: Baseline
goos: linux
goarch: arm64
pkg: github.com/benhoyt/goawk/interp
BenchmarkNativeFunc-256     	  167488	      7394 ns/op
PASS

shortname: thriftrw_gen-RoundTrip%2FContainersOfContainers%2FEncode
toolchain: Baseline
goos: linux
goarch: arm64
pkg: go.uber.org/thriftrw/gen
BenchmarkRoundTrip/ContainersOfContainers/Encode-256  	   62197	     19122 ns/op
PASS

shortname: dustin_humanize-BigCommas
toolchain: Baseline
goos: linux
goarch: arm64
pkg: github.com/dustin/go-humanize
BenchmarkBigCommas-256     	 2383300	       505.2 ns/op
PASS

shortname: minio-MarshalMsgBatchJobReplicateFlags
toolchain: Baseline
goos: linux
goarch: arm64
pkg: github.com/minio/minio/cmd
BenchmarkMarshalMsgBatchJobReplicateFlags-256     	10130572	       122.6 ns/op	     208 B/op	       1 allocs/op
PASS

shortname: k8s_workqueue-DelayingQueue_AddAfter
toolchain: Baseline
goos: linux
goarch: arm64
pkg: k8s.io/client-go/util/workqueue
BenchmarkDelayingQueue_AddAfter-256     	  674110	      3047 ns/op
PASS

shortname: kanzi-ANS0
toolchain: Baseline
goos: linux
goarch: arm64
pkg: github.com/flanglet/kanzi-go/v2/benchmark
BenchmarkANS0-256     	     706	   1686540 ns/op
PASS

shortname: workiva_augmentedtree-AddItems
toolchain: Baseline
goos: linux
goarch: arm64
pkg: github.com/Workiva/go-datastructures/augmentedtree
BenchmarkAddItems-256     	    6466	    198160 ns/op
PASS

shortname: gproto_reflect-Value%2FInterface
toolchain: Baseline
goos: linux
goarch: arm64
pkg: google.golang.org/protobuf/reflect/protoreflect
BenchmarkValue/Interface-256         	58364338	        21.33 ns/op	      16 B/op	       1 allocs/op
PASS

shortname: dustin_humanize-Commaf
toolchain: Baseline
goos: linux
goarch: arm64
pkg: github.com/dustin/go-humanize
BenchmarkCommaf-256     	 4048338	       297.2 ns/op
PASS

shortname: ericlagergren_decimal-Pi%2Ffoo%3Dcockroachdb%2Fapd%2Fprec%3D100
toolchain: Baseline
goos: linux
goarch: arm64
pkg: github.com/ericlagergren/decimal_benchmarks
BenchmarkPi/foo=cockroachdb/apd/prec=100-256         	     236	   5081135 ns/op
PASS

shortname: minio-UnmarshalBatchJobKeyRotateV1
toolchain: Baseline
goos: linux
goarch: arm64
pkg: github.com/minio/minio/cmd
BenchmarkUnmarshalBatchJobKeyRotateV1-256     	 5342208	       223.1 ns/op	1030.76 MB/s	       0 B/op	       0 allocs/op
PASS

shortname: thriftrw_gen-RoundTrip%2FContainersOfContainers%2FDecode
toolchain: Baseline
goos: linux
goarch: arm64
pkg: go.uber.org/thriftrw/gen
BenchmarkRoundTrip/ContainersOfContainers/Decode-256  	   28176	     42662 ns/op
PASS

shortname: workiva_rangetree_skiplist-MultiDimensionInsertAtZeroDimension
toolchain: Baseline
goos: linux
goarch: arm64
pkg: github.com/Workiva/go-datastructures/rangetree/skiplist
BenchmarkMultiDimensionInsertAtZeroDimension-256     	   10000	   2637452 ns/op
PASS

shortname: hugo_helpers-AbsURL%2Fabsurl
toolchain: Baseline
goos: linux
goarch: arm64
pkg: github.com/gohugoio/hugo/helpers
BenchmarkAbsURL/absurl-256         	267340507	         4.489 ns/op
PASS

shortname: minio-AppendMsgBucketStats
toolchain: Baseline
goos: linux
goarch: arm64
pkg: github.com/minio/minio/cmd
BenchmarkAppendMsgBucketStats-256     	 8678852	       137.5 ns/op	3309.85 MB/s	       0 B/op	       0 allocs/op
PASS

shortname: gonum_community-NewUndirectedLayers%2FgraphSize%3D1000%2CnumGraphs%3D10
toolchain: Baseline
goos: linux
goarch: arm64
pkg: gonum.org/v1/gonum/graph/community
BenchmarkNewUndirectedLayers/graphSize=1000,numGraphs=10-256         	     940	   1278570 ns/op
PASS

shortname: capnproto2-Unmarshal_Reuse
toolchain: Baseline
goos: linux
goarch: arm64
pkg: zombiezen.com/go/capnproto2
BenchmarkUnmarshal_Reuse-256     	 2599501	       460.4 ns/op	       0 B/op	       0 allocs/op
PASS

shortname: gproto_json-Bool
toolchain: Baseline
goos: linux
goarch: arm64
pkg: google.golang.org/protobuf/internal/encoding/json
BenchmarkBool-256     	29632658	        40.48 ns/op
PASS

shortname: benhoyt_goawk-SimpleBuiltins
toolchain: Baseline
goos: linux
goarch: arm64
pkg: github.com/benhoyt/goawk/interp
BenchmarkSimpleBuiltins-256     	 2312714	       533.9 ns/op
PASS

shortname: ethereum_whisper-DecryptionSymInvalid
toolchain: Baseline
goos: linux
goarch: arm64
pkg: github.com/ethereum/go-ethereum/whisper/whisperv6
BenchmarkDecryptionSymInvalid-256     	 6014618	       204.3 ns/op
PASS

shortname: gproto_proto-EqualWithDeeplyNestedIdenticalPtr
toolchain: Baseline
goos: linux
goarch: arm64
pkg: google.golang.org/protobuf/proto
BenchmarkEqualWithDeeplyNestedIdenticalPtr-256     	257000571	         4.664 ns/op	       0 B/op	       0 allocs/op
PASS

shortname: shopify_sarama-ZstdMemoryConsumption%2Fno_drain
toolchain: Baseline
goos: linux
goarch: arm64
pkg: github.com/IBM/sarama
BenchmarkZstdMemoryConsumption/no_drain-256         	    2718	    426410 ns/op	   10965 B/op	       4 allocs/op
PASS

shortname: semver-CoerceNewVersionSimple
toolchain: Baseline
goos: linux
goarch: arm64
pkg: github.com/Masterminds/semver/v3
BenchmarkCoerceNewVersionSimple-256     	 6037660	       198.2 ns/op	     128 B/op	       2 allocs/op
PASS

shortname: gonum_lapack_native-Dlantb%2FFrobeniusLowerNonUnitN%3D10000K%3D2
toolchain: Baseline
goos: linux
goarch: arm64
pkg: gonum.org/v1/gonum/lapack/gonum
BenchmarkDlantb/FrobeniusLowerNonUnitN=10000K=2-256         	   10000	    102414 ns/op
PASS

shortname: gonum_mat-CholeskyInverseTo%2Fn%3D100
toolchain: Baseline
goos: linux
goarch: arm64
pkg: gonum.org/v1/gonum/mat
BenchmarkCholeskyInverseTo/n=100-256         	    5479	    218656 ns/op
PASS

shortname: kanzi-Huffman
toolchain: Baseline
goos: linux
goarch: arm64
pkg: github.com/flanglet/kanzi-go/v2/benchmark
BenchmarkHuffman-256     	     640	   1869643 ns/op
PASS

shortname: benhoyt_goawk-BuiltinGsubAmpersand
toolchain: Baseline
goos: linux
goarch: arm64
pkg: github.com/benhoyt/goawk/interp
BenchmarkBuiltinGsubAmpersand-256     	   70137	     17496 ns/op
PASS

shortname: dustin_humanize-ParseBytes
toolchain: Baseline
goos: linux
goarch: arm64
pkg: github.com/dustin/go-humanize
BenchmarkParseBytes-256     	10837678	       112.6 ns/op
PASS

shortname: gonum_mat-Pool100by100Uncleared
toolchain: Baseline
goos: linux
goarch: arm64
pkg: gonum.org/v1/gonum/mat
BenchmarkPool100by100Uncleared-256     	63711818	        18.84 ns/op
PASS

shortname: workiva_btree_palm-BulkGet
toolchain: Baseline
goos: linux
goarch: arm64
pkg: github.com/Workiva/go-datastructures/btree/palm
BenchmarkBulkGet-256     	   10000	    718930 ns/op
PASS

shortname: kanzi-BWTSmallBlock
toolchain: Baseline
goos: linux
goarch: arm64
pkg: github.com/flanglet/kanzi-go/v2/benchmark
BenchmarkBWTSmallBlock-256     	      27	  41839713 ns/op
PASS

shortname: gonum_community-NewDirectedLayers%2FgraphSize%3D10%2CnumGraphs%3D1
toolchain: Baseline
goos: linux
goarch: arm64
pkg: gonum.org/v1/gonum/graph/community
BenchmarkNewDirectedLayers/graphSize=10,numGraphs=1-256         	 1000000	      1206 ns/op
PASS

shortname: uuid-UUID_UnmarshalJSON
toolchain: Baseline
goos: linux
goarch: arm64
pkg: github.com/google/uuid
BenchmarkUUID_UnmarshalJSON-256     	 3130490	       381.6 ns/op
PASS

shortname: dustin_broadcast-DirectSend
toolchain: Baseline
goos: linux
goarch: arm64
pkg: github.com/dustin/go-broadcast
BenchmarkDirectSend-256     	 2769094	       430.5 ns/op
PASS

shortname: gproto_proto-Decode%2Fjust_at_recursion_limit_%28%2Atest3.TestAllTypes%29
toolchain: Baseline
goos: linux
goarch: arm64
pkg: google.golang.org/protobuf/proto
BenchmarkDecode/just_at_recursion_limit_(*test3.TestAllTypes)-256         	 1000000	      2160 ns/op
PASS

shortname: ethereum_trie-DecodeShortNodeUnsafe
toolchain: Baseline
Seed: 82e776e6c642b42c
goos: linux
goarch: arm64
pkg: github.com/ethereum/go-ethereum/trie
BenchmarkDecodeShortNodeUnsafe-256     	 7259521	       169.0 ns/op	     109 B/op	       3 allocs/op
PASS

shortname: gproto_micro-Extension%2FGet%2FSet
toolchain: Baseline
goos: linux
goarch: arm64
pkg: google.golang.org/protobuf/internal/benchmarks/micro
BenchmarkExtension/Get/Set-256         	 7342489	       166.3 ns/op
PASS

shortname: minio-EncodedataUsageCacheInfo
toolchain: Baseline
goos: linux
goarch: arm64
pkg: github.com/minio/minio/cmd
BenchmarkEncodedataUsageCacheInfo-256     	21356880	        56.12 ns/op	1015.76 MB/s	       0 B/op	       0 allocs/op
PASS

shortname: gonum_mat-MarshalToVecDense10
toolchain: Baseline
goos: linux
goarch: arm64
pkg: gonum.org/v1/gonum/mat
BenchmarkMarshalToVecDense10-256     	 2467802	       490.3 ns/op
PASS

shortname: gonum_traverse-WalkAllDepthFirstGnp_100_half
toolchain: Baseline
goos: linux
goarch: arm64
pkg: gonum.org/v1/gonum/graph/traverse
BenchmarkWalkAllDepthFirstGnp_100_half-256     	    2926	    404383 ns/op
PASS

shortname: semver-CheckVersionRange
toolchain: Baseline
goos: linux
goarch: arm64
pkg: github.com/Masterminds/semver/v3
BenchmarkCheckVersionRange-256     	30418558	        38.70 ns/op	       0 B/op	       0 allocs/op
PASS

shortname: wazero-Compilation%2Fwithout_extern_cache
toolchain: Baseline
goos: linux
goarch: arm64
pkg: github.com/tetratelabs/wazero/internal/integration_test/bench
BenchmarkCompilation/without_extern_cache-256         	      93	  12720907 ns/op
PASS

shortname: workiva_hilbert-BulkUpdatePoints
toolchain: Baseline
goos: linux
goarch: arm64
pkg: github.com/Workiva/go-datastructures/rtree/hilbert
BenchmarkBulkUpdatePoints-256     	    2836	    439099 ns/op
PASS

shortname: ethereum_ecies-GenSharedKeyP256
toolchain: Baseline
goos: linux
goarch: arm64
pkg: github.com/ethereum/go-ethereum/crypto/ecies
BenchmarkGenSharedKeyP256-256     	   20504	     58606 ns/op
PASS

shortname: semver-ValidateVersionRangeFail
toolchain: Baseline
goos: linux
goarch: arm64
pkg: github.com/Masterminds/semver/v3
BenchmarkValidateVersionRangeFail-256     	 1905681	       628.8 ns/op	     190 B/op	       7 allocs/op
PASS

shortname: uuid-UUID_MarshalJSON
toolchain: Baseline
goos: linux
goarch: arm64
pkg: github.com/google/uuid
BenchmarkUUID_MarshalJSON-256     	 3450636	       352.8 ns/op
PASS

shortname: gonum_topo-SortStabilizedPath_100000
toolchain: Baseline
goos: linux
goarch: arm64
pkg: gonum.org/v1/gonum/graph/topo
BenchmarkSortStabilizedPath_100000-256     	       9	 125887507 ns/op
PASS

shortname: hugo_hugolib-CreateShortcodePlaceholders
toolchain: Baseline
goos: linux
goarch: arm64
pkg: github.com/gohugoio/hugo/hugolib
BenchmarkCreateShortcodePlaceholders-256     	23260082	        52.80 ns/op
PASS

shortname: gonum_mat-CholeskyFactorize%2Fn%3D10
toolchain: Baseline
goos: linux
goarch: arm64
pkg: gonum.org/v1/gonum/mat
BenchmarkCholeskyFactorize/n=10-256         	  436522	      2752 ns/op
PASS

shortname: dustin_humanize-ParseSI
toolchain: Baseline
goos: linux
goarch: arm64
pkg: github.com/dustin/go-humanize
BenchmarkParseSI-256     	 2704838	       439.0 ns/op
PASS

shortname: ethereum_whisper-DecryptionAsymInvalid
toolchain: Baseline
goos: linux
goarch: arm64
pkg: github.com/ethereum/go-ethereum/whisper/whisperv6
BenchmarkDecryptionAsymInvalid-256     	   10000	    106771 ns/op
PASS

shortname: workiva_avl-ImmutableInsert
toolchain: Baseline
goos: linux
goarch: arm64
pkg: github.com/Workiva/go-datastructures/tree/avl
BenchmarkImmutableInsert-256     	 1269274	       950.0 ns/op
PASS

shortname: commonmark_markdown-RenderSpecNoHTML
toolchain: Baseline
goos: linux
goarch: arm64
pkg: gitlab.com/golang-commonmark/markdown
BenchmarkRenderSpecNoHTML-256     	     242	   4923685 ns/op
PASS

shortname: dustin_humanize-ParseBytes
toolchain: Baseline
goos: linux
goarch: arm64
pkg: github.com/dustin/go-humanize
BenchmarkParseBytes-256     	10798414	       112.2 ns/op
PASS

shortname: gproto_json-Bool
toolchain: Baseline
goos: linux
goarch: arm64
pkg: google.golang.org/protobuf/internal/encoding/json
BenchmarkBool-256     	29627676	        40.43 ns/op
PASS

shortname: rcrowley_metrics-Histogram
toolchain: Baseline
goos: linux
goarch: arm64
pkg: github.com/rcrowley/go-metrics
BenchmarkHistogram-256     	29614755	        39.33 ns/op
PASS

shortname: gonum_mat-CholeskyInverseTo%2Fn%3D100
toolchain: Baseline
goos: linux
goarch: arm64
pkg: gonum.org/v1/gonum/mat
BenchmarkCholeskyInverseTo/n=100-256         	    5475	    218801 ns/op
PASS

shortname: ethereum_trie-DecodeShortNodeUnsafe
toolchain: Baseline
Seed: c8c6faac276cc9d6
goos: linux
goarch: arm64
pkg: github.com/ethereum/go-ethereum/trie
BenchmarkDecodeShortNodeUnsafe-256     	 7092972	       169.7 ns/op	     109 B/op	       3 allocs/op
PASS

shortname: gonum_lapack_native-Dgeev%2FCirculant5
toolchain: Baseline
goos: linux
goarch: arm64
pkg: gonum.org/v1/gonum/lapack/gonum
BenchmarkDgeev/Circulant5-256         	  128343	      9077 ns/op
PASS

shortname: thriftrw_gen-RoundTrip%2FPrimitiveOptionalStruct%2FStreaming_Decode
toolchain: Baseline
goos: linux
goarch: arm64
pkg: go.uber.org/thriftrw/gen
BenchmarkRoundTrip/PrimitiveOptionalStruct/Streaming_Decode-256         	 1302590	       922.0 ns/op
PASS

shortname: gonum_lapack_native-Dlantb%2FFrobeniusLowerNonUnitN%3D10000K%3D2
toolchain: Baseline
goos: linux
goarch: arm64
pkg: gonum.org/v1/gonum/lapack/gonum
BenchmarkDlantb/FrobeniusLowerNonUnitN=10000K=2-256         	   10000	    106594 ns/op
PASS

shortname: semver-CheckVersionRange
toolchain: Baseline
goos: linux
goarch: arm64
pkg: github.com/Masterminds/semver/v3
BenchmarkCheckVersionRange-256     	31056928	        39.22 ns/op	       0 B/op	       0 allocs/op
PASS

shortname: ethereum_whisper-DecryptionAsymInvalid
toolchain: Baseline
goos: linux
goarch: arm64
pkg: github.com/ethereum/go-ethereum/whisper/whisperv6
BenchmarkDecryptionAsymInvalid-256     	   10771	    107547 ns/op
PASS

shortname: minio-AppendMsgBucketStats
toolchain: Baseline
goos: linux
goarch: arm64
pkg: github.com/minio/minio/cmd
BenchmarkAppendMsgBucketStats-256     	 8647365	       137.8 ns/op	3302.05 MB/s	       0 B/op	       0 allocs/op
PASS

shortname: k8s_workqueue-DelayingQueue_AddAfter
toolchain: Baseline
goos: linux
goarch: arm64
pkg: k8s.io/client-go/util/workqueue
BenchmarkDelayingQueue_AddAfter-256     	  584104	      2865 ns/op
PASS

shortname: shopify_sarama-_getMetricNameForTopic
toolchain: Baseline
goos: linux
goarch: arm64
pkg: github.com/IBM/sarama
Benchmark_getMetricNameForTopic-256     	13233109	        90.68 ns/op	      16 B/op	       1 allocs/op
PASS

shortname: wazero-Compilation%2Fwithout_extern_cache
toolchain: Baseline
goos: linux
goarch: arm64
pkg: github.com/tetratelabs/wazero/internal/integration_test/bench
BenchmarkCompilation/without_extern_cache-256         	      97	  12640057 ns/op
PASS

shortname: gonum_community-NewDirectedLayers%2FgraphSize%3D10%2CnumGraphs%3D1
toolchain: Baseline
goos: linux
goarch: arm64
pkg: gonum.org/v1/gonum/graph/community
BenchmarkNewDirectedLayers/graphSize=10,numGraphs=1-256         	 1000000	      1206 ns/op
PASS

shortname: gproto_proto-EqualWithDeeplyNestedIdenticalPtr
toolchain: Baseline
goos: linux
goarch: arm64
pkg: google.golang.org/protobuf/proto
BenchmarkEqualWithDeeplyNestedIdenticalPtr-256     	257363043	         4.664 ns/op	       0 B/op	       0 allocs/op
PASS

shortname: gproto_json-Int
toolchain: Baseline
goos: linux
goarch: arm64
pkg: google.golang.org/protobuf/internal/encoding/json
BenchmarkInt-256     	 5160783	       232.9 ns/op
PASS

shortname: ethereum_ethash-DifficultyCalculator%2Fu256-homestead
toolchain: Baseline
goos: linux
goarch: arm64
pkg: github.com/ethereum/go-ethereum/consensus/ethash
BenchmarkDifficultyCalculator/u256-homestead-256         	14010080	        87.77 ns/op	      64 B/op	       2 allocs/op
PASS

shortname: gonum_mat-MarshalToVecDense10
toolchain: Baseline
goos: linux
goarch: arm64
pkg: gonum.org/v1/gonum/mat
BenchmarkMarshalToVecDense10-256     	 2455244	       488.2 ns/op
PASS

shortname: kanzi-Huffman
toolchain: Baseline
goos: linux
goarch: arm64
pkg: github.com/flanglet/kanzi-go/v2/benchmark
BenchmarkHuffman-256     	     638	   1872989 ns/op
PASS

shortname: workiva_set-Clear
toolchain: Baseline
goos: linux
goarch: arm64
pkg: github.com/Workiva/go-datastructures/set
BenchmarkClear-256     	14061814	        86.65 ns/op
PASS

shortname: benhoyt_goawk-NativeFunc
toolchain: Baseline
goos: linux
goarch: arm64
pkg: github.com/benhoyt/goawk/interp
BenchmarkNativeFunc-256     	  162573	      7453 ns/op
PASS

shortname: minio-DecodeBucketStats
toolchain: Baseline
goos: linux
goarch: arm64
pkg: github.com/minio/minio/cmd
BenchmarkDecodeBucketStats-256     	 1617260	       741.7 ns/op	 613.49 MB/s	       0 B/op	       0 allocs/op
PASS

shortname: uuid-UUID_UnmarshalJSON
toolchain: Baseline
goos: linux
goarch: arm64
pkg: github.com/google/uuid
BenchmarkUUID_UnmarshalJSON-256     	 3116593	       387.1 ns/op
PASS

shortname: gonum_mat-UnmarshalVecDense10
toolchain: Baseline
goos: linux
goarch: arm64
pkg: gonum.org/v1/gonum/mat
BenchmarkUnmarshalVecDense10-256     	 3242974	       366.9 ns/op
PASS

shortname: gonum_topo-SortStabilizedPath_100000
toolchain: Baseline
goos: linux
goarch: arm64
pkg: gonum.org/v1/gonum/graph/topo
BenchmarkSortStabilizedPath_100000-256     	       9	 127715932 ns/op
PASS

shortname: thriftrw_gen-RoundTrip%2FContainersOfContainers%2FEncode
toolchain: Baseline
goos: linux
goarch: arm64
pkg: go.uber.org/thriftrw/gen
BenchmarkRoundTrip/ContainersOfContainers/Encode-256  	   61531	     19216 ns/op
PASS

shortname: gonum_mat-TriMulDiag%2FBenchmarkTriMulDiag100
toolchain: Baseline
goos: linux
goarch: arm64
pkg: gonum.org/v1/gonum/mat
BenchmarkTriMulDiag/BenchmarkTriMulDiag100-256         	   29256	     40809 ns/op
PASS

shortname: gproto_micro-EmptyMessage%2FWire%2FMarshal
toolchain: Baseline
goos: linux
goarch: arm64
pkg: google.golang.org/protobuf/internal/benchmarks/micro
BenchmarkEmptyMessage/Wire/Marshal-256         	1000000000	         0.3968 ns/op
PASS

shortname: rcrowley_metrics-Timer
toolchain: Baseline
goos: linux
goarch: arm64
pkg: github.com/rcrowley/go-metrics
BenchmarkTimer-256     	 4037161	       300.5 ns/op
PASS

shortname: ethereum_ecies-GenSharedKeyP256
toolchain: Baseline
goos: linux
goarch: arm64
pkg: github.com/ethereum/go-ethereum/crypto/ecies
BenchmarkGenSharedKeyP256-256     	   20493	     58614 ns/op
PASS

shortname: uuid-New
toolchain: Baseline
goos: linux
goarch: arm64
pkg: github.com/google/uuid
BenchmarkNew-256     	 3234244	       373.5 ns/op
PASS

shortname: gonum_mat-Pool100by100Uncleared
toolchain: Baseline
goos: linux
goarch: arm64
pkg: gonum.org/v1/gonum/mat
BenchmarkPool100by100Uncleared-256     	63549256	        18.77 ns/op
PASS

shortname: gonum_mat-AddScaledVec10Inc1
toolchain: Baseline
goos: linux
goarch: arm64
pkg: gonum.org/v1/gonum/mat
BenchmarkAddScaledVec10Inc1-256     	 5255962	       236.2 ns/op
PASS

shortname: capnproto2-Unmarshal_Reuse
toolchain: Baseline
goos: linux
goarch: arm64
pkg: zombiezen.com/go/capnproto2
BenchmarkUnmarshal_Reuse-256     	 2597026	       462.1 ns/op	       0 B/op	       0 allocs/op
PASS

shortname: uber_zap-JSONLogMarshalerFunc
toolchain: Baseline
goos: linux
goarch: arm64
pkg: go.uber.org/zap/zapcore
BenchmarkJSONLogMarshalerFunc-256     	  758058	      1562 ns/op
PASS

shortname: gonum_traverse-WalkAllDepthFirstGnp_100_half
toolchain: Baseline
goos: linux
goarch: arm64
pkg: gonum.org/v1/gonum/graph/traverse
BenchmarkWalkAllDepthFirstGnp_100_half-256     	    3024	    395730 ns/op
PASS

shortname: dustin_humanize-BigCommas
toolchain: Baseline
goos: linux
goarch: arm64
pkg: github.com/dustin/go-humanize
BenchmarkBigCommas-256     	 2413826	       503.3 ns/op
PASS

shortname: kanzi-ANS0
toolchain: Baseline
goos: linux
goarch: arm64
pkg: github.com/flanglet/kanzi-go/v2/benchmark
BenchmarkANS0-256     	     706	   1682042 ns/op
PASS

shortname: workiva_rangetree-ImmutableInsertSecondDimension
toolchain: Baseline
goos: linux
goarch: arm64
pkg: github.com/Workiva/go-datastructures/rangetree
BenchmarkImmutableInsertSecondDimension-256     	      37	  33227395 ns/op
PASS

shortname: cespare_xxhash-DigestBytes%2F100B
toolchain: Baseline
goos: linux
goarch: arm64
pkg: github.com/cespare/xxhash/v2
BenchmarkDigestBytes/100B-256         	47468428	        25.36 ns/op	3943.75 MB/s
PASS

shortname: benhoyt_goawk-BuiltinGsubAmpersand
toolchain: Baseline
goos: linux
goarch: arm64
pkg: github.com/benhoyt/goawk/interp
BenchmarkBuiltinGsubAmpersand-256     	   69895	     17698 ns/op
PASS

shortname: uuid-UUID_MarshalJSON
toolchain: Baseline
goos: linux
goarch: arm64
pkg: github.com/google/uuid
BenchmarkUUID_MarshalJSON-256     	 3423124	       348.7 ns/op
PASS

shortname: workiva_btree_palm-BulkGet
toolchain: Baseline
goos: linux
goarch: arm64
pkg: github.com/Workiva/go-datastructures/btree/palm
BenchmarkBulkGet-256     	   10000	    722039 ns/op
PASS

shortname: bloom_bits-BitSetExtractDeposit%2Fsize%3D64%2Ffn%3DDepositTo
toolchain: Baseline
goos: linux
goarch: arm64
pkg: github.com/bits-and-blooms/bitset
BenchmarkBitSetExtractDeposit/size=64/fn=DepositTo-256         	69920738	        17.01 ns/op	       0 B/op	       0 allocs/op
PASS

shortname: gonum_community-NewUndirectedLayers%2FgraphSize%3D1000%2CnumGraphs%3D10
toolchain: Baseline
goos: linux
goarch: arm64
pkg: gonum.org/v1/gonum/graph/community
BenchmarkNewUndirectedLayers/graphSize=1000,numGraphs=10-256         	     938	   1277035 ns/op
PASS

shortname: minio-MarshalMsgBatchJobReplicateFlags
toolchain: Baseline
goos: linux
goarch: arm64
pkg: github.com/minio/minio/cmd
BenchmarkMarshalMsgBatchJobReplicateFlags-256     	10244824	       122.7 ns/op	     208 B/op	       1 allocs/op
PASS

shortname: uber_tally-ScopeTaggedCachedSubscopes
toolchain: Baseline
goos: linux
goarch: arm64
pkg: github.com/uber-go/tally/v4
BenchmarkScopeTaggedCachedSubscopes-256     	 1293430	       933.3 ns/op
PASS

shortname: gproto_reflect-Value%2FInterface
toolchain: Baseline
goos: linux
goarch: arm64
pkg: google.golang.org/protobuf/reflect/protoreflect
BenchmarkValue/Interface-256         	57291432	        21.05 ns/op	      16 B/op	       1 allocs/op
PASS

shortname: dustin_humanize-Commaf
toolchain: Baseline
goos: linux
goarch: arm64
pkg: github.com/dustin/go-humanize
BenchmarkCommaf-256     	 4025164	       297.5 ns/op
PASS

shortname: gproto_micro-Extension%2FGet%2FSet
toolchain: Baseline
goos: linux
goarch: arm64
pkg: google.golang.org/protobuf/internal/benchmarks/micro
BenchmarkExtension/Get/Set-256         	 7251261	       165.7 ns/op
PASS

shortname: dustin_broadcast-DirectSend
toolchain: Baseline
goos: linux
goarch: arm64
pkg: github.com/dustin/go-broadcast
BenchmarkDirectSend-256     	 2768300	       423.6 ns/op
PASS

shortname: gproto_proto-Decode%2Ffield_type_mismatch_%28%2Atest3.TestAllTypes%29
toolchain: Baseline
goos: linux
goarch: arm64
pkg: google.golang.org/protobuf/proto
BenchmarkDecode/field_type_mismatch_(*test3.TestAllTypes)-256         	 1208131	      1277 ns/op
PASS

shortname: benhoyt_goawk-RepeatNew
toolchain: Baseline
goos: linux
goarch: arm64
pkg: github.com/benhoyt/goawk/interp
BenchmarkRepeatNew-256     	11832217	        98.62 ns/op
PASS

shortname: hugo_hugolib-CreateShortcodePlaceholders
toolchain: Baseline
goos: linux
goarch: arm64
pkg: github.com/gohugoio/hugo/hugolib
BenchmarkCreateShortcodePlaceholders-256     	22823120	        52.87 ns/op
PASS

shortname: dustin_humanize-ParseSI
toolchain: Baseline
goos: linux
goarch: arm64
pkg: github.com/dustin/go-humanize
BenchmarkParseSI-256     	 2767650	       441.0 ns/op
PASS

shortname: nelsam_gxui_interval-General
toolchain: Baseline
goos: linux
goarch: arm64
pkg: git.sr.ht/~nelsam/gxui/interval
BenchmarkGeneral-256     	 4425423	       283.3 ns/op
PASS

shortname: workiva_rangetree-Apply
toolchain: Baseline
goos: linux
goarch: arm64
pkg: github.com/Workiva/go-datastructures/rangetree
BenchmarkApply-256     	   85662	     14361 ns/op
PASS

shortname: minio-AppendMsgBatchJobExpire
toolchain: Baseline
goos: linux
goarch: arm64
pkg: github.com/minio/minio/cmd
BenchmarkAppendMsgBatchJobExpire-256     	29272062	        40.66 ns/op	2312.05 MB/s	       0 B/op	       0 allocs/op
PASS

shortname: minio-DecodeBatchJobKeyRotateV1
toolchain: Baseline
goos: linux
goarch: arm64
pkg: github.com/minio/minio/cmd
BenchmarkDecodeBatchJobKeyRotateV1-256     	 2964867	       392.1 ns/op	 586.52 MB/s	       0 B/op	       0 allocs/op
PASS

shortname: workiva_rangetree_skiplist-MultiDimensionInsertAtZeroDimension
toolchain: Baseline
goos: linux
goarch: arm64
pkg: github.com/Workiva/go-datastructures/rangetree/skiplist
BenchmarkMultiDimensionInsertAtZeroDimension-256     	   10000	   2707172 ns/op
PASS

shortname: gproto_proto-Decode%2Frequired_group_set_%28%2Arequired_opaque.Group%29
toolchain: Baseline
goos: linux
goarch: arm64
pkg: google.golang.org/protobuf/proto
BenchmarkDecode/required_group_set_(*required_opaque.Group)-256         	13447626	        77.43 ns/op
PASS

shortname: capnproto2-Growth_MultiSegment
toolchain: Baseline
goos: linux
goarch: arm64
pkg: zombiezen.com/go/capnproto2
BenchmarkGrowth_MultiSegment-256     	      84	  14107797 ns/op	  74.33 MB/s	 1648765 B/op	      21 allocs/op
PASS

shortname: gonum_mat-CholeskyFactorize%2Fn%3D10
toolchain: Baseline
goos: linux
goarch: arm64
pkg: gonum.org/v1/gonum/mat
BenchmarkCholeskyFactorize/n=10-256         	  436491	      2753 ns/op
PASS

shortname: k8s_cache-EachListItemWithAlloc%2FPodList
toolchain: Baseline
goos: linux
goarch: arm64
pkg: k8s.io/client-go/tools/cache
BenchmarkEachListItemWithAlloc/PodList-256         	   17912	     67854 ns/op
PASS

shortname: minio-UnmarshalReplicationMRFStats
toolchain: Baseline
goos: linux
goarch: arm64
pkg: github.com/minio/minio/cmd
BenchmarkUnmarshalReplicationMRFStats-256     	46902022	        25.59 ns/op	2187.97 MB/s	       0 B/op	       0 allocs/op
PASS

shortname: ericlagergren_decimal-Mandelbrot_decimal_GDA_9
toolchain: Baseline
goos: linux
goarch: arm64
pkg: github.com/ericlagergren/decimal_benchmarks
BenchmarkMandelbrot_decimal_GDA_9-256     	       1	1889510810 ns/op
PASS

shortname: uber_tally-TimerReport
toolchain: Baseline
goos: linux
goarch: arm64
pkg: github.com/uber-go/tally/v4
BenchmarkTimerReport-256     	18766194	        63.98 ns/op
PASS

shortname: benhoyt_goawk-SimpleBuiltins
toolchain: Baseline
goos: linux
goarch: arm64
pkg: github.com/benhoyt/goawk/interp
BenchmarkSimpleBuiltins-256     	 2309986	       533.2 ns/op
PASS

shortname: ericlagergren_decimal-Pi%2Ffoo%3Dapmckinlay%2Fprec%3D19
toolchain: Baseline
goos: linux
goarch: arm64
pkg: github.com/ericlagergren/decimal_benchmarks
BenchmarkPi/foo=apmckinlay/prec=19-256 	  473436	      2486 ns/op
PASS

shortname: gonum_community-NewDirectedLayers%2FgraphSize%3D1000%2CnumGraphs%3D1
toolchain: Baseline
goos: linux
goarch: arm64
pkg: gonum.org/v1/gonum/graph/community
BenchmarkNewDirectedLayers/graphSize=1000,numGraphs=1-256         	   10000	    107044 ns/op
PASS

shortname: workiva_augmentedtree-AddItems
toolchain: Baseline
goos: linux
goarch: arm64
pkg: github.com/Workiva/go-datastructures/augmentedtree
BenchmarkAddItems-256     	    6786	    199035 ns/op
PASS

shortname: ericlagergren_decimal-Pi%2Ffoo%3Dgo-inf%2Fprec%3D100
toolchain: Baseline
goos: linux
goarch: arm64
pkg: github.com/ericlagergren/decimal_benchmarks
BenchmarkPi/foo=go-inf/prec=100-256         	   10000	    108132 ns/op
PASS

shortname: gproto_proto-Decode%2Fbasic_scalar_types_%28%2Atest.TestAllTypes%29
toolchain: Baseline
goos: linux
goarch: arm64
pkg: google.golang.org/protobuf/proto
BenchmarkDecode/basic_scalar_types_(*test.TestAllTypes)-256         	 1000000	      2018 ns/op
PASS

shortname: benhoyt_goawk-RecursiveFunc
toolchain: Baseline
goos: linux
goarch: arm64
pkg: github.com/benhoyt/goawk/interp
BenchmarkRecursiveFunc-256     	  116065	     10654 ns/op
PASS

shortname: gproto_proto-EqualWithDeeplyNestedEqual
toolchain: Baseline
goos: linux
goarch: arm64
pkg: google.golang.org/protobuf/proto
BenchmarkEqualWithDeeplyNestedEqual-256     	   22833	     52627 ns/op	       0 B/op	       0 allocs/op
PASS

shortname: hugo_helpers-AbsURL%2Fabsurl
toolchain: Baseline
goos: linux
goarch: arm64
pkg: github.com/gohugoio/hugo/helpers
BenchmarkAbsURL/absurl-256         	267346177	         4.489 ns/op
PASS

shortname: shopify_sarama-ZstdMemoryConsumption%2Fno_drain
toolchain: Baseline
goos: linux
goarch: arm64
pkg: github.com/IBM/sarama
BenchmarkZstdMemoryConsumption/no_drain-256         	    2528	    457675 ns/op	   11556 B/op	       4 allocs/op
PASS

shortname: minio-UnmarshalBucketStats
toolchain: Baseline
goos: linux
goarch: arm64
pkg: github.com/minio/minio/cmd
BenchmarkUnmarshalBucketStats-256     	 3176907	       376.9 ns/op	1207.33 MB/s	       0 B/op	       0 allocs/op
PASS

shortname: workiva_bitarray-CompressedIntersects
toolchain: Baseline
goos: linux
goarch: arm64
pkg: github.com/Workiva/go-datastructures/bitarray
BenchmarkCompressedIntersects-256     	22677176	        56.11 ns/op
PASS

shortname: workiva_set-Exists
toolchain: Baseline
goos: linux
goarch: arm64
pkg: github.com/Workiva/go-datastructures/set
BenchmarkExists-256     	30262267	        39.34 ns/op
PASS

shortname: workiva_hilbert-BulkUpdatePoints
toolchain: Baseline
goos: linux
goarch: arm64
pkg: github.com/Workiva/go-datastructures/rtree/hilbert
BenchmarkBulkUpdatePoints-256     	    2890	    446666 ns/op
PASS

shortname: dustin_broadcast-ParallelBrodcast
toolchain: Baseline
goos: linux
goarch: arm64
pkg: github.com/dustin/go-broadcast
BenchmarkParallelBrodcast-256     	 1831221	       682.6 ns/op
PASS

shortname: workiva_triey-Iterator
toolchain: Baseline
goos: linux
goarch: arm64
pkg: github.com/Workiva/go-datastructures/trie/yfast
BenchmarkIterator-256     	  445006	      2706 ns/op
PASS

shortname: thriftrw_gen-RoundTrip%2FContainersOfContainers%2FDecode
toolchain: Baseline
goos: linux
goarch: arm64
pkg: go.uber.org/thriftrw/gen
BenchmarkRoundTrip/ContainersOfContainers/Decode-256  	   27864	     42608 ns/op
PASS

shortname: gproto_proto-Decode%2Frequired_field_in_oneof_message_set_%28%2Atest.TestRequiredForeign%29
toolchain: Baseline
goos: linux
goarch: arm64
pkg: google.golang.org/protobuf/proto
BenchmarkDecode/required_field_in_oneof_message_set_(*test.TestRequiredForeign)-256         	 4835530	       263.0 ns/op
PASS

shortname: minio-UnmarshalBatchJobKeyRotateV1
toolchain: Baseline
goos: linux
goarch: arm64
pkg: github.com/minio/minio/cmd
BenchmarkUnmarshalBatchJobKeyRotateV1-256     	 5348193	       223.6 ns/op	1028.73 MB/s	       0 B/op	       0 allocs/op
PASS

shortname: semver-CoerceNewVersionSimple
toolchain: Baseline
goos: linux
goarch: arm64
pkg: github.com/Masterminds/semver/v3
BenchmarkCoerceNewVersionSimple-256     	 6127118	       197.0 ns/op	     128 B/op	       2 allocs/op
PASS

shortname: kanzi-CM
toolchain: Baseline
goos: linux
goarch: arm64
pkg: github.com/flanglet/kanzi-go/v2/benchmark
BenchmarkCM-256     	      24	  49810667 ns/op
PASS

shortname: gproto_encoding-TextDecode
toolchain: Baseline
goos: linux
goarch: arm64
pkg: google.golang.org/protobuf/encoding
BenchmarkTextDecode-256     	      32	  36493096 ns/op
PASS

shortname: ericlagergren_decimal-Pi%2Ffoo%3Dcockroachdb%2Fapd%2Fprec%3D100
toolchain: Baseline
goos: linux
goarch: arm64
pkg: github.com/ericlagergren/decimal_benchmarks
BenchmarkPi/foo=cockroachdb/apd/prec=100-256         	     236	   5083874 ns/op
PASS

shortname: kanzi-BWTSmallBlock
toolchain: Baseline
goos: linux
goarch: arm64
pkg: github.com/flanglet/kanzi-go/v2/benchmark
BenchmarkBWTSmallBlock-256     	      28	  41795558 ns/op
PASS

shortname: minio-EncodedataUsageCacheInfo
toolchain: Baseline
goos: linux
goarch: arm64
pkg: github.com/minio/minio/cmd
BenchmarkEncodedataUsageCacheInfo-256     	21344560	        56.19 ns/op	1014.38 MB/s	       0 B/op	       0 allocs/op
PASS

shortname: ethereum_whisper-DecryptionSymInvalid
toolchain: Baseline
goos: linux
goarch: arm64
pkg: github.com/ethereum/go-ethereum/whisper/whisperv6
BenchmarkDecryptionSymInvalid-256     	 6219768	       195.0 ns/op
PASS

shortname: workiva_queue-PriorityQueue
toolchain: Baseline
goos: linux
goarch: arm64
pkg: github.com/Workiva/go-datastructures/queue
BenchmarkPriorityQueue-256     	 1854193	       662.7 ns/op
PASS

shortname: hugo_helpers-RelURL
toolchain: Baseline
goos: linux
goarch: arm64
pkg: github.com/gohugoio/hugo/helpers
BenchmarkRelURL-256     	 3390333	       358.5 ns/op
PASS

shortname: gproto_proto-Decode%2Fjust_at_recursion_limit_%28%2Atest3.TestAllTypes%29
toolchain: Baseline
goos: linux
goarch: arm64
pkg: google.golang.org/protobuf/proto
BenchmarkDecode/just_at_recursion_limit_(*test3.TestAllTypes)-256         	  974264	      2731 ns/op
PASS

shortname: semver-ValidateVersionRangeFail
toolchain: Baseline
goos: linux
goarch: arm64
pkg: github.com/Masterminds/semver/v3
BenchmarkValidateVersionRangeFail-256     	 1936941	       636.2 ns/op	     190 B/op	       7 allocs/op
PASS
[golang-parse] normalized 154 official benchmark measurements
