[hnswlib] running original sra_test hnswlib_test on five datasets
[hnswlib-sra] downloading https://ann-benchmarks.com/sift-128-euclidean.hdf5
  % Total    % Received % Xferd  Average Speed   Time    Time     Time  Current
                                 Dload  Upload   Total   Spent    Left  Speed

  0     0    0     0    0     0      0      0 --:--:-- --:--:-- --:--:--     0
  0  500M    0  261k    0     0   326k      0  0:26:11 --:--:--  0:26:11  326k
  2  500M    2 14.6M    0     0  8292k      0  0:01:01  0:00:01  0:01:00 8288k
  2  500M    2 14.7M    0     0  5350k      0  0:01:35  0:00:02  0:01:33 5349k
  2  500M    2 14.7M    0     0  3953k      0  0:02:09  0:00:03  0:02:06 3952k
  2  500M    2 14.7M    0     0  3161k      0  0:02:42  0:00:04  0:02:38 3161k
  2  500M    2 14.8M    0     0  2621k      0  0:03:15  0:00:05  0:03:10 2990k
  2  500M    2 14.9M    0     0  2255k      0  0:03:47  0:00:06  0:03:41 64025
  3  500M    3 15.2M    0     0  2005k      0  0:04:15  0:00:07  0:04:08  119k
  6  500M    6 30.5M    0     0  3560k      0  0:02:24  0:00:08  0:02:16 3258k
  6  500M    6 34.5M    0     0  3610k      0  0:02:22  0:00:09  0:02:13 4038k
  8  500M    8 42.3M    0     0  4016k      0  0:02:07  0:00:10  0:01:57 5627k
  8  500M    8 42.4M    0     0  3678k      0  0:02:19  0:00:11  0:02:08 5610k
  8  500M    8 42.6M    0     0  3417k      0  0:02:30  0:00:12  0:02:18 5631k
 10  500M   10 51.9M    0     0  3858k      0  0:02:12  0:00:13  0:01:59 4382k
 10  500M   10 52.0M    0     0  3596k      0  0:02:22  0:00:14  0:02:08 3569k
 10  500M   10 52.0M    0     0  3371k      0  0:02:32  0:00:15  0:02:17 1980k
 10  500M   10 52.1M    0     0  3175k      0  0:02:41  0:00:16  0:02:25 1986k
 10  500M   10 52.1M    0     0  2998k      0  0:02:51  0:00:17  0:02:34 1930k
 10  500M   10 52.1M    0     0  2843k      0  0:03:00  0:00:18  0:02:42 39105
 10  500M   10 52.4M    0     0  2709k      0  0:03:09  0:00:19  0:02:50 78082
 12  500M   12 63.2M    0     0  3115k      0  0:02:44  0:00:20  0:02:24 2303k
 12  500M   12 63.6M    0     0  2990k      0  0:02:51  0:00:21  0:02:30 2370k
 12  500M   12 63.8M    0     0  2867k      0  0:02:58  0:00:22  0:02:36 2401k
 12  500M   12 64.3M    0     0  2766k      0  0:03:05  0:00:23  0:02:42 2477k
 14  500M   14 74.9M    0     0  3096k      0  0:02:45  0:00:24  0:02:21 4633k
 16  500M   16 84.5M    0     0  3355k      0  0:02:32  0:00:25  0:02:07 4353k
 17  500M   17 87.4M    0     0  3341k      0  0:02:33  0:00:26  0:02:07 4872k
 17  500M   17 87.6M    0     0  3228k      0  0:02:38  0:00:27  0:02:11 4870k
 17  500M   17 87.7M    0     0  3119k      0  0:02:44  0:00:28  0:02:16 4807k
 20  500M   20  100M    0     0  3458k      0  0:02:28  0:00:29  0:01:59 5248k
 20  500M   20  100M    0     0  3344k      0  0:02:33  0:00:30  0:02:03 3288k
 20  500M   20  100M    0     0  3242k      0  0:02:38  0:00:31  0:02:07 2713k
 20  500M   20  100M    0     0  3144k      0  0:02:43  0:00:32  0:02:11 2675k
 20  500M   20  100M    0     0  3052k      0  0:02:48  0:00:33  0:02:15 2664k
 20  500M   20  100M    0     0  2965k      0  0:02:52  0:00:34  0:02:18 44258
 20  500M   20  101M    0     0  2894k      0  0:02:57  0:00:35  0:02:22  104k
 20  500M   20  101M    0     0  2815k      0  0:03:02  0:00:36  0:02:26  103k
 21  500M   21  109M    0     0  2960k      0  0:02:53  0:00:37  0:02:16 1753k
 22  500M   22  112M    0     0  2980k      0  0:02:52  0:00:38  0:02:14 2495k
 22  500M   22  113M    0     0  2912k      0  0:02:56  0:00:39  0:02:17 2542k
 22  500M   22  113M    0     0  2841k      0  0:03:00  0:00:40  0:02:20 2464k
 23  500M   23  115M    0     0  2826k      0  0:03:01  0:00:41  0:02:20 2910k
 25  500M   25  129M    0     0  3100k      0  0:02:45  0:00:42  0:02:03 4146k
 25  500M   25  129M    0     0  3031k      0  0:02:49  0:00:43  0:02:06 3429k
 25  500M   25  129M    0     0  2964k      0  0:02:52  0:00:44  0:02:08 3377k
 25  500M   25  129M    0     0  2900k      0  0:02:56  0:00:45  0:02:11 3372k
 25  500M   25  129M    0     0  2840k      0  0:03:00  0:00:46  0:02:14 2955k
 25  500M   25  130M    0     0  2788k      0  0:03:03  0:00:47  0:02:16  113k
 27  500M   27  138M    0     0  2902k      0  0:02:56  0:00:48  0:02:08 1767k
 27  500M   27  138M    0     0  2855k      0  0:02:59  0:00:49  0:02:10 1873k
 27  500M   27  138M    0     0  2799k      0  0:03:03  0:00:50  0:02:13 1878k
 27  500M   27  139M    0     0  2752k      0  0:03:06  0:00:51  0:02:15 1927k
 30  500M   30  153M    0     0  2985k      0  0:02:51  0:00:52  0:01:59 4875k
 32  500M   32  161M    0     0  3080k      0  0:02:46  0:00:53  0:01:53 4818k
 32  500M   32  161M    0     0  3024k      0  0:02:49  0:00:54  0:01:55 4705k
 32  500M   32  161M    0     0  2972k      0  0:02:52  0:00:55  0:01:57 4730k
 32  500M   32  162M    0     0  2924k      0  0:02:55  0:00:56  0:01:59 4717k
 32  500M   32  162M    0     0  2878k      0  0:02:58  0:00:57  0:02:01 1752k
 34  500M   34  170M    0     0  2973k      0  0:02:52  0:00:58  0:01:54 1817k
 34  500M   34  170M    0     0  2923k      0  0:02:55  0:00:59  0:01:56 1821k
 34  500M   34  175M    0     0  2948k      0  0:02:53  0:01:00  0:01:53 2687k
 35  500M   35  175M    0     0  2908k      0  0:02:56  0:01:01  0:01:55 2732k
 35  500M   35  175M    0     0  2863k      0  0:02:59  0:01:02  0:01:57 2679k
 35  500M   35  175M    0     0  2818k      0  0:03:01  0:01:03  0:01:58 1003k
 35  500M   35  175M    0     0  2777k      0  0:03:04  0:01:04  0:02:00 1028k
 35  500M   35  176M    0     0  2741k      0  0:03:07  0:01:05  0:02:02  225k
 36  500M   36  180M    0     0  2771k      0  0:03:05  0:01:06  0:01:59 1085k
 38  500M   38  192M    0     0  2901k      0  0:02:56  0:01:07  0:01:49 3389k
 38  500M   38  192M    0     0  2860k      0  0:02:59  0:01:08  0:01:51 3387k
 38  500M   38  192M    0     0  2821k      0  0:03:01  0:01:09  0:01:52 3393k
 38  500M   38  193M    0     0  2792k      0  0:03:03  0:01:10  0:01:53 3460k
 38  500M   38  193M    0     0  2753k      0  0:03:06  0:01:11  0:01:55 2514k
 38  500M   38  193M    0     0  2715k      0  0:03:08  0:01:12  0:01:56  210k
 39  500M   39  199M    0     0  2772k      0  0:03:04  0:01:13  0:01:51 1569k
 41  500M   41  209M    0     0  2867k      0  0:02:58  0:01:14  0:01:44 3503k
 41  500M   41  209M    0     0  2831k      0  0:03:01  0:01:15  0:01:46 3381k
 42  500M   42  210M    0     0  2808k      0  0:03:02  0:01:16  0:01:46 3590k
 44  500M   44  225M    0     0  2964k      0  0:02:52  0:01:17  0:01:35 6595k
 44  500M   44  225M    0     0  2927k      0  0:02:55  0:01:18  0:01:37 5207k
 46  500M   46  235M    0     0  3018k      0  0:02:49  0:01:19  0:01:30 5291k
 47  500M   47  235M    0     0  2983k      0  0:02:51  0:01:20  0:01:31 5288k
 50  500M   50  250M    0     0  3135k      0  0:02:43  0:01:21  0:01:22 8154k
 50  500M   50  250M    0     0  3097k      0  0:02:45  0:01:22  0:01:23 5175k
 50  500M   50  250M    0     0  3061k      0  0:02:47  0:01:23  0:01:24 5172k
 50  500M   50  250M    0     0  3025k      0  0:02:49  0:01:24  0:01:25 3124k
 50  500M   50  250M    0     0  2990k      0  0:02:51  0:01:25  0:01:26 3103k
 50  500M   50  250M    0     0  2958k      0  0:02:53  0:01:26  0:01:27 80858
 53  500M   53  266M    0     0  3109k      0  0:02:44  0:01:27  0:01:17 3304k
 53  500M   53  266M    0     0  3075k      0  0:02:46  0:01:28  0:01:18 3305k
 53  500M   53  266M    0     0  3041k      0  0:02:48  0:01:29  0:01:19 3312k
 53  500M   53  266M    0     0  3007k      0  0:02:50  0:01:30  0:01:20 3306k
 53  500M   53  266M    0     0  2977k      0  0:02:52  0:01:31  0:01:21 3302k
 54  500M   54  271M    0     0  2990k      0  0:02:51  0:01:32  0:01:19  900k
 54  500M   54  271M    0     0  2961k      0  0:02:53  0:01:33  0:01:20  948k
 57  500M   57  286M    0     0  3094k      0  0:02:45  0:01:34  0:01:11 4046k
 57  500M   57  290M    0     0  3100k      0  0:02:45  0:01:35  0:01:10 4774k
 57  500M   57  290M    0     0  3069k      0  0:02:47  0:01:36  0:01:11 4764k
 57  500M   57  290M    0     0  3040k      0  0:02:48  0:01:37  0:01:11 3968k
 57  500M   57  290M    0     0  3010k      0  0:02:50  0:01:38  0:01:12 3923k
 60  500M   60  301M    0     0  3092k      0  0:02:45  0:01:39  0:01:06 3062k
 61  500M   61  306M    0     0  3116k      0  0:02:44  0:01:40  0:01:04 3420k
 61  500M   61  306M    0     0  3085k      0  0:02:46  0:01:41  0:01:05 3401k
 61  500M   61  307M    0     0  3068k      0  0:02:47  0:01:42  0:01:05 3605k
 64  500M   64  321M    0     0  3174k      0  0:02:41  0:01:43  0:00:58 6420k
 64  500M   64  324M    0     0  3168k      0  0:02:41  0:01:44  0:00:57 4687k
 67  500M   67  338M    0     0  3276k      0  0:02:36  0:01:45  0:00:51 6507k
 67  500M   67  338M    0     0  3245k      0  0:02:37  0:01:46  0:00:51 6507k
 67  500M   67  340M    0     0  3233k      0  0:02:38  0:01:47  0:00:51 6631k
 69  500M   69  346M    0     0  3261k      0  0:02:37  0:01:48  0:00:49 5066k
 69  500M   69  347M    0     0  3236k      0  0:02:38  0:01:49  0:00:49 4654k
 69  500M   69  347M    0     0  3207k      0  0:02:39  0:01:50  0:00:49 1756k
 69  500M   69  347M    0     0  3179k      0  0:02:41  0:01:51  0:00:50 1758k
 71  500M   71  356M    0     0  3238k      0  0:02:38  0:01:52  0:00:46 3340k
 71  500M   71  356M    0     0  3210k      0  0:02:39  0:01:53  0:00:46 2096k
 71  500M   71  356M    0     0  3182k      0  0:02:41  0:01:54  0:00:47 2001k
 71  500M   71  356M    0     0  3155k      0  0:02:42  0:01:55  0:00:47 2002k
 71  500M   71  357M    0     0  3130k      0  0:02:43  0:01:56  0:00:47 2033k
 72  500M   72  365M    0     0  3173k      0  0:02:41  0:01:57  0:00:44 1711k
 72  500M   72  365M    0     0  3146k      0  0:02:42  0:01:58  0:00:44 1708k
 72  500M   72  365M    0     0  3124k      0  0:02:44  0:01:59  0:00:45 1786k
 73  500M   73  365M    0     0  3101k      0  0:02:45  0:02:00  0:00:45 1845k
 75  500M   75  380M    0     0  3196k      0  0:02:40  0:02:01  0:00:39 4759k
 77  500M   77  389M    0     0  3244k      0  0:02:38  0:02:02  0:00:36 4930k
 77  500M   77  389M    0     0  3218k      0  0:02:39  0:02:03  0:00:36 4933k
 79  500M   79  395M    0     0  3246k      0  0:02:37  0:02:04  0:00:33 6150k
 79  500M   79  395M    0     0  3221k      0  0:02:39  0:02:05  0:00:34 6129k
 81  500M   81  410M    0     0  3312k      0  0:02:34  0:02:06  0:00:28 6125k
 83  500M   83  418M    0     0  3350k      0  0:02:33  0:02:07  0:00:26 5943k
 85  500M   85  429M    0     0  3414k      0  0:02:30  0:02:08  0:00:22 8270k
 86  500M   86  431M    0     0  3404k      0  0:02:30  0:02:09  0:00:21 7375k
 86  500M   86  432M    0     0  3387k      0  0:02:31  0:02:10  0:00:21 7534k
 89  500M   89  447M    0     0  3473k      0  0:02:27  0:02:11  0:00:16 7554k
 89  500M   89  447M    0     0  3447k      0  0:02:28  0:02:12  0:00:16 5918k
 89  500M   89  447M    0     0  3423k      0  0:02:29  0:02:13  0:00:16 3651k
 92  500M   92  464M    0     0  3527k      0  0:02:25  0:02:14  0:00:11 6731k
 92  500M   92  465M    0     0  3510k      0  0:02:26  0:02:15  0:00:11 6742k
 92  500M   92  465M    0     0  3485k      0  0:02:27  0:02:16  0:00:11 3799k
 92  500M   92  465M    0     0  3460k      0  0:02:28  0:02:17  0:00:11 3803k
 92  500M   92  465M    0     0  3435k      0  0:02:29  0:02:18  0:00:11 3760k
 92  500M   92  465M    0     0  3410k      0  0:02:30  0:02:19  0:00:11  277k
 93  500M   93  465M    0     0  3387k      0  0:02:31  0:02:20  0:00:11 41920
 93  500M   93  470M    0     0  3399k      0  0:02:30  0:02:21  0:00:09 1052k
 94  500M   94  470M    0     0  3375k      0  0:02:31  0:02:22  0:00:09 1046k
 96  500M   96  484M    0     0  3452k      0  0:02:28  0:02:23  0:00:05 3928k
 98  500M   98  491M    0     0  3477k      0  0:02:27  0:02:24  0:00:03 5354k
 98  500M   98  491M    0     0  3454k      0  0:02:28  0:02:25  0:00:03 5331k
 98  500M   98  491M    0     0  3430k      0  0:02:29  0:02:26  0:00:03 4315k
 98  500M   98  492M    0     0  3408k      0  0:02:30  0:02:27  0:00:03 4334k
100  500M  100  500M    0     0  3449k      0  0:02:28  0:02:28 --:--:-- 3355k
[hnswlib-sra] /home/runner/boostkit-perf/hnswlib/0.8.0/aarch64/38105761079-1/sra-test/hnswlib_test hnswlib sift-128-euclidean --no-pin
Loaded configuration:
  batch_size = 100
  batch_mode = false
  top_k = 10
  index_path = indexes/hnswlib/sift.hnswlib
  num_threads = 32
  nloop = 3
  metric = L2
  efc = 200
  save_or_load = save
  efs = 100
  k_f = 24
base vector size: 1000000
query vector size: 10000
Index build+prepare time: 16.5238 s
Loop 1/3:
  wall_time = 4.17681 s (broadcast->join)
  thread_time: min=3.9083 s, avg=3.97381 s, max=4.17634 s
  total_queries = nq(10000) * threads(32) = 320000
  QPS_total(wall) = 76613.6
  QPS_avg_thread  = 2516.47
Loop 2/3:
  wall_time = 4.19582 s (broadcast->join)
  thread_time: min=3.85651 s, avg=3.91103 s, max=4.19548 s
  total_queries = nq(10000) * threads(32) = 320000
  QPS_total(wall) = 76266.4
  QPS_avg_thread  = 2556.87
Loop 3/3:
  wall_time = 4.11097 s (broadcast->join)
  thread_time: min=3.86461 s, avg=3.93241 s, max=4.11073 s
  total_queries = nq(10000) * threads(32) = 320000
  QPS_total(wall) = 77840.6
  QPS_avg_thread  = 2542.97
==================================================
Final Summary (same nq per thread):
  build+prepare_time = 16.5238 s
  recall = 0.99011
  pin_threads = OFF
  loops = 3
  avg_loop_wall_time = 4.1612 s
  avg_thread_time(min/avg/max) = 3.87647 / 3.93908 / 4.16085 s
  mid50_sorted_wall_mean = 4.14389 s
  total_queries_per_loop = 320000
  final_QPS(mid50 wall mean) = 77222.2
  QPS_from_avg_thread_time * threads = 81237.2
[hnswlib-sra] downloading https://ann-benchmarks.com/glove-100-angular.hdf5
  % Total    % Received % Xferd  Average Speed   Time    Time     Time  Current
                                 Dload  Upload   Total   Spent    Left  Speed

  0     0    0     0    0     0      0      0 --:--:-- --:--:-- --:--:--     0
  0  462M    0     0    0     0      0      0 --:--:--  0:00:01 --:--:--     0
  0  462M    0 1300k    0     0   883k      0  0:08:56  0:00:01  0:08:55  883k
  0  462M    0 2170k    0     0   874k      0  0:09:02  0:00:02  0:09:00  873k
  0  462M    0 2230k    0     0   638k      0  0:12:22  0:00:03  0:12:19  638k
  0  462M    0 2326k    0     0   516k      0  0:15:17  0:00:04  0:15:13  516k
  0  462M    0 2394k    0     0   436k      0  0:18:04  0:00:05  0:17:59  541k
  0  462M    0 3114k    0     0   479k      0  0:16:27  0:00:06  0:16:21  361k
  0  462M    0 3187k    0     0   425k      0  0:18:35  0:00:07  0:18:28  202k
  0  462M    0 3257k    0     0   384k      0  0:20:33  0:00:08  0:20:25  205k
  2  462M    2 12.9M    0     0  1398k      0  0:05:38  0:00:09  0:05:29 2197k
  4  462M    4 20.0M    0     0  1961k      0  0:04:01  0:00:10  0:03:51 3633k
  4  462M    4 20.0M    0     0  1791k      0  0:04:24  0:00:11  0:04:13 3497k
  7  462M    7 35.2M    0     0  2898k      0  0:02:43  0:00:12  0:02:31 6625k
  7  462M    7 35.3M    0     0  2683k      0  0:02:56  0:00:13  0:02:43 6580k
 10  462M   10 50.8M    0     0  3593k      0  0:02:11  0:00:14  0:01:57 7728k
 12  462M   12 57.3M    0     0  3797k      0  0:02:04  0:00:15  0:01:49 7645k
 14  462M   14 66.5M    0     0  4137k      0  0:01:54  0:00:16  0:01:38 9524k
 14  462M   14 66.6M    0     0  3900k      0  0:02:01  0:00:17  0:01:44 6387k
 14  462M   14 66.6M    0     0  3695k      0  0:02:08  0:00:18  0:01:50 6426k
 15  462M   15 70.6M    0     0  3713k      0  0:02:07  0:00:19  0:01:48 4062k
 18  462M   18 83.9M    0     0  4197k      0  0:01:52  0:00:20  0:01:32 5433k
 19  462M   19 89.7M    0     0  4277k      0  0:01:50  0:00:21  0:01:29 4741k
 19  462M   19 89.9M    0     0  4094k      0  0:01:55  0:00:22  0:01:33 4774k
 19  462M   19 90.2M    0     0  3933k      0  0:02:00  0:00:23  0:01:37 4809k
 20  462M   20 95.8M    0     0  4009k      0  0:01:58  0:00:24  0:01:34 5161k
 23  462M   23  106M    0     0  4281k      0  0:01:50  0:00:25  0:01:25 4625k
 23  462M   23  106M    0     0  4136k      0  0:01:54  0:00:26  0:01:28 3529k
 23  462M   23  107M    0     0  3994k      0  0:01:58  0:00:27  0:01:31 3543k
 23  462M   23  107M    0     0  3854k      0  0:02:02  0:00:28  0:01:34 3482k
 26  462M   26  123M    0     0  4281k      0  0:01:50  0:00:29  0:01:21 5614k
 27  462M   27  126M    0     0  4250k      0  0:01:51  0:00:30  0:01:21 4088k
 27  462M   27  126M    0     0  4115k      0  0:01:55  0:00:31  0:01:24 4004k
 27  462M   27  126M    0     0  3992k      0  0:01:58  0:00:32  0:01:26 3981k
 27  462M   27  126M    0     0  3880k      0  0:02:02  0:00:33  0:01:29 4031k
 27  462M   27  126M    0     0  3772k      0  0:02:05  0:00:34  0:01:31  761k
 27  462M   27  127M    0     0  3672k      0  0:02:09  0:00:35  0:01:34  156k
 30  462M   30  142M    0     0  4001k      0  0:01:58  0:00:36  0:01:22 3278k
 30  462M   30  143M    0     0  3908k      0  0:02:01  0:00:37  0:01:24 3358k
 32  462M   32  148M    0     0  3958k      0  0:01:59  0:00:38  0:01:21 4479k
 34  462M   34  157M    0     0  4097k      0  0:01:55  0:00:39  0:01:16 6342k
 35  462M   35  165M    0     0  4181k      0  0:01:53  0:00:40  0:01:13 7798k
 35  462M   35  165M    0     0  4080k      0  0:01:56  0:00:41  0:01:15 4653k
 35  462M   35  165M    0     0  3988k      0  0:01:58  0:00:42  0:01:16 4589k
 35  462M   35  165M    0     0  3896k      0  0:02:01  0:00:43  0:01:18 3419k
 35  462M   35  165M    0     0  3809k      0  0:02:04  0:00:44  0:01:20 1543k
 35  462M   35  165M    0     0  3727k      0  0:02:07  0:00:45  0:01:22 39889
 35  462M   35  165M    0     0  3647k      0  0:02:09  0:00:46  0:01:23 39921
 35  462M   35  165M    0     0  3570k      0  0:02:12  0:00:47  0:01:25 38185
 39  462M   39  181M    0     0  3832k      0  0:02:03  0:00:48  0:01:15 3273k
 39  462M   39  184M    0     0  3816k      0  0:02:04  0:00:49  0:01:15 3878k
 39  462M   39  184M    0     0  3744k      0  0:02:06  0:00:50  0:01:16 3897k
 39  462M   39  184M    0     0  3673k      0  0:02:09  0:00:51  0:01:18 3920k
 40  462M   40  185M    0     0  3614k      0  0:02:11  0:00:52  0:01:19 4030k
 40  462M   40  185M    0     0  3546k      0  0:02:13  0:00:53  0:01:20  791k
 40  462M   40  188M    0     0  3546k      0  0:02:13  0:00:54  0:01:19  880k
 40  462M   40  188M    0     0  3483k      0  0:02:16  0:00:55  0:01:21  845k
 40  462M   40  189M    0     0  3428k      0  0:02:18  0:00:56  0:01:22  902k
 40  462M   40  189M    0     0  3376k      0  0:02:20  0:00:57  0:01:23  890k
 40  462M   40  189M    0     0  3321k      0  0:02:22  0:00:58  0:01:24  895k
 44  462M   44  204M    0     0  3525k      0  0:02:14  0:00:59  0:01:15 3287k
 44  462M   44  207M    0     0  3519k      0  0:02:14  0:01:00  0:01:14 3921k
 45  462M   45  208M    0     0  3470k      0  0:02:16  0:01:01  0:01:15 3950k
 45  462M   45  208M    0     0  3415k      0  0:02:18  0:01:02  0:01:16 3858k
 45  462M   45  208M    0     0  3361k      0  0:02:21  0:01:03  0:01:18 3833k
 45  462M   45  209M    0     0  3333k      0  0:02:22  0:01:04  0:01:18 1061k
 48  462M   48  224M    0     0  3504k      0  0:02:15  0:01:05  0:01:10 3319k
 49  462M   49  229M    0     0  3537k      0  0:02:13  0:01:06  0:01:07 4364k
 49  462M   49  229M    0     0  3485k      0  0:02:16  0:01:07  0:01:09 4355k
 49  462M   49  229M    0     0  3434k      0  0:02:18  0:01:08  0:01:10 4363k
 49  462M   49  230M    0     0  3394k      0  0:02:19  0:01:09  0:01:10 4174k
 52  462M   52  244M    0     0  3557k      0  0:02:13  0:01:10  0:01:03 4258k
 52  462M   52  244M    0     0  3509k      0  0:02:15  0:01:11  0:01:04 3132k
 55  462M   55  258M    0     0  3656k      0  0:02:09  0:01:12  0:00:57 5966k
 56  462M   56  259M    0     0  3621k      0  0:02:10  0:01:13  0:00:57 6185k
 58  462M   58  270M    0     0  3721k      0  0:02:07  0:01:14  0:00:53 8269k
 58  462M   58  270M    0     0  3671k      0  0:02:09  0:01:15  0:00:54 5278k
 58  462M   58  270M    0     0  3625k      0  0:02:10  0:01:16  0:00:54 5275k
 58  462M   58  270M    0     0  3581k      0  0:02:12  0:01:17  0:00:55 2487k
 60  462M   60  278M    0     0  3638k      0  0:02:10  0:01:18  0:00:52 3884k
 60  462M   60  281M    0     0  3625k      0  0:02:10  0:01:19  0:00:51 2196k
 60  462M   60  281M    0     0  3584k      0  0:02:12  0:01:20  0:00:52 2262k
 60  462M   60  281M    0     0  3541k      0  0:02:13  0:01:21  0:00:52 2270k
 61  462M   61  283M    0     0  3521k      0  0:02:14  0:01:22  0:00:52 2592k
 64  462M   64  298M    0     0  3665k      0  0:02:09  0:01:23  0:00:46 4090k
 67  462M   67  311M    0     0  3774k      0  0:02:05  0:01:24  0:00:41 6141k
 67  462M   67  311M    0     0  3733k      0  0:02:06  0:01:25  0:00:41 6127k
 67  462M   67  311M    0     0  3690k      0  0:02:08  0:01:26  0:00:42 6128k
 69  462M   69  323M    0     0  3784k      0  0:02:05  0:01:27  0:00:38 8106k
 69  462M   69  323M    0     0  3743k      0  0:02:06  0:01:28  0:00:38 5044k
 69  462M   69  323M    0     0  3700k      0  0:02:08  0:01:29  0:00:39 2458k
 69  462M   69  323M    0     0  3660k      0  0:02:09  0:01:30  0:00:39 2421k
 69  462M   69  323M    0     0  3621k      0  0:02:10  0:01:31  0:00:39 2421k
 69  462M   69  323M    0     0  3584k      0  0:02:12  0:01:32  0:00:40 79445
 73  462M   73  339M    0     0  3714k      0  0:02:07  0:01:33  0:00:34 3200k
 73  462M   73  339M    0     0  3675k      0  0:02:08  0:01:34  0:00:34 3217k
 73  462M   73  339M    0     0  3637k      0  0:02:10  0:01:35  0:00:35 3216k
 76  462M   76  352M    0     0  3743k      0  0:02:06  0:01:36  0:00:30 5972k
 76  462M   76  353M    0     0  3718k      0  0:02:07  0:01:37  0:00:30 6199k
 79  462M   79  368M    0     0  3827k      0  0:02:03  0:01:38  0:00:25 5943k
 79  462M   79  368M    0     0  3790k      0  0:02:05  0:01:39  0:00:26 5970k
 81  462M   81  378M    0     0  3856k      0  0:02:02  0:01:40  0:00:22 8042k
 82  462M   82  383M    0     0  3874k      0  0:02:02  0:01:41  0:00:21 6401k
 84  462M   84  392M    0     0  3923k      0  0:02:00  0:01:42  0:00:18 7917k
 86  462M   86  399M    0     0  3956k      0  0:01:59  0:01:43  0:00:16 6517k
 86  462M   86  399M    0     0  3919k      0  0:02:00  0:01:44  0:00:16 6482k
 86  462M   86  399M    0     0  3881k      0  0:02:02  0:01:45  0:00:17 4392k
 86  462M   86  399M    0     0  3846k      0  0:02:03  0:01:46  0:00:17 3288k
 86  462M   86  400M    0     0  3812k      0  0:02:04  0:01:47  0:00:17 1548k
 89  462M   89  415M    0     0  3924k      0  0:02:00  0:01:48  0:00:12 3253k
 91  462M   91  421M    0     0  3942k      0  0:02:00  0:01:49  0:00:11 4434k
 91  462M   91  421M    0     0  3906k      0  0:02:01  0:01:50  0:00:11 4432k
 91  462M   91  421M    0     0  3873k      0  0:02:02  0:01:51  0:00:11 4433k
 91  462M   91  421M    0     0  3840k      0  0:02:03  0:01:52  0:00:11 4442k
 91  462M   91  422M    0     0  3810k      0  0:02:04  0:01:53  0:00:11 1318k
 92  462M   92  428M    0     0  3832k      0  0:02:03  0:01:54  0:00:09 1427k
 94  462M   94  437M    0     0  3877k      0  0:02:02  0:01:55  0:00:07 3226k
 94  462M   94  437M    0     0  3845k      0  0:02:03  0:01:56  0:00:07 3223k
 94  462M   94  437M    0     0  3812k      0  0:02:04  0:01:57  0:00:07 3177k
 94  462M   94  437M    0     0  3780k      0  0:02:05  0:01:58  0:00:07 3107k
 98  462M   98  454M    0     0  3896k      0  0:02:01  0:01:59  0:00:02 5356k
 98  462M   98  454M    0     0  3863k      0  0:02:02  0:02:00  0:00:02 3554k
 98  462M   98  454M    0     0  3832k      0  0:02:03  0:02:01  0:00:02 3533k
 98  462M   98  454M    0     0  3802k      0  0:02:04  0:02:02  0:00:02 3559k
 98  462M   98  454M    0     0  3771k      0  0:02:05  0:02:03  0:00:02 3559k
 98  462M   98  454M    0     0  3741k      0  0:02:06  0:02:04  0:00:02 43000
 99  462M   99  459M    0     0  3753k      0  0:02:06  0:02:05  0:00:01 1070k
100  462M  100  462M    0     0  3774k      0  0:02:05  0:02:05 --:--:-- 2066k
[hnswlib-sra] /home/runner/boostkit-perf/hnswlib/0.8.0/aarch64/38105761079-1/sra-test/hnswlib_test hnswlib glove-100-angular --no-pin
Loaded configuration:
  batch_size = 100
  batch_mode = false
  top_k = 10
  index_path = indexes/hnswlib/glove.hnswlib
  num_threads = 32
  nloop = 3
  metric = IP
  efc = 800
  save_or_load = save
  efs = 520
  k_f = 54
base vector size: 1183514
query vector size: 10000
Index build+prepare time: 168.375 s
Loop 1/3:
  wall_time = 83.4656 s (broadcast->join)
  thread_time: min=70.6323 s, avg=77.0778 s, max=83.4653 s
  total_queries = nq(10000) * threads(32) = 320000
  QPS_total(wall) = 3833.92
  QPS_avg_thread  = 129.739
Loop 2/3:
  wall_time = 83.4789 s (broadcast->join)
  thread_time: min=70.9536 s, avg=77.717 s, max=83.4787 s
  total_queries = nq(10000) * threads(32) = 320000
  QPS_total(wall) = 3833.3
  QPS_avg_thread  = 128.672
Loop 3/3:
  wall_time = 84.293 s (broadcast->join)
  thread_time: min=70.0542 s, avg=78.0457 s, max=84.2927 s
  total_queries = nq(10000) * threads(32) = 320000
  QPS_total(wall) = 3796.28
  QPS_avg_thread  = 128.13
==================================================
Final Summary (same nq per thread):
  build+prepare_time = 168.375 s
  recall = 0.9899
  pin_threads = OFF
  loops = 3
  avg_loop_wall_time = 83.7458 s
  avg_thread_time(min/avg/max) = 70.5467 / 77.6135 / 83.7455 s
  mid50_sorted_wall_mean = 83.4722 s
  total_queries_per_loop = 320000
  final_QPS(mid50 wall mean) = 3833.61
  QPS_from_avg_thread_time * threads = 4123
[hnswlib-sra] downloading https://ann-benchmarks.com/deep-image-96-angular.hdf5
  % Total    % Received % Xferd  Average Speed   Time    Time     Time  Current
                                 Dload  Upload   Total   Spent    Left  Speed

  0     0    0     0    0     0      0      0 --:--:-- --:--:-- --:--:--     0
  0     0    0     0    0     0      0      0 --:--:-- --:--:-- --:--:--     0
  0 3669M    0 15.6M    0     0  10.4M      0  0:05:50  0:00:01  0:05:49 10.4M
  0 3669M    0 15.6M    0     0  6368k      0  0:09:50  0:00:02  0:09:48 6368k
  0 3669M    0 15.7M    0     0  4574k      0  0:13:41  0:00:03  0:13:38 4574k
  0 3669M    0 15.7M    0     0  3573k      0  0:17:31  0:00:04  0:17:27 3573k
  0 3669M    0 15.7M    0     0  2936k      0  0:21:19  0:00:05  0:21:14 3243k
  0 3669M    0 16.0M    0     0  2516k      0  0:24:53  0:00:06  0:24:47 81400
  0 3669M    0 19.2M    0     0  2629k      0  0:23:49  0:00:07  0:23:42  732k
  0 3669M    0 25.4M    0     0  3073k      0  0:20:22  0:00:08  0:20:14 2011k
  0 3669M    0 25.5M    0     0  2746k      0  0:22:48  0:00:09  0:22:39 2001k
  0 3669M    0 25.5M    0     0  2491k      0  0:25:08  0:00:10  0:24:58 2001k
  0 3669M    0 25.5M    0     0  2279k      0  0:27:28  0:00:11  0:27:17 1969k
  0 3669M    0 25.9M    0     0  2123k      0  0:29:29  0:00:12  0:29:17 1367k
  0 3669M    0 26.1M    0     0  1986k      0  0:31:31  0:00:13  0:31:18  144k
  1 3669M    1 42.7M    0     0  3012k      0  0:20:47  0:00:14  0:20:33 3519k
  1 3669M    1 42.7M    0     0  2822k      0  0:22:11  0:00:15  0:21:56 3519k
  1 3669M    1 42.8M    0     0  2653k      0  0:23:36  0:00:16  0:23:20 3509k
  1 3669M    1 43.0M    0     0  2519k      0  0:24:51  0:00:17  0:24:34 3512k
  1 3669M    1 43.3M    0     0  2399k      0  0:26:06  0:00:18  0:25:48 3513k
  1 3669M    1 44.9M    0     0  2360k      0  0:26:32  0:00:19  0:26:13  463k
  1 3669M    1 45.0M    0     0  2248k      0  0:27:51  0:00:20  0:27:31  466k
  1 3669M    1 45.2M    0     0  2153k      0  0:29:04  0:00:21  0:28:43  500k
  1 3669M    1 45.3M    0     0  2064k      0  0:30:19  0:00:22  0:29:57  478k
  1 3669M    1 45.9M    0     0  2003k      0  0:31:15  0:00:23  0:30:52  545k
  1 3669M    1 46.0M    0     0  1924k      0  0:32:32  0:00:24  0:32:08  216k
  1 3669M    1 46.0M    0     0  1849k      0  0:33:51  0:00:25  0:33:26  211k
  1 3669M    1 47.9M    0     0  1850k      0  0:33:50  0:00:26  0:33:24  545k
  1 3669M    1 48.2M    0     0  1795k      0  0:34:53  0:00:27  0:34:26  583k
  1 3669M    1 52.6M    0     0  1888k      0  0:33:09  0:00:28  0:32:41 1349k
  1 3669M    1 60.0M    0     0  2081k      0  0:30:05  0:00:29  0:29:36 2849k
  1 3669M    1 60.0M    0     0  2015k      0  0:31:04  0:00:30  0:30:34 2864k
  1 3669M    1 60.0M    0     0  1953k      0  0:32:03  0:00:31  0:31:32 2501k
  1 3669M    1 72.3M    0     0  2278k      0  0:27:29  0:00:32  0:26:57 4949k
  2 3669M    2 81.4M    0     0  2489k      0  0:25:09  0:00:33  0:24:36 5923k
  2 3669M    2 81.4M    0     0  2419k      0  0:25:53  0:00:34  0:25:19 4426k
  2 3669M    2 81.5M    0     0  2350k      0  0:26:38  0:00:35  0:26:03 4379k
  2 3669M    2 81.7M    0     0  2292k      0  0:27:19  0:00:36  0:26:43 4415k
  2 3669M    2 86.3M    0     0  2357k      0  0:26:34  0:00:37  0:25:57 2866k
  2 3669M    2 86.4M    0     0  2298k      0  0:27:15  0:00:38  0:26:37 1014k
  2 3669M    2 86.6M    0     0  2245k      0  0:27:53  0:00:39  0:27:14 1051k
  2 3669M    2 87.1M    0     0  2204k      0  0:28:24  0:00:40  0:27:44 1161k
  2 3669M    2 87.2M    0     0  2152k      0  0:29:05  0:00:41  0:28:24 1124k
  2 3669M    2  100M    0     0  2424k      0  0:25:49  0:00:42  0:25:07 2930k
  2 3669M    2  106M    0     0  2514k      0  0:24:54  0:00:43  0:24:11 4184k
  2 3669M    2  106M    0     0  2459k      0  0:25:27  0:00:44  0:24:43 4151k
  2 3669M    2  106M    0     0  2406k      0  0:26:01  0:00:45  0:25:16 4044k
  2 3669M    2  106M    0     0  2355k      0  0:26:35  0:00:46  0:25:49 4039k
  2 3669M    2  107M    0     0  2305k      0  0:27:09  0:00:47  0:26:22 1303k
  2 3669M    2  107M    0     0  2264k      0  0:27:39  0:00:48  0:26:51 85296
  2 3669M    2  109M    0     0  2255k      0  0:27:45  0:00:49  0:26:56  438k
  3 3669M    3  123M    0     0  2508k      0  0:24:58  0:00:50  0:24:08 3436k
  3 3669M    3  123M    0     0  2460k      0  0:25:27  0:00:51  0:24:36 3437k
  3 3669M    3  123M    0     0  2414k      0  0:25:56  0:00:52  0:25:04 3453k
  3 3669M    3  128M    0     0  2468k      0  0:25:22  0:00:53  0:24:29 4454k
  3 3669M    3  140M    0     0  2630k      0  0:23:48  0:00:54  0:22:54 6318k
  4 3669M    4  151M    0     0  2789k      0  0:22:27  0:00:55  0:21:32 5641k
  4 3669M    4  151M    0     0  2740k      0  0:22:51  0:00:56  0:21:55 5633k
  4 3669M    4  151M    0     0  2696k      0  0:23:13  0:00:57  0:22:16 5649k
  4 3669M    4  164M    0     0  2881k      0  0:21:44  0:00:58  0:20:46 7293k
  4 3669M    4  174M    0     0  3011k      0  0:20:47  0:00:59  0:19:48 7176k
  4 3669M    4  175M    0     0  2962k      0  0:21:08  0:01:00  0:20:08 4875k
  4 3669M    4  175M    0     0  2914k      0  0:21:29  0:01:01  0:20:28 4875k
  4 3669M    4  178M    0     0  2926k      0  0:21:24  0:01:02  0:20:22 5581k
  5 3669M    5  190M    0     0  3072k      0  0:20:22  0:01:03  0:19:19 5308k
  5 3669M    5  191M    0     0  3034k      0  0:20:38  0:01:04  0:19:34 3302k
  5 3669M    5  191M    0     0  2988k      0  0:20:57  0:01:05  0:19:52 3306k
  5 3669M    5  191M    0     0  2944k      0  0:21:16  0:01:06  0:20:10 3311k
  5 3669M    5  206M    0     0  3132k      0  0:19:59  0:01:07  0:18:52 5703k
  5 3669M    5  206M    0     0  3091k      0  0:20:15  0:01:08  0:19:07 3329k
  6 3669M    6  222M    0     0  3284k      0  0:19:04  0:01:09  0:17:55 6519k
  6 3669M    6  223M    0     0  3238k      0  0:19:20  0:01:10  0:18:10 6512k
  6 3669M    6  223M    0     0  3197k      0  0:19:35  0:01:11  0:18:24 6557k
  6 3669M    6  223M    0     0  3153k      0  0:19:51  0:01:12  0:18:39 3446k
  6 3669M    6  223M    0     0  3120k      0  0:20:04  0:01:13  0:18:51 3509k
  6 3669M    6  224M    0     0  3078k      0  0:20:20  0:01:14  0:19:06  214k
  6 3669M    6  224M    0     0  3038k      0  0:20:36  0:01:15  0:19:21  216k
  6 3669M    6  224M    0     0  2999k      0  0:20:52  0:01:16  0:19:36  165k
  6 3669M    6  229M    0     0  3033k      0  0:20:38  0:01:17  0:19:21 1288k
  6 3669M    6  229M    0     0  2995k      0  0:20:54  0:01:18  0:19:36 1162k
  6 3669M    6  229M    0     0  2958k      0  0:21:10  0:01:19  0:19:51 1161k
  6 3669M    6  229M    0     0  2921k      0  0:21:26  0:01:20  0:20:06 1158k
  6 3669M    6  229M    0     0  2886k      0  0:21:41  0:01:21  0:20:20 1161k
  6 3669M    6  229M    0     0  2852k      0  0:21:57  0:01:22  0:20:35 40017
  6 3669M    6  241M    0     0  2963k      0  0:21:08  0:01:23  0:19:45 2455k
  6 3669M    6  241M    0     0  2928k      0  0:21:23  0:01:24  0:19:59 2457k
  6 3669M    6  241M    0     0  2897k      0  0:21:36  0:01:25  0:20:11 2508k
  6 3669M    6  242M    0     0  2872k      0  0:21:48  0:01:26  0:20:22 2646k
  6 3669M    6  242M    0     0  2839k      0  0:22:03  0:01:27  0:20:36 2630k
  6 3669M    6  242M    0     0  2807k      0  0:22:18  0:01:28  0:20:50  223k
  6 3669M    6  244M    0     0  2798k      0  0:22:22  0:01:29  0:20:53  593k
  6 3669M    6  244M    0     0  2767k      0  0:22:37  0:01:30  0:21:07  549k
  6 3669M    6  244M    0     0  2739k      0  0:22:51  0:01:31  0:21:20  438k
  6 3669M    6  244M    0     0  2710k      0  0:23:06  0:01:32  0:21:34  442k
  6 3669M    6  245M    0     0  2685k      0  0:23:19  0:01:33  0:21:46  516k
  7 3669M    7  261M    0     0  2834k      0  0:22:05  0:01:34  0:20:31 3475k
  7 3669M    7  261M    0     0  2804k      0  0:22:19  0:01:35  0:20:44 3463k
  7 3669M    7  261M    0     0  2779k      0  0:22:32  0:01:36  0:20:56 3501k
  7 3669M    7  264M    0     0  2779k      0  0:22:32  0:01:37  0:20:55 4046k
  7 3669M    7  278M    0     0  2890k      0  0:21:39  0:01:38  0:20:01 6734k
  7 3669M    7  278M    0     0  2863k      0  0:21:52  0:01:39  0:20:13 3411k
  7 3669M    7  280M    0     0  2857k      0  0:21:55  0:01:40  0:20:15 3877k
  7 3669M    7  281M    0     0  2837k      0  0:22:04  0:01:41  0:20:23 3954k
  7 3669M    7  281M    0     0  2812k      0  0:22:16  0:01:42  0:20:34 3464k
  7 3669M    7  281M    0     0  2786k      0  0:22:28  0:01:43  0:20:45  717k
  7 3669M    7  281M    0     0  2759k      0  0:22:41  0:01:44  0:20:57  696k
  7 3669M    7  281M    0     0  2736k      0  0:22:53  0:01:45  0:21:08  304k
  8 3669M    8  297M    0     0  2864k      0  0:21:51  0:01:46  0:20:05 3422k
  8 3669M    8  306M    0     0  2918k      0  0:21:27  0:01:47  0:19:40 5086k
  8 3669M    8  306M    0     0  2891k      0  0:21:39  0:01:48  0:19:51 5083k
  8 3669M    8  306M    0     0  2865k      0  0:21:51  0:01:49  0:20:02 5098k
  8 3669M    8  306M    0     0  2840k      0  0:22:02  0:01:50  0:20:12 5044k
  8 3669M    8  306M    0     0  2817k      0  0:22:13  0:01:51  0:20:22 1809k
  8 3669M    8  308M    0     0  2803k      0  0:22:20  0:01:52  0:20:28  332k
  8 3669M    8  322M    0     0  2908k      0  0:21:32  0:01:53  0:19:39 3266k
  9 3669M    9  331M    0     0  2967k      0  0:21:06  0:01:54  0:19:12 5188k
  9 3669M    9  338M    0     0  2998k      0  0:20:53  0:01:55  0:18:58 6492k
  9 3669M    9  339M    0     0  2982k      0  0:21:00  0:01:56  0:19:04 6663k
  9 3669M    9  346M    0     0  3021k      0  0:20:43  0:01:57  0:18:46 7911k
  9 3669M    9  347M    0     0  2998k      0  0:20:53  0:01:58  0:18:55 5040k
  9 3669M    9  347M    0     0  2974k      0  0:21:03  0:01:59  0:19:04 3129k
  9 3669M    9  347M    0     0  2955k      0  0:21:11  0:02:00  0:19:11 1952k
  9 3669M    9  347M    0     0  2931k      0  0:21:21  0:02:01  0:19:20 1750k
  9 3669M    9  347M    0     0  2907k      0  0:21:32  0:02:02  0:19:30  215k
  9 3669M    9  357M    0     0  2965k      0  0:21:07  0:02:03  0:19:04 2169k
  9 3669M    9  365M    0     0  3006k      0  0:20:49  0:02:04  0:18:45 3780k
 10 3669M   10  367M    0     0  2994k      0  0:20:54  0:02:05  0:18:49 3951k
 10 3669M   10  367M    0     0  2974k      0  0:21:03  0:02:06  0:18:57 4026k
 10 3669M   10  379M    0     0  3046k      0  0:20:33  0:02:07  0:18:26 6458k
 10 3669M   10  379M    0     0  3022k      0  0:20:43  0:02:08  0:18:35 4445k
 10 3669M   10  379M    0     0  3001k      0  0:20:51  0:02:09  0:18:42 2885k
 10 3669M   10  394M    0     0  3094k      0  0:20:14  0:02:10  0:18:04 5591k
 10 3669M   10  399M    0     0  3114k      0  0:20:06  0:02:11  0:17:55 6666k
 11 3669M   11  404M    0     0  3128k      0  0:20:01  0:02:12  0:17:49 5221k
 11 3669M   11  409M    0     0  3144k      0  0:19:55  0:02:13  0:17:42 6270k
 11 3669M   11  409M    0     0  3121k      0  0:20:03  0:02:14  0:17:49 6223k
 11 3669M   11  410M    0     0  3100k      0  0:20:11  0:02:15  0:17:56 3272k
 11 3669M   11  410M    0     0  3077k      0  0:20:20  0:02:16  0:18:04 2117k
 11 3669M   11  417M    0     0  3105k      0  0:20:10  0:02:17  0:17:53 2497k
 11 3669M   11  417M    0     0  3089k      0  0:20:16  0:02:18  0:17:58 1627k
 11 3669M   11  418M    0     0  3069k      0  0:20:24  0:02:19  0:18:05 1661k
 11 3669M   11  418M    0     0  3050k      0  0:20:31  0:02:20  0:18:11 1701k
 11 3669M   11  418M    0     0  3029k      0  0:20:40  0:02:21  0:18:19 1711k
 11 3669M   11  433M    0     0  3118k      0  0:20:05  0:02:22  0:17:43 3460k
 12 3669M   12  442M    0     0  3158k      0  0:19:49  0:02:23  0:17:26 5057k
 12 3669M   12  442M    0     0  3136k      0  0:19:57  0:02:24  0:17:33 5033k
 12 3669M   12  443M    0     0  3118k      0  0:20:05  0:02:25  0:17:40 5007k
 12 3669M   12  450M    0     0  3149k      0  0:19:53  0:02:26  0:17:27 6527k
 12 3669M   12  450M    0     0  3129k      0  0:20:00  0:02:27  0:17:33 3457k
 12 3669M   12  457M    0     0  3155k      0  0:19:50  0:02:28  0:17:22 3087k
 12 3669M   12  457M    0     0  3135k      0  0:19:58  0:02:29  0:17:29 3096k
 12 3669M   12  458M    0     0  3120k      0  0:20:04  0:02:30  0:17:34 3189k
 12 3669M   12  458M    0     0  3100k      0  0:20:12  0:02:31  0:17:41 1678k
 12 3669M   12  469M    0     0  3149k      0  0:19:53  0:02:32  0:17:21 3744k
 12 3669M   12  476M    0     0  3175k      0  0:19:43  0:02:33  0:17:10 3760k
 12 3669M   12  476M    0     0  3157k      0  0:19:50  0:02:34  0:17:16 3821k
 13 3669M   13  484M    0     0  3189k      0  0:19:38  0:02:35  0:17:03 5254k
 13 3669M   13  485M    0     0  3179k      0  0:19:41  0:02:36  0:17:05 5577k
 13 3669M   13  485M    0     0  3159k      0  0:19:49  0:02:37  0:17:12 3452k
 13 3669M   13  486M    0     0  3139k      0  0:19:56  0:02:38  0:17:18 2032k
 13 3669M   13  486M    0     0  3120k      0  0:20:04  0:02:39  0:17:25 1984k
 13 3669M   13  486M    0     0  3101k      0  0:20:11  0:02:40  0:17:31  377k
 13 3669M   13  486M    0     0  3082k      0  0:20:18  0:02:41  0:17:37 77101
 13 3669M   13  486M    0     0  3064k      0  0:20:26  0:02:42  0:17:44 65173
 13 3669M   13  486M    0     0  3045k      0  0:20:33  0:02:43  0:17:50 68936
 13 3669M   13  486M    0     0  3028k      0  0:20:41  0:02:44  0:17:57 64496
 13 3669M   13  486M    0     0  3009k      0  0:20:48  0:02:45  0:18:03 53324
 13 3669M   13  486M    0     0  2991k      0  0:20:56  0:02:46  0:18:10 49420
 13 3669M   13  486M    0     0  2974k      0  0:21:03  0:02:47  0:18:16 49263
 13 3669M   13  486M    0     0  2956k      0  0:21:10  0:02:48  0:18:22 53489
 13 3669M   13  486M    0     0  2939k      0  0:21:18  0:02:49  0:18:29 42923
 13 3669M   13  502M    0     0  3018k      0  0:20:44  0:02:50  0:17:54 3325k
 13 3669M   13  502M    0     0  3001k      0  0:20:51  0:02:51  0:18:00 3331k
 13 3669M   13  513M    0     0  3045k      0  0:20:33  0:02:52  0:17:41 5451k
 14 3669M   14  518M    0     0  3061k      0  0:20:27  0:02:53  0:17:34 6572k
 14 3669M   14  518M    0     0  3043k      0  0:20:34  0:02:54  0:17:40 6565k
 14 3669M   14  518M    0     0  3026k      0  0:20:41  0:02:55  0:17:46 3288k
 14 3669M   14  518M    0     0  3009k      0  0:20:48  0:02:56  0:17:52 3280k
 14 3669M   14  518M    0     0  2992k      0  0:20:55  0:02:57  0:17:58 1177k
 14 3669M   14  518M    0     0  2976k      0  0:21:02  0:02:58  0:18:04 69269
 14 3669M   14  524M    0     0  2993k      0  0:20:55  0:02:59  0:17:56 1235k
 14 3669M   14  532M    0     0  3021k      0  0:20:43  0:03:00  0:17:43 2842k
 14 3669M   14  532M    0     0  3004k      0  0:20:50  0:03:01  0:17:49 2839k
 14 3669M   14  532M    0     0  2988k      0  0:20:57  0:03:02  0:17:55 2837k
 14 3669M   14  532M    0     0  2972k      0  0:21:04  0:03:03  0:18:01 2818k
 14 3669M   14  532M    0     0  2956k      0  0:21:10  0:03:04  0:18:06 1646k
 14 3669M   14  532M    0     0  2940k      0  0:21:17  0:03:05  0:18:12 42299
 14 3669M   14  532M    0     0  2925k      0  0:21:24  0:03:06  0:18:18 41961
 14 3669M   14  534M    0     0  2917k      0  0:21:28  0:03:07  0:18:21  309k
 14 3669M   14  548M    0     0  2979k      0  0:21:01  0:03:08  0:17:53 3227k
 15 3669M   15  557M    0     0  3009k      0  0:20:48  0:03:09  0:17:39 4954k
 15 3669M   15  557M    0     0  2994k      0  0:20:55  0:03:10  0:17:45 4961k
 15 3669M   15  558M    0     0  2985k      0  0:20:58  0:03:11  0:17:47 5209k
 15 3669M   15  566M    0     0  3015k      0  0:20:46  0:03:12  0:17:34 6704k
 15 3669M   15  569M    0     0  3012k      0  0:20:47  0:03:13  0:17:34 4265k
 15 3669M   15  569M    0     0  2997k      0  0:20:53  0:03:14  0:17:39 2545k
 15 3669M   15  584M    0     0  3063k      0  0:20:26  0:03:15  0:17:11 5714k
 16 3669M   16  590M    0     0  3076k      0  0:20:21  0:03:16  0:17:05 6566k
 16 3669M   16  590M    0     0  3060k      0  0:20:27  0:03:17  0:17:10 4793k
 16 3669M   16  590M    0     0  3045k      0  0:20:33  0:03:18  0:17:15 4329k
 16 3669M   16  590M    0     0  3030k      0  0:20:39  0:03:19  0:17:20 4314k
 16 3669M   16  590M    0     0  3015k      0  0:20:46  0:03:20  0:17:26 1137k
 16 3669M   16  590M    0     0  3000k      0  0:20:52  0:03:21  0:17:31 37514
 16 3669M   16  590M    0     0  2986k      0  0:20:58  0:03:22  0:17:36 40014
 16 3669M   16  590M    0     0  2972k      0  0:21:04  0:03:23  0:17:41 71001
 16 3669M   16  591M    0     0  2959k      0  0:21:09  0:03:24  0:17:45  130k
 16 3669M   16  598M    0     0  2983k      0  0:20:59  0:03:25  0:17:34 1691k
 16 3669M   16  608M    0     0  3018k      0  0:20:44  0:03:26  0:17:18 3730k
 16 3669M   16  622M    0     0  3072k      0  0:20:23  0:03:27  0:16:56 6557k
 17 3669M   17  631M    0     0  3101k      0  0:20:11  0:03:28  0:16:43 8356k
 17 3669M   17  634M    0     0  3101k      0  0:20:11  0:03:29  0:16:42 8892k
 17 3669M   17  634M    0     0  3088k      0  0:20:16  0:03:30  0:16:46 7379k
 17 3669M   17  636M    0     0  3074k      0  0:20:22  0:03:31  0:16:51 5221k
 17 3669M   17  642M    0     0  3093k      0  0:20:14  0:03:32  0:16:42 3974k
 17 3669M   17  642M    0     0  3081k      0  0:20:19  0:03:33  0:16:46 2237k
 17 3669M   17  659M    0     0  3146k      0  0:19:54  0:03:34  0:16:20 4949k
 18 3669M   18  663M    0     0  3154k      0  0:19:51  0:03:35  0:16:16 5947k
 18 3669M   18  663M    0     0  3140k      0  0:19:56  0:03:36  0:16:20 6150k
 18 3669M   18  665M    0     0  3134k      0  0:19:58  0:03:37  0:16:21 4890k
 18 3669M   18  676M    0     0  3168k      0  0:19:45  0:03:38  0:16:07 6888k
 18 3669M   18  676M    0     0  3156k      0  0:19:50  0:03:39  0:16:11 3609k
 18 3669M   18  677M    0     0  3144k      0  0:19:55  0:03:40  0:16:15 2695k
 18 3669M   18  677M    0     0  3130k      0  0:20:00  0:03:41  0:16:19 2698k
 18 3669M   18  692M    0     0  3185k      0  0:19:39  0:03:42  0:15:57 5397k
 18 3669M   18  692M    0     0  3171k      0  0:19:45  0:03:43  0:16:02 3281k
 19 3669M   19  704M    0     0  3215k      0  0:19:28  0:03:44  0:15:44 5834k
 19 3669M   19  708M    0     0  3216k      0  0:19:28  0:03:45  0:15:43 6398k
 19 3669M   19  708M    0     0  3202k      0  0:19:33  0:03:46  0:15:47 6398k
 19 3669M   19  711M    0     0  3201k      0  0:19:33  0:03:47  0:15:46 3924k
 19 3669M   19  711M    0     0  3188k      0  0:19:38  0:03:48  0:15:50 3944k
 19 3669M   19  722M    0     0  3223k      0  0:19:25  0:03:49  0:15:36 3565k
 19 3669M   19  722M    0     0  3209k      0  0:19:30  0:03:50  0:15:40 2912k
 19 3669M   19  722M    0     0  3195k      0  0:19:35  0:03:51  0:15:44 2911k
 19 3669M   19  724M    0     0  3190k      0  0:19:37  0:03:52  0:15:45 2655k
 20 3669M   20  740M    0     0  3247k      0  0:19:17  0:03:53  0:15:24 5987k
 20 3669M   20  740M    0     0  3233k      0  0:19:21  0:03:54  0:15:27 3722k
 20 3669M   20  740M    0     0  3221k      0  0:19:26  0:03:55  0:15:31 3753k
 20 3669M   20  741M    0     0  3209k      0  0:19:30  0:03:56  0:15:34 3854k
 20 3669M   20  741M    0     0  3196k      0  0:19:35  0:03:57  0:15:38 3500k
 20 3669M   20  751M    0     0  3225k      0  0:19:25  0:03:58  0:15:27 2189k
 20 3669M   20  759M    0     0  3247k      0  0:19:17  0:03:59  0:15:18 3859k
 20 3669M   20  763M    0     0  3248k      0  0:19:16  0:04:00  0:15:16 4546k
 21 3669M   21  776M    0     0  3292k      0  0:19:01  0:04:01  0:15:00 7177k
 21 3669M   21  776M    0     0  3278k      0  0:19:06  0:04:02  0:15:04 7182k
 21 3669M   21  776M    0     0  3265k      0  0:19:10  0:04:03  0:15:07 5162k
 21 3669M   21  776M    0     0  3252k      0  0:19:15  0:04:04  0:15:11 3505k
 21 3669M   21  776M    0     0  3239k      0  0:19:20  0:04:05  0:15:15 2777k
 21 3669M   21  776M    0     0  3226k      0  0:19:24  0:04:06  0:15:18 40113
 21 3669M   21  776M    0     0  3213k      0  0:19:29  0:04:07  0:15:22 42666
 21 3669M   21  776M    0     0  3200k      0  0:19:34  0:04:08  0:15:26 40017
 21 3669M   21  782M    0     0  3210k      0  0:19:30  0:04:09  0:15:21 1139k
 21 3669M   21  791M    0     0  3237k      0  0:19:20  0:04:10  0:15:10 3143k
 21 3669M   21  792M    0     0  3225k      0  0:19:24  0:04:11  0:15:13 3200k
 22 3669M   22  808M    0     0  3278k      0  0:19:06  0:04:12  0:14:54 6472k
 22 3669M   22  814M    0     0  3289k      0  0:19:02  0:04:13  0:14:49 7727k
 22 3669M   22  814M    0     0  3277k      0  0:19:06  0:04:14  0:14:52 6617k
 22 3669M   22  814M    0     0  3265k      0  0:19:10  0:04:15  0:14:55 4655k
 22 3669M   22  817M    0     0  3265k      0  0:19:10  0:04:16  0:14:54 5234k
 22 3669M   22  818M    0     0  3253k      0  0:19:15  0:04:17  0:14:58 1996k
 22 3669M   22  818M    0     0  3243k      0  0:19:18  0:04:18  0:15:00  881k
 22 3669M   22  818M    0     0  3230k      0  0:19:23  0:04:19  0:15:04  881k
 22 3669M   22  818M    0     0  3218k      0  0:19:27  0:04:20  0:15:07  833k
 22 3669M   22  827M    0     0  3239k      0  0:19:20  0:04:21  0:14:59 1908k
 22 3669M   22  837M    0     0  3265k      0  0:19:10  0:04:22  0:14:48 3869k
 22 3669M   22  837M    0     0  3252k      0  0:19:15  0:04:23  0:14:52 3758k
 22 3669M   22  837M    0     0  3241k      0  0:19:19  0:04:24  0:14:55 3791k
 23 3669M   23  853M    0     0  3290k      0  0:19:01  0:04:25  0:14:36 7036k
 23 3669M   23  853M    0     0  3278k      0  0:19:06  0:04:26  0:14:40 5320k
 23 3669M   23  853M    0     0  3266k      0  0:19:10  0:04:27  0:14:43 3330k
 23 3669M   23  853M    0     0  3254k      0  0:19:14  0:04:28  0:14:46 3325k
 23 3669M   23  853M    0     0  3242k      0  0:19:19  0:04:29  0:14:50 3283k
 23 3669M   23  853M    0     0  3231k      0  0:19:22  0:04:30  0:14:52 99233
 23 3669M   23  853M    0     0  3220k      0  0:19:26  0:04:31  0:14:55  141k
 23 3669M   23  861M    0     0  3235k      0  0:19:21  0:04:32  0:14:49 1606k
 23 3669M   23  872M    0     0  3266k      0  0:19:10  0:04:33  0:14:37 3903k
 24 3669M   24  887M    0     0  3310k      0  0:18:55  0:04:34  0:14:21 6993k
 24 3669M   24  887M    0     0  3298k      0  0:18:59  0:04:35  0:14:24 6933k
 24 3669M   24  887M    0     0  3287k      0  0:19:03  0:04:36  0:14:27 6918k
 24 3669M   24  902M    0     0  3330k      0  0:18:48  0:04:37  0:14:11 8463k
 24 3669M   24  904M    0     0  3325k      0  0:18:50  0:04:38  0:14:12 6556k
 24 3669M   24  904M    0     0  3313k      0  0:18:54  0:04:39  0:14:15 3505k
 24 3669M   24  904M    0     0  3301k      0  0:18:58  0:04:40  0:14:18 3502k
 24 3669M   24  904M    0     0  3290k      0  0:19:02  0:04:41  0:14:21 3468k
 24 3669M   24  904M    0     0  3279k      0  0:19:06  0:04:42  0:14:24  417k
 24 3669M   24  904M    0     0  3267k      0  0:19:10  0:04:43  0:14:27 41797
 24 3669M   24  904M    0     0  3256k      0  0:19:14  0:04:44  0:14:30 47769
 24 3669M   24  905M    0     0  3246k      0  0:19:17  0:04:45  0:14:32  105k
 24 3669M   24  905M    0     0  3234k      0  0:19:21  0:04:46  0:14:35  105k
 24 3669M   24  905M    0     0  3223k      0  0:19:25  0:04:47  0:14:38  111k
 24 3669M   24  908M    0     0  3224k      0  0:19:25  0:04:48  0:14:37  775k
 25 3669M   25  917M    0     0  3246k      0  0:19:17  0:04:49  0:14:28 2705k
 25 3669M   25  917M    0     0  3235k      0  0:19:21  0:04:50  0:14:31 2642k
 25 3669M   25  918M    0     0  3224k      0  0:19:25  0:04:51  0:14:34 2637k
 25 3669M   25  934M    0     0  3273k      0  0:19:08  0:04:52  0:14:16 6121k
 25 3669M   25  935M    0     0  3262k      0  0:19:11  0:04:53  0:14:18 5428k
 25 3669M   25  935M    0     0  3251k      0  0:19:15  0:04:54  0:14:21 3515k
 25 3669M   25  935M    0     0  3241k      0  0:19:19  0:04:55  0:14:24 3565k
 25 3669M   25  942M    0     0  3255k      0  0:19:14  0:04:56  0:14:18 5068k
 25 3669M   25  942M    0     0  3244k      0  0:19:18  0:04:57  0:14:21 1601k
 25 3669M   25  943M    0     0  3236k      0  0:19:21  0:04:58  0:14:23 1714k
 25 3669M   25  943M    0     0  3225k      0  0:19:24  0:04:59  0:14:25 1714k
 25 3669M   25  943M    0     0  3215k      0  0:19:28  0:05:00  0:14:28 1673k
 25 3669M   25  952M    0     0  3235k      0  0:19:21  0:05:01  0:14:20 2046k
 25 3669M   25  952M    0     0  3225k      0  0:19:25  0:05:02  0:14:23 2048k
 25 3669M   25  952M    0     0  3214k      0  0:19:28  0:05:03  0:14:25 1941k
 25 3669M   25  952M    0     0  3204k      0  0:19:32  0:05:04  0:14:28 1936k
 25 3669M   25  952M    0     0  3194k      0  0:19:36  0:05:05  0:14:31 1935k
 25 3669M   25  952M    0     0  3183k      0  0:19:40  0:05:06  0:14:34 40612
 25 3669M   25  953M    0     0  3173k      0  0:19:44  0:05:07  0:14:37 45813
 25 3669M   25  953M    0     0  3163k      0  0:19:47  0:05:08  0:14:39 38124
 25 3669M   25  953M    0     0  3153k      0  0:19:51  0:05:09  0:14:42 37652
 25 3669M   25  953M    0     0  3143k      0  0:19:55  0:05:10  0:14:45 39932
 25 3669M   25  953M    0     0  3133k      0  0:19:59  0:05:11  0:14:48 39961
 25 3669M   25  953M    0     0  3123k      0  0:20:03  0:05:12  0:14:51 34611
 25 3669M   25  953M    0     0  3113k      0  0:20:06  0:05:13  0:14:53 38864
 25 3669M   25  953M    0     0  3103k      0  0:20:10  0:05:14  0:14:56 39081
 25 3669M   25  953M    0     0  3094k      0  0:20:14  0:05:15  0:14:59 42855
 25 3669M   25  953M    0     0  3084k      0  0:20:18  0:05:16  0:15:02 43138
 25 3669M   25  953M    0     0  3074k      0  0:20:22  0:05:17  0:15:05 43078
 25 3669M   25  953M    0     0  3065k      0  0:20:25  0:05:18  0:15:07 46868
 25 3669M   25  953M    0     0  3056k      0  0:20:29  0:05:19  0:15:10 52188
 25 3669M   25  953M    0     0  3046k      0  0:20:33  0:05:20  0:15:13 46281
 26 3669M   26  963M    0     0  3069k      0  0:20:24  0:05:21  0:15:03 2129k
 26 3669M   26  970M    0     0  3079k      0  0:20:20  0:05:22  0:14:58 3393k
 26 3669M   26  970M    0     0  3070k      0  0:20:23  0:05:23  0:15:00 3419k
 26 3669M   26  970M    0     0  3061k      0  0:20:27  0:05:24  0:15:03 3400k
 26 3669M   26  970M    0     0  3052k      0  0:20:31  0:05:25  0:15:06 3412k
 26 3669M   26  970M    0     0  3042k      0  0:20:34  0:05:26  0:15:08 1322k
 26 3669M   26  986M    0     0  3084k      0  0:20:18  0:05:27  0:14:51 3387k
 26 3669M   26  986M    0     0  3075k      0  0:20:21  0:05:28  0:14:53 3364k
 26 3669M   26  986M    0     0  3065k      0  0:20:25  0:05:29  0:14:56 3343k
 26 3669M   26  986M    0     0  3057k      0  0:20:29  0:05:30  0:14:59 3410k
 27 3669M   27 1003M    0     0  3100k      0  0:20:11  0:05:31  0:14:40 6878k
 27 3669M   27 1010M    0     0  3110k      0  0:20:07  0:05:32  0:14:35 4839k
 27 3669M   27 1012M    0     0  3109k      0  0:20:08  0:05:33  0:14:35 5372k
 27 3669M   27 1013M    0     0  3100k      0  0:20:11  0:05:34  0:14:37 5431k
 28 3669M   28 1031M    0     0  3146k      0  0:19:54  0:05:35  0:14:19 9005k
 28 3669M   28 1031M    0     0  3137k      0  0:19:57  0:05:36  0:14:21 5578k
 28 3669M   28 1031M    0     0  3129k      0  0:20:00  0:05:37  0:14:23 4362k
 28 3669M   28 1039M    0     0  3145k      0  0:19:54  0:05:38  0:14:16 5544k
 28 3669M   28 1046M    0     0  3157k      0  0:19:50  0:05:39  0:14:11 6935k
 28 3669M   28 1049M    0     0  3155k      0  0:19:50  0:05:40  0:14:10 3767k
 28 3669M   28 1049M    0     0  3146k      0  0:19:54  0:05:41  0:14:13 3749k
 28 3669M   28 1049M    0     0  3137k      0  0:19:57  0:05:42  0:14:15 3662k
 28 3669M   28 1049M    0     0  3128k      0  0:20:01  0:05:43  0:14:18 1965k
 28 3669M   28 1049M    0     0  3119k      0  0:20:04  0:05:44  0:14:20  562k
 28 3669M   28 1051M    0     0  3117k      0  0:20:05  0:05:45  0:14:20  509k
 28 3669M   28 1062M    0     0  3139k      0  0:19:57  0:05:46  0:14:11 2639k
 28 3669M   28 1062M    0     0  3131k      0  0:19:59  0:05:47  0:14:12 2764k
 28 3669M   28 1063M    0     0  3123k      0  0:20:03  0:05:48  0:14:15 2795k
 28 3669M   28 1063M    0     0  3114k      0  0:20:06  0:05:49  0:14:17 2764k
 29 3669M   29 1079M    0     0  3153k      0  0:19:51  0:05:50  0:14:01 5603k
 29 3669M   29 1079M    0     0  3144k      0  0:19:55  0:05:51  0:14:04 3494k
 29 3669M   29 1081M    0     0  3142k      0  0:19:55  0:05:52  0:14:03 3896k
 29 3669M   29 1081M    0     0  3134k      0  0:19:59  0:05:53  0:14:06 3868k
 29 3669M   29 1081M    0     0  3125k      0  0:20:02  0:05:54  0:14:08 3871k
 29 3669M   29 1082M    0     0  3116k      0  0:20:05  0:05:55  0:14:10  557k
 29 3669M   29 1082M    0     0  3108k      0  0:20:08  0:05:56  0:14:12  608k
 29 3669M   29 1082M    0     0  3101k      0  0:20:11  0:05:57  0:14:14  214k
 29 3669M   29 1082M    0     0  3093k      0  0:20:14  0:05:58  0:14:16  211k
 29 3669M   29 1083M    0     0  3086k      0  0:20:17  0:05:59  0:14:18  364k
 29 3669M   29 1098M    0     0  3121k      0  0:20:03  0:06:00  0:14:03 3445k
 29 3669M   29 1100M    0     0  3117k      0  0:20:05  0:06:01  0:14:04 3736k
 29 3669M   29 1100M    0     0  3109k      0  0:20:08  0:06:02  0:14:06 3633k
 29 3669M   29 1100M    0     0  3100k      0  0:20:11  0:06:03  0:14:08 3630k
 29 3669M   29 1100M    0     0  3092k      0  0:20:15  0:06:04  0:14:11 3475k
 29 3669M   29 1100M    0     0  3083k      0  0:20:18  0:06:05  0:14:13  376k
 29 3669M   29 1100M    0     0  3075k      0  0:20:21  0:06:06  0:14:15 40041
 29 3669M   29 1100M    0     0  3067k      0  0:20:25  0:06:07  0:14:18 39785
 29 3669M   29 1100M    0     0  3059k      0  0:20:28  0:06:08  0:14:20 39801
 30 3669M   30 1101M    0     0  3051k      0  0:20:31  0:06:09  0:14:22  114k
 30 3669M   30 1101M    0     0  3043k      0  0:20:34  0:06:10  0:14:24  117k
 30 3669M   30 1109M    0     0  3059k      0  0:20:28  0:06:11  0:14:17 1852k
 30 3669M   30 1117M    0     0  3072k      0  0:20:23  0:06:12  0:14:11 3440k
 30 3669M   30 1131M    0     0  3102k      0  0:20:11  0:06:13  0:13:58 6292k
 30 3669M   30 1133M    0     0  3098k      0  0:20:12  0:06:14  0:13:58 6496k
 30 3669M   30 1133M    0     0  3089k      0  0:20:16  0:06:15  0:14:01 6493k
 30 3669M   30 1133M    0     0  3082k      0  0:20:19  0:06:16  0:14:03 4821k
 30 3669M   30 1134M    0     0  3076k      0  0:20:21  0:06:17  0:14:04 3382k
 30 3669M   30 1134M    0     0  3068k      0  0:20:24  0:06:18  0:14:06  528k
 30 3669M   30 1134M    0     0  3060k      0  0:20:27  0:06:19  0:14:08  219k
 31 3669M   31 1151M    0     0  3098k      0  0:20:12  0:06:20  0:13:52 3752k
 31 3669M   31 1153M    0     0  3096k      0  0:20:13  0:06:21  0:13:52 4155k
 31 3669M   31 1153M    0     0  3088k      0  0:20:16  0:06:22  0:13:54 4002k
 31 3669M   31 1154M    0     0  3081k      0  0:20:19  0:06:23  0:13:56 4117k
 31 3669M   31 1154M    0     0  3073k      0  0:20:22  0:06:24  0:13:58 4100k
 31 3669M   31 1161M    0     0  3083k      0  0:20:18  0:06:25  0:13:53 1964k
 31 3669M   31 1169M    0     0  3098k      0  0:20:12  0:06:26  0:13:46 3269k
 31 3669M   31 1169M    0     0  3091k      0  0:20:15  0:06:27  0:13:48 3285k
 31 3669M   31 1169M    0     0  3083k      0  0:20:18  0:06:28  0:13:50 3189k
 31 3669M   31 1169M    0     0  3075k      0  0:20:21  0:06:29  0:13:52 3191k
 31 3669M   31 1169M    0     0  3067k      0  0:20:24  0:06:30  0:13:54 1837k
 31 3669M   31 1170M    0     0  3060k      0  0:20:27  0:06:31  0:13:56 75732
 31 3669M   31 1171M    0     0  3057k      0  0:20:29  0:06:32  0:13:57  445k
 32 3669M   32 1189M    0     0  3095k      0  0:20:14  0:06:33  0:13:41 4017k
 32 3669M   32 1189M    0     0  3087k      0  0:20:17  0:06:34  0:13:43 4030k
 32 3669M   32 1189M    0     0  3079k      0  0:20:20  0:06:35  0:13:45 4003k
 32 3669M   32 1189M    0     0  3072k      0  0:20:23  0:06:36  0:13:47 4023k
 32 3669M   32 1194M    0     0  3077k      0  0:20:21  0:06:37  0:13:44 4620k
 32 3669M   32 1194M    0     0  3069k      0  0:20:24  0:06:38  0:13:46 1057k
 32 3669M   32 1194M    0     0  3062k      0  0:20:27  0:06:39  0:13:48 1088k
 32 3669M   32 1195M    0     0  3055k      0  0:20:29  0:06:40  0:13:49 1132k
 32 3669M   32 1208M    0     0  3081k      0  0:20:19  0:06:41  0:13:38 3819k
 32 3669M   32 1208M    0     0  3075k      0  0:20:22  0:06:42  0:13:40 2918k
 32 3669M   32 1209M    0     0  3068k      0  0:20:24  0:06:43  0:13:41 3019k
 32 3669M   32 1209M    0     0  3061k      0  0:20:27  0:06:44  0:13:43 2992k
 32 3669M   32 1209M    0     0  3054k      0  0:20:30  0:06:45  0:13:45 2962k
 33 3669M   33 1213M    0     0  3057k      0  0:20:28  0:06:46  0:13:42 1120k
 33 3669M   33 1214M    0     0  3051k      0  0:20:31  0:06:47  0:13:44 1107k
 33 3669M   33 1214M    0     0  3044k      0  0:20:34  0:06:48  0:13:46 1088k
 33 3669M   33 1214M    0     0  3037k      0  0:20:37  0:06:49  0:13:48 1088k
 33 3669M   33 1231M    0     0  3070k      0  0:20:23  0:06:50  0:13:33 4431k
 33 3669M   33 1231M    0     0  3063k      0  0:20:26  0:06:51  0:13:35 3528k
 33 3669M   33 1231M    0     0  3056k      0  0:20:29  0:06:52  0:13:37 3531k
 33 3669M   33 1231M    0     0  3050k      0  0:20:31  0:06:53  0:13:38 3539k
 34 3669M   34 1251M    0     0  3091k      0  0:20:15  0:06:54  0:13:21 7513k
 34 3669M   34 1251M    0     0  3084k      0  0:20:18  0:06:55  0:13:23 4200k
 34 3669M   34 1251M    0     0  3077k      0  0:20:21  0:06:56  0:13:25 4194k
 34 3669M   34 1251M    0     0  3069k      0  0:20:24  0:06:57  0:13:27 4137k
 34 3669M   34 1251M    0     0  3062k      0  0:20:26  0:06:58  0:13:28 4044k
 34 3669M   34 1251M    0     0  3055k      0  0:20:29  0:06:59  0:13:30 39514
 34 3669M   34 1252M    0     0  3049k      0  0:20:32  0:07:00  0:13:32 91377
 34 3669M   34 1252M    0     0  3041k      0  0:20:35  0:07:01  0:13:34 90928
 34 3669M   34 1256M    0     0  3044k      0  0:20:34  0:07:02  0:13:32  904k
 34 3669M   34 1266M    0     0  3062k      0  0:20:27  0:07:03  0:13:24 3017k
 34 3669M   34 1278M    0     0  3082k      0  0:20:18  0:07:04  0:13:14 5397k
 35 3669M   35 1284M    0     0  3092k      0  0:20:15  0:07:05  0:13:10 6738k
 35 3669M   35 1294M    0     0  3107k      0  0:20:09  0:07:06  0:13:03 8640k
 35 3669M   35 1294M    0     0  3100k      0  0:20:12  0:07:07  0:13:05 7796k
 35 3669M   35 1294M    0     0  3093k      0  0:20:14  0:07:08  0:13:06 5712k
 35 3669M   35 1294M    0     0  3086k      0  0:20:17  0:07:09  0:13:08 3419k
 35 3669M   35 1309M    0     0  3115k      0  0:20:06  0:07:10  0:12:56 5117k
 35 3669M   35 1309M    0     0  3108k      0  0:20:08  0:07:11  0:12:57 3204k
 36 3669M   36 1325M    0     0  3138k      0  0:19:57  0:07:12  0:12:45 6413k
 36 3669M   36 1328M    0     0  3137k      0  0:19:57  0:07:13  0:12:44 6975k
 36 3669M   36 1337M    0     0  3152k      0  0:19:52  0:07:14  0:12:38 8747k
 36 3669M   36 1338M    0     0  3146k      0  0:19:54  0:07:15  0:12:39 5748k
 36 3669M   36 1338M    0     0  3139k      0  0:19:57  0:07:16  0:12:41 5778k
 36 3669M   36 1340M    0     0  3136k      0  0:19:58  0:07:17  0:12:41 2965k
 36 3669M   36 1340M    0     0  3129k      0  0:20:00  0:07:18  0:12:42 2423k
 36 3669M   36 1340M    0     0  3124k      0  0:20:02  0:07:19  0:12:43  681k
 36 3669M   36 1340M    0     0  3117k      0  0:20:05  0:07:20  0:12:45  572k
 36 3669M   36 1340M    0     0  3110k      0  0:20:08  0:07:21  0:12:47  576k
 36 3669M   36 1356M    0     0  3138k      0  0:19:57  0:07:22  0:12:35 3300k
 36 3669M   36 1356M    0     0  3131k      0  0:19:59  0:07:23  0:12:36 3299k
 36 3669M   36 1356M    0     0  3124k      0  0:20:02  0:07:24  0:12:38 3169k
 36 3669M   36 1356M    0     0  3117k      0  0:20:05  0:07:25  0:12:40 3145k
 36 3669M   36 1356M    0     0  3110k      0  0:20:08  0:07:26  0:12:42 3149k
 36 3669M   36 1356M    0     0  3104k      0  0:20:10  0:07:27  0:12:43 85990
 36 3669M   36 1357M    0     0  3098k      0  0:20:12  0:07:28  0:12:44  169k
 36 3669M   36 1357M    0     0  3091k      0  0:20:15  0:07:29  0:12:46  173k
 37 3669M   37 1358M    0     0  3087k      0  0:20:17  0:07:30  0:12:47  407k
 37 3669M   37 1373M    0     0  3114k      0  0:20:06  0:07:31  0:12:35 3429k
 37 3669M   37 1373M    0     0  3107k      0  0:20:09  0:07:32  0:12:37 3370k
 37 3669M   37 1373M    0     0  3100k      0  0:20:12  0:07:33  0:12:39 3284k
 37 3669M   37 1373M    0     0  3093k      0  0:20:14  0:07:34  0:12:40 3283k
 37 3669M   37 1373M    0     0  3086k      0  0:20:17  0:07:35  0:12:42 3038k
 37 3669M   37 1389M    0     0  3116k      0  0:20:05  0:07:36  0:12:29 3355k
 37 3669M   37 1389M    0     0  3110k      0  0:20:08  0:07:37  0:12:31 3366k
 37 3669M   37 1389M    0     0  3103k      0  0:20:10  0:07:38  0:12:32 3371k
 37 3669M   37 1389M    0     0  3096k      0  0:20:13  0:07:39  0:12:34 3368k
 37 3669M   37 1389M    0     0  3090k      0  0:20:15  0:07:40  0:12:35 3421k
 37 3669M   37 1390M    0     0  3085k      0  0:20:17  0:07:41  0:12:36  291k
 38 3669M   38 1396M    0     0  3091k      0  0:20:15  0:07:42  0:12:33 1389k
 38 3669M   38 1405M    0     0  3106k      0  0:20:09  0:07:43  0:12:26 3354k
 38 3669M   38 1420M    0     0  3131k      0  0:19:59  0:07:44  0:12:15 6341k
 38 3669M   38 1429M    0     0  3144k      0  0:19:54  0:07:45  0:12:09 8113k
 39 3669M   39 1432M    0     0  3144k      0  0:19:55  0:07:46  0:12:09 8544k
 39 3669M   39 1433M    0     0  3139k      0  0:19:56  0:07:47  0:12:09 7538k
 39 3669M   39 1433M    0     0  3132k      0  0:19:59  0:07:48  0:12:11 5601k
 39 3669M   39 1433M    0     0  3126k      0  0:20:02  0:07:49  0:12:13 2618k
 39 3669M   39 1449M    0     0  3153k      0  0:19:51  0:07:50  0:12:01 4010k
 39 3669M   39 1452M    0     0  3155k      0  0:19:50  0:07:51  0:11:59 4185k
 39 3669M   39 1452M    0     0  3148k      0  0:19:53  0:07:52  0:12:01 4014k
 39 3669M   39 1452M    0     0  3142k      0  0:19:55  0:07:53  0:12:02 4006k
 39 3669M   39 1452M    0     0  3135k      0  0:19:58  0:07:54  0:12:04 4015k
 39 3669M   39 1452M    0     0  3129k      0  0:20:00  0:07:55  0:12:05  802k
 39 3669M   39 1453M    0     0  3123k      0  0:20:03  0:07:56  0:12:07 98201
 39 3669M   39 1453M    0     0  3116k      0  0:20:05  0:07:57  0:12:08 98181
 39 3669M   39 1460M    0     0  3124k      0  0:20:02  0:07:58  0:12:04 1478k
 39 3669M   39 1460M    0     0  3118k      0  0:20:05  0:07:59  0:12:06 1480k
 39 3669M   39 1460M    0     0  3111k      0  0:20:07  0:08:00  0:12:07 1472k
 39 3669M   39 1460M    0     0  3105k      0  0:20:09  0:08:01  0:12:08 1470k
 39 3669M   39 1460M    0     0  3099k      0  0:20:12  0:08:02  0:12:10 1470k
 40 3669M   40 1477M    0     0  3128k      0  0:20:01  0:08:03  0:11:58 3455k
 40 3669M   40 1484M    0     0  3137k      0  0:19:57  0:08:04  0:11:53 4959k
 40 3669M   40 1484M    0     0  3130k      0  0:20:00  0:08:05  0:11:55 4978k
 40 3669M   40 1496M    0     0  3150k      0  0:19:52  0:08:06  0:11:46 7439k
 40 3669M   40 1499M    0     0  3149k      0  0:19:53  0:08:07  0:11:46 7974k
 41 3669M   41 1514M    0     0  3175k      0  0:19:43  0:08:08  0:11:35 7765k
 41 3669M   41 1514M    0     0  3169k      0  0:19:45  0:08:09  0:11:36 6254k
 41 3669M   41 1515M    0     0  3164k      0  0:19:47  0:08:10  0:11:37 6457k
 41 3669M   41 1516M    0     0  3158k      0  0:19:49  0:08:11  0:11:38 3959k
 41 3669M   41 1516M    0     0  3151k      0  0:19:52  0:08:12  0:11:40 3375k
 41 3669M   41 1527M    0     0  3170k      0  0:19:45  0:08:13  0:11:32 2644k
 41 3669M   41 1533M    0     0  3174k      0  0:19:43  0:08:14  0:11:29 3710k
 41 3669M   41 1533M    0     0  3168k      0  0:19:46  0:08:15  0:11:31 3498k
 41 3669M   41 1533M    0     0  3161k      0  0:19:48  0:08:16  0:11:32 3493k
 41 3669M   41 1540M    0     0  3169k      0  0:19:45  0:08:17  0:11:28 4927k
 41 3669M   41 1540M    0     0  3163k      0  0:19:47  0:08:18  0:11:29 2510k
 41 3669M   41 1540M    0     0  3157k      0  0:19:49  0:08:19  0:11:30 1508k
 41 3669M   41 1540M    0     0  3151k      0  0:19:52  0:08:20  0:11:32 1518k
 41 3669M   41 1540M    0     0  3145k      0  0:19:54  0:08:21  0:11:33 1518k
 41 3669M   41 1540M    0     0  3139k      0  0:19:56  0:08:22  0:11:34  102k
 42 3669M   42 1543M    0     0  3139k      0  0:19:56  0:08:23  0:11:33  779k
 42 3669M   42 1544M    0     0  3133k      0  0:19:59  0:08:24  0:11:35  739k
 42 3669M   42 1544M    0     0  3128k      0  0:20:00  0:08:25  0:11:35  849k
 42 3669M   42 1544M    0     0  3122k      0  0:20:03  0:08:26  0:11:37  852k
 42 3669M   42 1544M    0     0  3116k      0  0:20:05  0:08:27  0:11:38  851k
 42 3669M   42 1556M    0     0  3135k      0  0:19:58  0:08:28  0:11:30 2642k
 42 3669M   42 1557M    0     0  3130k      0  0:20:00  0:08:29  0:11:31 2764k
 42 3669M   42 1557M    0     0  3124k      0  0:20:02  0:08:30  0:11:32 2654k
 42 3669M   42 1557M    0     0  3118k      0  0:20:05  0:08:31  0:11:34 2653k
 42 3669M   42 1557M    0     0  3112k      0  0:20:07  0:08:32  0:11:35 2654k
 42 3669M   42 1572M    0     0  3136k      0  0:19:58  0:08:33  0:11:25 3305k
 42 3669M   42 1573M    0     0  3130k      0  0:20:00  0:08:34  0:11:26 3169k
 42 3669M   42 1573M    0     0  3124k      0  0:20:02  0:08:35  0:11:27 3170k
 42 3669M   42 1574M    0     0  3122k      0  0:20:03  0:08:36  0:11:27 3519k
 42 3669M   42 1575M    0     0  3118k      0  0:20:05  0:08:37  0:11:28 3727k
 42 3669M   42 1575M    0     0  3112k      0  0:20:07  0:08:38  0:11:29  600k
 43 3669M   43 1580M    0     0  3115k      0  0:20:06  0:08:39  0:11:27 1545k
 43 3669M   43 1581M    0     0  3110k      0  0:20:08  0:08:40  0:11:28 1663k
 43 3669M   43 1581M    0     0  3106k      0  0:20:09  0:08:41  0:11:28 1435k
 43 3669M   43 1581M    0     0  3100k      0  0:20:12  0:08:42  0:11:30 1232k
 43 3669M   43 1581M    0     0  3094k      0  0:20:14  0:08:43  0:11:31 1239k
 43 3669M   43 1598M    0     0  3119k      0  0:20:04  0:08:44  0:11:20 3576k
 43 3669M   43 1598M    0     0  3114k      0  0:20:06  0:08:45  0:11:21 3533k
 43 3669M   43 1599M    0     0  3111k      0  0:20:07  0:08:46  0:11:21 3708k
 43 3669M   43 1600M    0     0  3105k      0  0:20:09  0:08:47  0:11:22 3701k
 43 3669M   43 1600M    0     0  3100k      0  0:20:11  0:08:48  0:11:23 3745k
 43 3669M   43 1600M    0     0  3095k      0  0:20:13  0:08:49  0:11:24  536k
 43 3669M   43 1600M    0     0  3089k      0  0:20:16  0:08:50  0:11:26  466k
 43 3669M   43 1614M    0     0  3110k      0  0:20:08  0:08:51  0:11:17 2950k
 43 3669M   43 1614M    0     0  3105k      0  0:20:10  0:08:52  0:11:18 3008k
 44 3669M   44 1614M    0     0  3099k      0  0:20:12  0:08:53  0:11:19 2955k
 44 3669M   44 1614M    0     0  3093k      0  0:20:14  0:08:54  0:11:20 2875k
 44 3669M   44 1614M    0     0  3087k      0  0:20:17  0:08:55  0:11:22 2872k
 44 3669M   44 1614M    0     0  3082k      0  0:20:19  0:08:56  0:11:23  101k
 44 3669M   44 1619M    0     0  3086k      0  0:20:17  0:08:57  0:11:20 1079k
 44 3669M   44 1619M    0     0  3080k      0  0:20:19  0:08:58  0:11:21 1080k
 44 3669M   44 1620M    0     0  3074k      0  0:20:22  0:08:59  0:11:23 1082k
 44 3669M   44 1620M    0     0  3069k      0  0:20:24  0:09:00  0:11:24 1108k
 44 3669M   44 1620M    0     0  3064k      0  0:20:26  0:09:01  0:11:25 1138k
 44 3669M   44 1621M    0     0  3060k      0  0:20:27  0:09:02  0:11:25  328k
 44 3669M   44 1633M    0     0  3077k      0  0:20:21  0:09:03  0:11:18 2737k
 44 3669M   44 1633M    0     0  3071k      0  0:20:23  0:09:04  0:11:19 2721k
 44 3669M   44 1648M    0     0  3093k      0  0:20:14  0:09:05  0:11:09 5711k
 45 3669M   45 1655M    0     0  3102k      0  0:20:11  0:09:06  0:11:05 7231k
 45 3669M   45 1655M    0     0  3096k      0  0:20:13  0:09:07  0:11:06 7017k
 45 3669M   45 1655M    0     0  3091k      0  0:20:15  0:09:08  0:11:07 4598k
 45 3669M   45 1655M    0     0  3085k      0  0:20:17  0:09:09  0:11:08 4628k
 45 3669M   45 1656M    0     0  3080k      0  0:20:19  0:09:10  0:11:09 1619k
 45 3669M   45 1656M    0     0  3075k      0  0:20:21  0:09:11  0:11:10  121k
 45 3669M   45 1658M    0     0  3074k      0  0:20:22  0:09:12  0:11:10  650k
 45 3669M   45 1659M    0     0  3069k      0  0:20:24  0:09:13  0:11:11  651k
 45 3669M   45 1659M    0     0  3063k      0  0:20:26  0:09:14  0:11:12  650k
 45 3669M   45 1659M    0     0  3058k      0  0:20:28  0:09:15  0:11:13  615k
 45 3669M   45 1659M    0     0  3052k      0  0:20:30  0:09:16  0:11:14  567k
 45 3669M   45 1659M    0     0  3047k      0  0:20:33  0:09:17  0:11:16 38438
 45 3669M   45 1659M    0     0  3042k      0  0:20:35  0:09:18  0:11:17 38601
 45 3669M   45 1659M    0     0  3036k      0  0:20:37  0:09:19  0:11:18 57933
 45 3669M   45 1659M    0     0  3032k      0  0:20:39  0:09:20  0:11:19  125k
 45 3669M   45 1670M    0     0  3046k      0  0:20:33  0:09:21  0:11:12 2372k
 45 3669M   45 1675M    0     0  3050k      0  0:20:31  0:09:22  0:11:09 3352k
 45 3669M   45 1676M    0     0  3045k      0  0:20:33  0:09:23  0:11:10 3470k
 45 3669M   45 1676M    0     0  3040k      0  0:20:35  0:09:24  0:11:11 3445k
 45 3669M   45 1676M    0     0  3035k      0  0:20:38  0:09:25  0:11:13 3380k
 46 3669M   46 1692M    0     0  3058k      0  0:20:28  0:09:26  0:11:02 4403k
 46 3669M   46 1692M    0     0  3053k      0  0:20:30  0:09:27  0:11:03 3462k
 46 3669M   46 1708M    0     0  3076k      0  0:20:21  0:09:28  0:10:53 6581k
 46 3669M   46 1708M    0     0  3072k      0  0:20:23  0:09:29  0:10:54 6694k
 46 3669M   46 1708M    0     0  3067k      0  0:20:25  0:09:30  0:10:55 6687k
 46 3669M   46 1708M    0     0  3062k      0  0:20:27  0:09:31  0:10:56 3424k
 46 3669M   46 1708M    0     0  3056k      0  0:20:29  0:09:32  0:10:57 3390k
 47 3669M   47 1725M    0     0  3081k      0  0:20:19  0:09:33  0:10:46 3580k
 47 3669M   47 1725M    0     0  3075k      0  0:20:21  0:09:34  0:10:47 3450k
 47 3669M   47 1726M    0     0  3071k      0  0:20:23  0:09:35  0:10:48 3495k
 47 3669M   47 1734M    0     0  3081k      0  0:20:19  0:09:36  0:10:43 5255k
 47 3669M   47 1734M    0     0  3075k      0  0:20:21  0:09:37  0:10:44 5247k
 47 3669M   47 1734M    0     0  3070k      0  0:20:23  0:09:38  0:10:45 1869k
 47 3669M   47 1735M    0     0  3066k      0  0:20:25  0:09:39  0:10:46 1948k
 47 3669M   47 1746M    0     0  3080k      0  0:20:19  0:09:40  0:10:39 4168k
 47 3669M   47 1756M    0     0  3092k      0  0:20:15  0:09:41  0:10:34 4448k
 47 3669M   47 1756M    0     0  3087k      0  0:20:17  0:09:42  0:10:35 4428k
 47 3669M   47 1756M    0     0  3082k      0  0:20:19  0:09:43  0:10:36 4422k
 47 3669M   47 1756M    0     0  3077k      0  0:20:21  0:09:44  0:10:37 4395k
 47 3669M   47 1756M    0     0  3072k      0  0:20:23  0:09:45  0:10:38 2147k
 47 3669M   47 1756M    0     0  3067k      0  0:20:25  0:09:46  0:10:39  112k
 48 3669M   48 1770M    0     0  3085k      0  0:20:17  0:09:47  0:10:30 2889k
 48 3669M   48 1770M    0     0  3080k      0  0:20:19  0:09:48  0:10:31 2884k
 48 3669M   48 1781M    0     0  3094k      0  0:20:14  0:09:49  0:10:25 5049k
 48 3669M   48 1786M    0     0  3097k      0  0:20:13  0:09:50  0:10:23 6064k
 48 3669M   48 1786M    0     0  3092k      0  0:20:15  0:09:51  0:10:24 6081k
 48 3669M   48 1786M    0     0  3087k      0  0:20:17  0:09:52  0:10:25 3293k
 48 3669M   48 1786M    0     0  3082k      0  0:20:19  0:09:53  0:10:26 3284k
 48 3669M   48 1786M    0     0  3077k      0  0:20:21  0:09:54  0:10:27 1123k
 48 3669M   48 1786M    0     0  3072k      0  0:20:23  0:09:55  0:10:28 92298
 48 3669M   48 1787M    0     0  3067k      0  0:20:24  0:09:56  0:10:28  139k
 49 3669M   49 1802M    0     0  3089k      0  0:20:16  0:09:57  0:10:19 3272k
 49 3669M   49 1802M    0     0  3083k      0  0:20:18  0:09:58  0:10:20 3255k
 49 3669M   49 1803M    0     0  3080k      0  0:20:19  0:09:59  0:10:20 3451k
 49 3669M   49 1808M    0     0  3083k      0  0:20:18  0:10:00  0:10:18 4388k
 49 3669M   49 1808M    0     0  3078k      0  0:20:20  0:10:01  0:10:19 4339k
 49 3669M   49 1808M    0     0  3073k      0  0:20:22  0:10:02  0:10:20 1212k
 49 3669M   49 1808M    0     0  3068k      0  0:20:24  0:10:03  0:10:21 1218k
 49 3669M   49 1808M    0     0  3063k      0  0:20:26  0:10:04  0:10:22  987k
 49 3669M   49 1808M    0     0  3058k      0  0:20:28  0:10:05  0:10:23 40202
 49 3669M   49 1808M    0     0  3053k      0  0:20:30  0:10:06  0:10:24 37537
 49 3669M   49 1808M    0     0  3048k      0  0:20:32  0:10:07  0:10:25 37709
 49 3669M   49 1808M    0     0  3043k      0  0:20:34  0:10:08  0:10:26 39635
 49 3669M   49 1808M    0     0  3038k      0  0:20:36  0:10:09  0:10:27 37484
 49 3669M   49 1808M    0     0  3033k      0  0:20:38  0:10:10  0:10:28 37006
 49 3669M   49 1809M    0     0  3029k      0  0:20:40  0:10:11  0:10:29  117k
 49 3669M   49 1809M    0     0  3024k      0  0:20:42  0:10:12  0:10:30  119k
 49 3669M   49 1809M    0     0  3019k      0  0:20:44  0:10:13  0:10:31  117k
 49 3669M   49 1824M    0     0  3039k      0  0:20:36  0:10:14  0:10:22 3180k
 49 3669M   49 1824M    0     0  3034k      0  0:20:38  0:10:15  0:10:23 3181k
 49 3669M   49 1828M    0     0  3036k      0  0:20:37  0:10:16  0:10:21 3888k
 50 3669M   50 1838M    0     0  3048k      0  0:20:32  0:10:17  0:10:15 5954k
 50 3669M   50 1841M    0     0  3049k      0  0:20:32  0:10:18  0:10:14 6703k
 50 3669M   50 1852M    0     0  3062k      0  0:20:27  0:10:19  0:10:08 5863k
 50 3669M   50 1852M    0     0  3057k      0  0:20:29  0:10:20  0:10:09 5864k
 50 3669M   50 1852M    0     0  3052k      0  0:20:30  0:10:21  0:10:09 5070k
 50 3669M   50 1853M    0     0  3048k      0  0:20:32  0:10:22  0:10:10 3036k
 50 3669M   50 1854M    0     0  3045k      0  0:20:33  0:10:23  0:10:10 2652k
 50 3669M   50 1864M    0     0  3057k      0  0:20:29  0:10:24  0:10:05 2395k
 50 3669M   50 1864M    0     0  3052k      0  0:20:31  0:10:25  0:10:06 2396k
 50 3669M   50 1864M    0     0  3048k      0  0:20:32  0:10:26  0:10:06 2479k
 50 3669M   50 1864M    0     0  3043k      0  0:20:34  0:10:27  0:10:07 2440k
 50 3669M   50 1867M    0     0  3042k      0  0:20:35  0:10:28  0:10:07 2614k
 50 3669M   50 1867M    0     0  3037k      0  0:20:37  0:10:29  0:10:08  626k
 50 3669M   50 1867M    0     0  3033k      0  0:20:38  0:10:30  0:10:08  626k
 50 3669M   50 1867M    0     0  3028k      0  0:20:40  0:10:31  0:10:09  547k
 50 3669M   50 1867M    0     0  3023k      0  0:20:42  0:10:32  0:10:10  572k
 50 3669M   50 1868M    0     0  3019k      0  0:20:44  0:10:33  0:10:11  172k
 50 3669M   50 1868M    0     0  3015k      0  0:20:46  0:10:34  0:10:12  174k
 50 3669M   50 1870M    0     0  3014k      0  0:20:46  0:10:35  0:10:11  625k
 51 3669M   51 1886M    0     0  3034k      0  0:20:38  0:10:36  0:10:02 3822k
 51 3669M   51 1886M    0     0  3030k      0  0:20:40  0:10:37  0:10:03 3852k
 51 3669M   51 1886M    0     0  3025k      0  0:20:42  0:10:38  0:10:04 3739k
 51 3669M   51 1886M    0     0  3020k      0  0:20:43  0:10:39  0:10:04 3731k
 51 3669M   51 1886M    0     0  3016k      0  0:20:45  0:10:40  0:10:05 3279k
 51 3669M   51 1886M    0     0  3011k      0  0:20:47  0:10:41  0:10:06  107k
 51 3669M   51 1886M    0     0  3007k      0  0:20:49  0:10:42  0:10:07 86603
 51 3669M   51 1887M    0     0  3003k      0  0:20:51  0:10:43  0:10:08  131k
 51 3669M   51 1896M    0     0  3012k      0  0:20:47  0:10:44  0:10:03 1986k
 51 3669M   51 1903M    0     0  3019k      0  0:20:44  0:10:45  0:09:59 3441k
 52 3669M   52 1914M    0     0  3032k      0  0:20:39  0:10:46  0:09:53 5712k
 52 3669M   52 1919M    0     0  3035k      0  0:20:38  0:10:47  0:09:51 6639k
 52 3669M   52 1919M    0     0  3030k      0  0:20:39  0:10:48  0:09:51 6606k
 52 3669M   52 1919M    0     0  3026k      0  0:20:41  0:10:49  0:09:52 4799k
 52 3669M   52 1932M    0     0  3041k      0  0:20:35  0:10:50  0:09:45 5915k
 52 3669M   52 1942M    0     0  3053k      0  0:20:30  0:10:51  0:09:39 5744k
 52 3669M   52 1942M    0     0  3048k      0  0:20:32  0:10:52  0:09:40 4799k
 52 3669M   52 1942M    0     0  3044k      0  0:20:34  0:10:53  0:09:41 4771k
 52 3669M   52 1942M    0     0  3039k      0  0:20:36  0:10:54  0:09:42 4716k
 53 3669M   53 1948M    0     0  3043k      0  0:20:34  0:10:55  0:09:39 3240k
 53 3669M   53 1951M    0     0  3043k      0  0:20:34  0:10:56  0:09:38 1818k
 53 3669M   53 1951M    0     0  3039k      0  0:20:36  0:10:57  0:09:39 1792k
 53 3669M   53 1951M    0     0  3034k      0  0:20:38  0:10:58  0:09:40 1796k
 53 3669M   53 1952M    0     0  3032k      0  0:20:39  0:10:59  0:09:40 2066k
 53 3669M   53 1953M    0     0  3028k      0  0:20:40  0:11:00  0:09:40 1138k
 53 3669M   53 1953M    0     0  3024k      0  0:20:42  0:11:01  0:09:41  462k
 53 3669M   53 1953M    0     0  3019k      0  0:20:44  0:11:02  0:09:42  464k
 53 3669M   53 1953M    0     0  3015k      0  0:20:46  0:11:03  0:09:43  462k
 53 3669M   53 1968M    0     0  3033k      0  0:20:38  0:11:04  0:09:34 3204k
 53 3669M   53 1971M    0     0  3033k      0  0:20:38  0:11:05  0:09:33 3660k
 54 3669M   54 1984M    0     0  3049k      0  0:20:32  0:11:06  0:09:26 6339k
 54 3669M   54 1984M    0     0  3044k      0  0:20:34  0:11:07  0:09:27 6360k
 54 3669M   54 1985M    0     0  3040k      0  0:20:35  0:11:08  0:09:27 6431k
 54 3669M   54 1996M    0     0  3053k      0  0:20:30  0:11:09  0:09:21 5705k
 54 3669M   54 1996M    0     0  3049k      0  0:20:32  0:11:10  0:09:22 5112k
 54 3669M   54 1998M    0     0  3047k      0  0:20:33  0:11:11  0:09:22 2818k
 54 3669M   54 1998M    0     0  3043k      0  0:20:34  0:11:12  0:09:22 2863k
 54 3669M   54 1998M    0     0  3039k      0  0:20:36  0:11:13  0:09:23 2796k
 54 3669M   54 1998M    0     0  3034k      0  0:20:38  0:11:14  0:09:24  498k
 54 3669M   54 1999M    0     0  3030k      0  0:20:39  0:11:15  0:09:24  550k
 54 3669M   54 2010M    0     0  3043k      0  0:20:34  0:11:16  0:09:18 2514k
 54 3669M   54 2016M    0     0  3047k      0  0:20:32  0:11:17  0:09:15 3598k
 54 3669M   54 2016M    0     0  3043k      0  0:20:34  0:11:18  0:09:16 3612k
 54 3669M   54 2016M    0     0  3038k      0  0:20:36  0:11:19  0:09:17 3607k
 54 3669M   54 2016M    0     0  3034k      0  0:20:38  0:11:20  0:09:18 3550k
 55 3669M   55 2036M    0     0  3059k      0  0:20:28  0:11:21  0:09:07 5245k
 55 3669M   55 2037M    0     0  3056k      0  0:20:29  0:11:22  0:09:07 4261k
 55 3669M   55 2037M    0     0  3052k      0  0:20:31  0:11:23  0:09:08 4249k
 55 3669M   55 2037M    0     0  3047k      0  0:20:32  0:11:24  0:09:08 4263k
 55 3669M   55 2037M    0     0  3043k      0  0:20:34  0:11:25  0:09:09 4239k
 55 3669M   55 2037M    0     0  3038k      0  0:20:36  0:11:26  0:09:10  205k
 55 3669M   55 2040M    0     0  3039k      0  0:20:36  0:11:27  0:09:09  761k
 55 3669M   55 2041M    0     0  3035k      0  0:20:37  0:11:28  0:09:09  780k
 55 3669M   55 2041M    0     0  3031k      0  0:20:39  0:11:29  0:09:10  831k
 55 3669M   55 2053M    0     0  3044k      0  0:20:34  0:11:30  0:09:04 3223k
 55 3669M   55 2054M    0     0  3042k      0  0:20:35  0:11:31  0:09:04 3508k
 56 3669M   56 2067M    0     0  3057k      0  0:20:29  0:11:32  0:08:57 5420k
 56 3669M   56 2067M    0     0  3052k      0  0:20:30  0:11:33  0:08:57 5411k
 56 3669M   56 2067M    0     0  3048k      0  0:20:32  0:11:34  0:08:58 5358k
 56 3669M   56 2067M    0     0  3044k      0  0:20:34  0:11:35  0:08:59 2973k
 56 3669M   56 2067M    0     0  3040k      0  0:20:36  0:11:36  0:09:00 2747k
 56 3669M   56 2068M    0     0  3036k      0  0:20:37  0:11:37  0:09:00  157k
 56 3669M   56 2083M    0     0  3054k      0  0:20:30  0:11:38  0:08:52 3319k
 56 3669M   56 2083M    0     0  3050k      0  0:20:31  0:11:39  0:08:52 3333k
 56 3669M   56 2083M    0     0  3046k      0  0:20:33  0:11:40  0:08:53 3322k
 56 3669M   56 2084M    0     0  3043k      0  0:20:34  0:11:41  0:08:53 3466k
 56 3669M   56 2084M    0     0  3038k      0  0:20:36  0:11:42  0:08:54 3381k
 56 3669M   56 2085M    0     0  3035k      0  0:20:38  0:11:43  0:08:55  286k
 57 3669M   57 2099M    0     0  3052k      0  0:20:31  0:11:44  0:08:47 3310k
 57 3669M   57 2100M    0     0  3048k      0  0:20:32  0:11:45  0:08:47 3378k
 57 3669M   57 2107M    0     0  3055k      0  0:20:30  0:11:46  0:08:44 4729k
 57 3669M   57 2107M    0     0  3050k      0  0:20:31  0:11:47  0:08:44 4757k
 57 3669M   57 2123M    0     0  3069k      0  0:20:24  0:11:48  0:08:36 7928k
 57 3669M   57 2124M    0     0  3066k      0  0:20:25  0:11:49  0:08:36 5112k
 57 3669M   57 2124M    0     0  3062k      0  0:20:27  0:11:50  0:08:37 5038k
 58 3669M   58 2129M    0     0  3064k      0  0:20:26  0:11:51  0:08:35 4342k
 58 3669M   58 2136M    0     0  3070k      0  0:20:23  0:11:52  0:08:31 5829k
 58 3669M   58 2149M    0     0  3085k      0  0:20:17  0:11:53  0:08:24 5292k
 58 3669M   58 2149M    0     0  3080k      0  0:20:19  0:11:54  0:08:25 5086k
 58 3669M   58 2149M    0     0  3076k      0  0:20:21  0:11:55  0:08:26 5111k
 58 3669M   58 2151M    0     0  3074k      0  0:20:22  0:11:56  0:08:26 4503k
 59 3669M   59 2166M    0     0  3091k      0  0:20:15  0:11:57  0:08:18 6041k
 59 3669M   59 2166M    0     0  3087k      0  0:20:17  0:11:58  0:08:19 3398k
 59 3669M   59 2180M    0     0  3103k      0  0:20:10  0:11:59  0:08:11 6364k
 59 3669M   59 2182M    0     0  3101k      0  0:20:11  0:12:00  0:08:11 6685k
 59 3669M   59 2182M    0     0  3097k      0  0:20:13  0:12:01  0:08:12 6449k
 59 3669M   59 2186M    0     0  3098k      0  0:20:12  0:12:02  0:08:10 4193k
 59 3669M   59 2198M    0     0  3111k      0  0:20:07  0:12:03  0:08:04 6622k
 59 3669M   59 2198M    0     0  3107k      0  0:20:09  0:12:04  0:08:05 3665k
 59 3669M   59 2198M    0     0  3103k      0  0:20:10  0:12:05  0:08:05 3395k
 60 3669M   60 2214M    0     0  3121k      0  0:20:03  0:12:06  0:07:57 6548k
 60 3669M   60 2214M    0     0  3117k      0  0:20:05  0:12:07  0:07:58 5759k
 60 3669M   60 2215M    0     0  3113k      0  0:20:06  0:12:08  0:07:58 3416k
 60 3669M   60 2228M    0     0  3127k      0  0:20:01  0:12:09  0:07:52 6061k
 60 3669M   60 2228M    0     0  3123k      0  0:20:03  0:12:10  0:07:53 6014k
 60 3669M   60 2228M    0     0  3119k      0  0:20:04  0:12:11  0:07:53 2854k
 60 3669M   60 2228M    0     0  3115k      0  0:20:06  0:12:12  0:07:54 2847k
 60 3669M   60 2228M    0     0  3111k      0  0:20:07  0:12:13  0:07:54 2702k
 60 3669M   60 2228M    0     0  3107k      0  0:20:09  0:12:14  0:07:55 94913
 60 3669M   60 2229M    0     0  3103k      0  0:20:10  0:12:15  0:07:55  154k
 60 3669M   60 2229M    0     0  3099k      0  0:20:12  0:12:16  0:07:56  154k
 60 3669M   60 2237M    0     0  3106k      0  0:20:09  0:12:17  0:07:52 1859k
 60 3669M   60 2237M    0     0  3102k      0  0:20:11  0:12:18  0:07:53 1860k
 60 3669M   60 2237M    0     0  3098k      0  0:20:12  0:12:19  0:07:53 1808k
 61 3669M   61 2243M    0     0  3102k      0  0:20:11  0:12:20  0:07:51 3000k
 61 3669M   61 2252M    0     0  3111k      0  0:20:07  0:12:21  0:07:46 4818k
 61 3669M   61 2252M    0     0  3106k      0  0:20:09  0:12:22  0:07:47 3137k
 61 3669M   61 2252M    0     0  3102k      0  0:20:11  0:12:23  0:07:48 3127k
 61 3669M   61 2254M    0     0  3101k      0  0:20:11  0:12:24  0:07:47 3509k
 61 3669M   61 2254M    0     0  3097k      0  0:20:13  0:12:25  0:07:48 2246k
 61 3669M   61 2254M    0     0  3093k      0  0:20:14  0:12:26  0:07:48  409k
 61 3669M   61 2255M    0     0  3089k      0  0:20:16  0:12:27  0:07:49  491k
 61 3669M   61 2260M    0     0  3092k      0  0:20:15  0:12:28  0:07:47 1582k
 61 3669M   61 2275M    0     0  3108k      0  0:20:08  0:12:29  0:07:39 4178k
 62 3669M   62 2277M    0     0  3107k      0  0:20:09  0:12:30  0:07:39 4619k
 62 3669M   62 2277M    0     0  3103k      0  0:20:10  0:12:31  0:07:39 4618k
 62 3669M   62 2277M    0     0  3099k      0  0:20:12  0:12:32  0:07:40 4574k
 62 3669M   62 2277M    0     0  3095k      0  0:20:14  0:12:33  0:07:41 3481k
 62 3669M   62 2292M    0     0  3111k      0  0:20:07  0:12:34  0:07:33 3612k
 62 3669M   62 2293M    0     0  3108k      0  0:20:08  0:12:35  0:07:33 3325k
 62 3669M   62 2302M    0     0  3117k      0  0:20:05  0:12:36  0:07:29 5238k
 62 3669M   62 2307M    0     0  3118k      0  0:20:04  0:12:37  0:07:27 6069k
 62 3669M   62 2307M    0     0  3114k      0  0:20:06  0:12:38  0:07:28 6044k
 63 3669M   63 2313M    0     0  3119k      0  0:20:04  0:12:39  0:07:25 4252k
 63 3669M   63 2322M    0     0  3126k      0  0:20:01  0:12:40  0:07:21 5931k
 63 3669M   63 2330M    0     0  3133k      0  0:19:59  0:12:41  0:07:18 5660k
 63 3669M   63 2338M    0     0  3140k      0  0:19:56  0:12:42  0:07:14 6399k
 63 3669M   63 2338M    0     0  3136k      0  0:19:58  0:12:43  0:07:15 6426k
 63 3669M   63 2339M    0     0  3132k      0  0:19:59  0:12:44  0:07:15 5191k
 63 3669M   63 2346M    0     0  3139k      0  0:19:57  0:12:45  0:07:12 5014k
 63 3669M   63 2346M    0     0  3134k      0  0:19:58  0:12:46  0:07:12 3286k
 63 3669M   63 2347M    0     0  3131k      0  0:19:59  0:12:47  0:07:12 1815k
 63 3669M   63 2347M    0     0  3127k      0  0:20:01  0:12:48  0:07:13 1806k
 63 3669M   63 2347M    0     0  3123k      0  0:20:02  0:12:49  0:07:13 1738k
 63 3669M   63 2347M    0     0  3119k      0  0:20:04  0:12:50  0:07:14  181k
 64 3669M   64 2364M    0     0  3138k      0  0:19:57  0:12:51  0:07:06 3725k
 64 3669M   64 2365M    0     0  3135k      0  0:19:58  0:12:52  0:07:06 3618k
 64 3669M   64 2369M    0     0  3137k      0  0:19:57  0:12:53  0:07:04 4591k
 64 3669M   64 2370M    0     0  3134k      0  0:19:58  0:12:54  0:07:04 4804k
 64 3669M   64 2371M    0     0  3130k      0  0:20:00  0:12:55  0:07:05 4802k
 64 3669M   64 2371M    0     0  3127k      0  0:20:01  0:12:56  0:07:05 1415k
 64 3669M   64 2371M    0     0  3123k      0  0:20:03  0:12:57  0:07:06 1360k
 64 3669M   64 2372M    0     0  3121k      0  0:20:03  0:12:58  0:07:05  655k
 65 3669M   65 2387M    0     0  3136k      0  0:19:58  0:12:59  0:06:59 3390k
 65 3669M   65 2398M    0     0  3146k      0  0:19:54  0:13:00  0:06:54 5602k
 65 3669M   65 2398M    0     0  3143k      0  0:19:55  0:13:01  0:06:54 5575k
 65 3669M   65 2398M    0     0  3139k      0  0:19:57  0:13:02  0:06:55 5568k
 65 3669M   65 2398M    0     0  3135k      0  0:19:58  0:13:03  0:06:55 5326k
 65 3669M   65 2399M    0     0  3131k      0  0:20:00  0:13:04  0:06:56 2373k
 65 3669M   65 2403M    0     0  3133k      0  0:19:59  0:13:05  0:06:54 1136k
 65 3669M   65 2412M    0     0  3140k      0  0:19:56  0:13:06  0:06:50 2694k
 65 3669M   65 2412M    0     0  3136k      0  0:19:57  0:13:07  0:06:50 2754k
 65 3669M   65 2412M    0     0  3133k      0  0:19:59  0:13:08  0:06:51 2860k
 65 3669M   65 2413M    0     0  3129k      0  0:20:00  0:13:09  0:06:51 2846k
 65 3669M   65 2414M    0     0  3127k      0  0:20:01  0:13:10  0:06:51 2107k
 65 3669M   65 2415M    0     0  3125k      0  0:20:02  0:13:11  0:06:51  756k
 65 3669M   65 2415M    0     0  3121k      0  0:20:03  0:13:12  0:06:51  699k
 65 3669M   65 2416M    0     0  3118k      0  0:20:05  0:13:13  0:06:52  667k
 65 3669M   65 2417M    0     0  3115k      0  0:20:06  0:13:14  0:06:52  944k
 66 3669M   66 2423M    0     0  3119k      0  0:20:04  0:13:15  0:06:49 1945k
 66 3669M   66 2423M    0     0  3115k      0  0:20:06  0:13:16  0:06:50 1611k
 66 3669M   66 2423M    0     0  3112k      0  0:20:07  0:13:17  0:06:50 1636k
 66 3669M   66 2432M    0     0  3119k      0  0:20:04  0:13:18  0:06:46 3324k
 66 3669M   66 2432M    0     0  3115k      0  0:20:06  0:13:19  0:06:47 3091k
 66 3669M   66 2433M    0     0  3113k      0  0:20:06  0:13:20  0:06:46 2127k
 66 3669M   66 2437M    0     0  3114k      0  0:20:06  0:13:21  0:06:45 2909k
 66 3669M   66 2445M    0     0  3121k      0  0:20:04  0:13:22  0:06:42 4536k
 66 3669M   66 2452M    0     0  3125k      0  0:20:02  0:13:23  0:06:39 4144k
 67 3669M   67 2468M    0     0  3141k      0  0:19:56  0:13:24  0:06:32 7312k
 67 3669M   67 2468M    0     0  3138k      0  0:19:57  0:13:25  0:06:32 7067k
 67 3669M   67 2468M    0     0  3134k      0  0:19:59  0:13:26  0:06:33 6251k
 67 3669M   67 2468M    0     0  3130k      0  0:20:00  0:13:27  0:06:33 4612k
 67 3669M   67 2468M    0     0  3126k      0  0:20:01  0:13:28  0:06:33 3250k
 67 3669M   67 2468M    0     0  3122k      0  0:20:03  0:13:29  0:06:34 39589
 67 3669M   67 2468M    0     0  3119k      0  0:20:04  0:13:30  0:06:34  100k
 67 3669M   67 2476M    0     0  3125k      0  0:20:02  0:13:31  0:06:31 1651k
 67 3669M   67 2487M    0     0  3134k      0  0:19:58  0:13:32  0:06:26 3825k
 67 3669M   67 2487M    0     0  3130k      0  0:20:00  0:13:33  0:06:27 3823k
 67 3669M   67 2487M    0     0  3127k      0  0:20:01  0:13:34  0:06:27 3815k
 67 3669M   67 2487M    0     0  3123k      0  0:20:03  0:13:35  0:06:28 3760k
 67 3669M   67 2487M    0     0  3119k      0  0:20:04  0:13:36  0:06:28 2259k
 67 3669M   67 2492M    0     0  3122k      0  0:20:03  0:13:37  0:06:26 1185k
 67 3669M   67 2493M    0     0  3119k      0  0:20:04  0:13:38  0:06:26 1247k
 68 3669M   68 2503M    0     0  3127k      0  0:20:01  0:13:39  0:06:22 3222k
 68 3669M   68 2509M    0     0  3131k      0  0:19:59  0:13:40  0:06:19 4549k
 68 3669M   68 2509M    0     0  3128k      0  0:20:01  0:13:41  0:06:20 4523k
 68 3669M   68 2509M    0     0  3124k      0  0:20:02  0:13:42  0:06:20 3436k
 68 3669M   68 2515M    0     0  3127k      0  0:20:01  0:13:43  0:06:18 4530k
 68 3669M   68 2515M    0     0  3124k      0  0:20:02  0:13:44  0:06:18 2629k
 68 3669M   68 2516M    0     0  3121k      0  0:20:03  0:13:45  0:06:18 1404k
 68 3669M   68 2516M    0     0  3117k      0  0:20:05  0:13:46  0:06:19 1401k
 68 3669M   68 2516M    0     0  3114k      0  0:20:06  0:13:47  0:06:19 1371k
 68 3669M   68 2529M    0     0  3125k      0  0:20:02  0:13:48  0:06:14 2773k
 69 3669M   69 2532M    0     0  3125k      0  0:20:02  0:13:49  0:06:13 3334k
 69 3669M   69 2538M    0     0  3130k      0  0:20:00  0:13:50  0:06:10 4623k
 69 3669M   69 2539M    0     0  3127k      0  0:20:01  0:13:51  0:06:10 4725k
 69 3669M   69 2540M    0     0  3124k      0  0:20:02  0:13:52  0:06:10 4841k
 69 3669M   69 2540M    0     0  3120k      0  0:20:04  0:13:53  0:06:11 2272k
 69 3669M   69 2553M    0     0  3133k      0  0:19:59  0:13:54  0:06:05 4357k
 69 3669M   69 2560M    0     0  3138k      0  0:19:57  0:13:55  0:06:02 4487k
 69 3669M   69 2565M    0     0  3140k      0  0:19:56  0:13:56  0:06:00 5285k
 69 3669M   69 2565M    0     0  3136k      0  0:19:58  0:13:57  0:06:01 5165k
 69 3669M   69 2566M    0     0  3134k      0  0:19:58  0:13:58  0:06:00 5499k
 69 3669M   69 2567M    0     0  3131k      0  0:19:59  0:13:59  0:06:00 2894k
 69 3669M   69 2567M    0     0  3128k      0  0:20:01  0:14:00  0:06:01 1373k
 69 3669M   69 2567M    0     0  3124k      0  0:20:02  0:14:01  0:06:01  461k
 69 3669M   69 2567M    0     0  3120k      0  0:20:04  0:14:02  0:06:02  460k
 70 3669M   70 2581M    0     0  3133k      0  0:19:59  0:14:03  0:05:56 2960k
 70 3669M   70 2584M    0     0  3134k      0  0:19:58  0:14:04  0:05:54 3526k
 70 3669M   70 2596M    0     0  3144k      0  0:19:54  0:14:05  0:05:49 5969k
 70 3669M   70 2596M    0     0  3141k      0  0:19:56  0:14:06  0:05:50 5983k
 70 3669M   70 2596M    0     0  3137k      0  0:19:57  0:14:07  0:05:50 5964k
 70 3669M   70 2596M    0     0  3134k      0  0:19:59  0:14:08  0:05:51 3169k
 70 3669M   70 2597M    0     0  3130k      0  0:20:00  0:14:09  0:05:51 2552k
 70 3669M   70 2597M    0     0  3127k      0  0:20:01  0:14:10  0:05:51  103k
 70 3669M   70 2604M    0     0  3132k      0  0:19:59  0:14:11  0:05:48 1591k
 71 3669M   71 2619M    0     0  3145k      0  0:19:54  0:14:12  0:05:42 4560k
 71 3669M   71 2619M    0     0  3142k      0  0:19:55  0:14:13  0:05:42 4599k
 71 3669M   71 2619M    0     0  3138k      0  0:19:57  0:14:14  0:05:43 4544k
 71 3669M   71 2619M    0     0  3135k      0  0:19:58  0:14:15  0:05:43 4565k
 71 3669M   71 2619M    0     0  3131k      0  0:19:59  0:14:16  0:05:43 3078k
 71 3669M   71 2619M    0     0  3128k      0  0:20:01  0:14:17  0:05:44  183k
 71 3669M   71 2635M    0     0  3143k      0  0:19:55  0:14:18  0:05:37 3308k
 71 3669M   71 2639M    0     0  3144k      0  0:19:55  0:14:19  0:05:36 4031k
 72 3669M   72 2648M    0     0  3152k      0  0:19:52  0:14:20  0:05:32 6005k
 72 3669M   72 2653M    0     0  3153k      0  0:19:51  0:14:21  0:05:30 6902k
 72 3669M   72 2660M    0     0  3159k      0  0:19:49  0:14:22  0:05:27 8390k
 72 3669M   72 2668M    0     0  3164k      0  0:19:47  0:14:23  0:05:24 6733k
 73 3669M   73 2682M    0     0  3177k      0  0:19:42  0:14:24  0:05:18 8908k
 73 3669M   73 2690M    0     0  3182k      0  0:19:40  0:14:25  0:05:15 8457k
 73 3669M   73 2699M    0     0  3190k      0  0:19:37  0:14:26  0:05:11 9548k
 73 3669M   73 2701M    0     0  3188k      0  0:19:38  0:14:27  0:05:11 8357k
 73 3669M   73 2708M    0     0  3193k      0  0:19:36  0:14:28  0:05:08 8193k
 73 3669M   73 2708M    0     0  3189k      0  0:19:38  0:14:29  0:05:09 5341k
 74 3669M   74 2724M    0     0  3205k      0  0:19:32  0:14:30  0:05:02 7087k
 74 3669M   74 2724M    0     0  3201k      0  0:19:33  0:14:31  0:05:02 5112k
 74 3669M   74 2724M    0     0  3198k      0  0:19:35  0:14:32  0:05:03 4776k
 74 3669M   74 2724M    0     0  3194k      0  0:19:36  0:14:33  0:05:03 3402k
 74 3669M   74 2725M    0     0  3190k      0  0:19:37  0:14:34  0:05:03 3374k
 74 3669M   74 2725M    0     0  3187k      0  0:19:38  0:14:35  0:05:03 40070
 74 3669M   74 2725M    0     0  3184k      0  0:19:40  0:14:36  0:05:04  124k
 74 3669M   74 2725M    0     0  3180k      0  0:19:41  0:14:37  0:05:04  122k
 74 3669M   74 2725M    0     0  3176k      0  0:19:42  0:14:38  0:05:04  127k
 74 3669M   74 2741M    0     0  3191k      0  0:19:37  0:14:39  0:04:58 3365k
 74 3669M   74 2750M    0     0  3199k      0  0:19:34  0:14:40  0:04:54 5306k
 75 3669M   75 2757M    0     0  3203k      0  0:19:33  0:14:41  0:04:52 6586k
 75 3669M   75 2757M    0     0  3200k      0  0:19:34  0:14:42  0:04:52 6627k
 75 3669M   75 2758M    0     0  3196k      0  0:19:35  0:14:43  0:04:52 6732k
 75 3669M   75 2765M    0     0  3201k      0  0:19:33  0:14:44  0:04:49 4968k
 75 3669M   75 2765M    0     0  3198k      0  0:19:34  0:14:45  0:04:49 3055k
 75 3669M   75 2766M    0     0  3195k      0  0:19:36  0:14:46  0:04:50 1766k
 75 3669M   75 2766M    0     0  3191k      0  0:19:37  0:14:47  0:04:50 1734k
 75 3669M   75 2772M    0     0  3195k      0  0:19:36  0:14:48  0:04:48 2876k
 75 3669M   75 2787M    0     0  3209k      0  0:19:30  0:14:49  0:04:41 4506k
 76 3669M   76 2789M    0     0  3207k      0  0:19:31  0:14:50  0:04:41 4757k
 76 3669M   76 2789M    0     0  3203k      0  0:19:32  0:14:51  0:04:41 4686k
 76 3669M   76 2789M    0     0  3200k      0  0:19:34  0:14:52  0:04:42 4656k
 76 3669M   76 2789M    0     0  3196k      0  0:19:35  0:14:53  0:04:42 3444k
 76 3669M   76 2789M    0     0  3193k      0  0:19:36  0:14:54  0:04:42  387k
 76 3669M   76 2789M    0     0  3189k      0  0:19:38  0:14:55  0:04:43 95769
 76 3669M   76 2791M    0     0  3188k      0  0:19:38  0:14:56  0:04:42  485k
 76 3669M   76 2805M    0     0  3201k      0  0:19:33  0:14:57  0:04:36 3392k
 76 3669M   76 2806M    0     0  3198k      0  0:19:34  0:14:58  0:04:36 3610k
 76 3669M   76 2821M    0     0  3212k      0  0:19:29  0:14:59  0:04:30 6602k
 76 3669M   76 2823M    0     0  3210k      0  0:19:30  0:15:00  0:04:30 6944k
 76 3669M   76 2823M    0     0  3207k      0  0:19:31  0:15:01  0:04:30 6578k
 76 3669M   76 2823M    0     0  3204k      0  0:19:32  0:15:02  0:04:30 3733k
 76 3669M   76 2824M    0     0  3201k      0  0:19:33  0:15:03  0:04:30 3620k
 76 3669M   76 2824M    0     0  3197k      0  0:19:35  0:15:04  0:04:31  562k
 76 3669M   76 2824M    0     0  3194k      0  0:19:36  0:15:05  0:04:31  239k
 77 3669M   77 2841M    0     0  3209k      0  0:19:30  0:15:06  0:04:24 3634k
 77 3669M   77 2844M    0     0  3209k      0  0:19:30  0:15:07  0:04:23 4258k
 77 3669M   77 2844M    0     0  3206k      0  0:19:31  0:15:08  0:04:23 4148k
 77 3669M   77 2844M    0     0  3203k      0  0:19:33  0:15:09  0:04:24 4177k
 77 3669M   77 2845M    0     0  3199k      0  0:19:34  0:15:10  0:04:24 4213k
 77 3669M   77 2846M    0     0  3198k      0  0:19:34  0:15:11  0:04:23 1122k
 77 3669M   77 2847M    0     0  3195k      0  0:19:36  0:15:12  0:04:24  566k
 77 3669M   77 2847M    0     0  3191k      0  0:19:37  0:15:13  0:04:24  569k
 77 3669M   77 2854M    0     0  3196k      0  0:19:35  0:15:14  0:04:21 1950k
 77 3669M   77 2854M    0     0  3192k      0  0:19:36  0:15:15  0:04:21 1913k
 77 3669M   77 2854M    0     0  3189k      0  0:19:38  0:15:16  0:04:22 1554k
 77 3669M   77 2854M    0     0  3185k      0  0:19:39  0:15:17  0:04:22 1447k
 77 3669M   77 2854M    0     0  3182k      0  0:19:40  0:15:18  0:04:22 1447k
 77 3669M   77 2855M    0     0  3180k      0  0:19:41  0:15:19  0:04:22  283k
 78 3669M   78 2872M    0     0  3195k      0  0:19:35  0:15:20  0:04:15 3674k
 78 3669M   78 2872M    0     0  3192k      0  0:19:37  0:15:21  0:04:16 3736k
 78 3669M   78 2876M    0     0  3192k      0  0:19:36  0:15:22  0:04:14 4465k
 78 3669M   78 2876M    0     0  3189k      0  0:19:38  0:15:23  0:04:15 4463k
 78 3669M   78 2880M    0     0  3190k      0  0:19:37  0:15:24  0:04:13 5124k
 78 3669M   78 2891M    0     0  3199k      0  0:19:34  0:15:25  0:04:09 3851k
 78 3669M   78 2891M    0     0  3195k      0  0:19:35  0:15:26  0:04:09 3880k
 78 3669M   78 2892M    0     0  3192k      0  0:19:36  0:15:27  0:04:09 3198k
 78 3669M   78 2892M    0     0  3189k      0  0:19:38  0:15:28  0:04:10 3200k
 78 3669M   78 2898M    0     0  3193k      0  0:19:36  0:15:29  0:04:07 3702k
 79 3669M   79 2913M    0     0  3206k      0  0:19:31  0:15:30  0:04:01 4616k
 79 3669M   79 2913M    0     0  3203k      0  0:19:33  0:15:31  0:04:02 4539k
 79 3669M   79 2913M    0     0  3199k      0  0:19:34  0:15:32  0:04:02 4500k
 79 3669M   79 2922M    0     0  3205k      0  0:19:32  0:15:33  0:03:59 6181k
 79 3669M   79 2933M    0     0  3214k      0  0:19:29  0:15:34  0:03:55 7018k
 79 3669M   79 2933M    0     0  3210k      0  0:19:30  0:15:35  0:03:55 3964k
 79 3669M   79 2933M    0     0  3207k      0  0:19:31  0:15:36  0:03:55 3971k
 79 3669M   79 2933M    0     0  3204k      0  0:19:32  0:15:37  0:03:55 4029k
 79 3669M   79 2933M    0     0  3200k      0  0:19:33  0:15:38  0:03:55 2362k
 79 3669M   79 2933M    0     0  3197k      0  0:19:35  0:15:39  0:03:56   98k
 80 3669M   80 2947M    0     0  3209k      0  0:19:30  0:15:40  0:03:50 3007k
 80 3669M   80 2950M    0     0  3208k      0  0:19:31  0:15:41  0:03:50 3441k
 80 3669M   80 2964M    0     0  3220k      0  0:19:26  0:15:42  0:03:44 6346k
 80 3669M   80 2964M    0     0  3217k      0  0:19:27  0:15:43  0:03:44 6338k
 80 3669M   80 2964M    0     0  3214k      0  0:19:29  0:15:44  0:03:45 6330k
 80 3669M   80 2965M    0     0  3211k      0  0:19:30  0:15:45  0:03:45 3534k
 80 3669M   80 2965M    0     0  3208k      0  0:19:31  0:15:46  0:03:45 3150k
 80 3669M   80 2967M    0     0  3206k      0  0:19:31  0:15:47  0:03:44  541k
 81 3669M   81 2974M    0     0  3210k      0  0:19:30  0:15:48  0:03:42 1954k
 81 3669M   81 2974M    0     0  3207k      0  0:19:31  0:15:49  0:03:42 1992k
 81 3669M   81 2974M    0     0  3204k      0  0:19:32  0:15:50  0:03:42 1917k
 81 3669M   81 2986M    0     0  3213k      0  0:19:29  0:15:51  0:03:38 4306k
 81 3669M   81 2989M    0     0  3214k      0  0:19:29  0:15:52  0:03:37 4614k
 81 3669M   81 2990M    0     0  3211k      0  0:19:30  0:15:53  0:03:37 3291k
 81 3669M   81 2998M    0     0  3217k      0  0:19:27  0:15:54  0:03:33 5027k
 81 3669M   81 2999M    0     0  3214k      0  0:19:29  0:15:55  0:03:34 5027k
 81 3669M   81 2999M    0     0  3211k      0  0:19:30  0:15:56  0:03:34 2738k
 81 3669M   81 2999M    0     0  3208k      0  0:19:31  0:15:57  0:03:34 2043k
 81 3669M   81 2999M    0     0  3204k      0  0:19:32  0:15:58  0:03:34 1955k
 81 3669M   81 2999M    0     0  3201k      0  0:19:33  0:15:59  0:03:34  191k
 82 3669M   82 3009M    0     0  3208k      0  0:19:31  0:16:00  0:03:31 2195k
 82 3669M   82 3016M    0     0  3212k      0  0:19:29  0:16:01  0:03:28 3479k
 82 3669M   82 3016M    0     0  3209k      0  0:19:30  0:16:02  0:03:28 3514k
 82 3669M   82 3017M    0     0  3206k      0  0:19:31  0:16:03  0:03:28 3577k
 82 3669M   82 3033M    0     0  3220k      0  0:19:26  0:16:04  0:03:22 6881k
 82 3669M   82 3033M    0     0  3217k      0  0:19:27  0:16:05  0:03:22 4858k
 82 3669M   82 3033M    0     0  3214k      0  0:19:29  0:16:06  0:03:23 3436k
 82 3669M   82 3033M    0     0  3210k      0  0:19:30  0:16:07  0:03:23 3396k
 82 3669M   82 3033M    0     0  3207k      0  0:19:31  0:16:08  0:03:23 3353k
 82 3669M   82 3034M    0     0  3204k      0  0:19:32  0:16:09  0:03:23  108k
 82 3669M   82 3034M    0     0  3201k      0  0:19:33  0:16:10  0:03:23  110k
 83 3669M   83 3050M    0     0  3215k      0  0:19:28  0:16:11  0:03:17 3416k
 83 3669M   83 3052M    0     0  3214k      0  0:19:29  0:16:12  0:03:17 3881k
 83 3669M   83 3052M    0     0  3211k      0  0:19:30  0:16:13  0:03:17 3931k
 83 3669M   83 3064M    0     0  3220k      0  0:19:26  0:16:14  0:03:12 6335k
 83 3669M   83 3064M    0     0  3217k      0  0:19:27  0:16:15  0:03:12 6331k
 83 3669M   83 3065M    0     0  3214k      0  0:19:29  0:16:16  0:03:13 3077k
 83 3669M   83 3067M    0     0  3212k      0  0:19:29  0:16:17  0:03:12 2954k
 83 3669M   83 3067M    0     0  3209k      0  0:19:30  0:16:18  0:03:12 2907k
 83 3669M   83 3068M    0     0  3208k      0  0:19:31  0:16:19  0:03:12  750k
 83 3669M   83 3077M    0     0  3213k      0  0:19:29  0:16:20  0:03:09 2548k
 84 3669M   84 3088M    0     0  3222k      0  0:19:26  0:16:21  0:03:05 4856k
 84 3669M   84 3089M    0     0  3220k      0  0:19:26  0:16:22  0:03:04 4700k
 84 3669M   84 3089M    0     0  3217k      0  0:19:28  0:16:23  0:03:05 4664k
 84 3669M   84 3089M    0     0  3213k      0  0:19:29  0:16:24  0:03:05 4353k
 84 3669M   84 3090M    0     0  3210k      0  0:19:30  0:16:25  0:03:05 2622k
 84 3669M   84 3090M    0     0  3208k      0  0:19:31  0:16:26  0:03:05  375k
 84 3669M   84 3090M    0     0  3205k      0  0:19:32  0:16:27  0:03:05  195k
 84 3669M   84 3090M    0     0  3201k      0  0:19:33  0:16:28  0:03:05  198k
 84 3669M   84 3092M    0     0  3199k      0  0:19:34  0:16:29  0:03:05  424k
 84 3669M   84 3100M    0     0  3205k      0  0:19:32  0:16:30  0:03:02 2188k
 84 3669M   84 3101M    0     0  3202k      0  0:19:33  0:16:31  0:03:02 2137k
 84 3669M   84 3115M    0     0  3214k      0  0:19:28  0:16:32  0:02:56 5101k
 84 3669M   84 3116M    0     0  3212k      0  0:19:29  0:16:33  0:02:56 5343k
 84 3669M   84 3117M    0     0  3209k      0  0:19:30  0:16:34  0:02:56 5148k
 85 3669M   85 3120M    0     0  3209k      0  0:19:30  0:16:35  0:02:55 3943k
 85 3669M   85 3134M    0     0  3221k      0  0:19:26  0:16:36  0:02:50 6838k
 85 3669M   85 3134M    0     0  3217k      0  0:19:27  0:16:37  0:02:50 3850k
 85 3669M   85 3134M    0     0  3214k      0  0:19:28  0:16:38  0:02:50 3632k
 85 3669M   85 3134M    0     0  3211k      0  0:19:30  0:16:39  0:02:51 3586k
 85 3669M   85 3134M    0     0  3208k      0  0:19:31  0:16:40  0:02:51 2985k
 85 3669M   85 3134M    0     0  3205k      0  0:19:32  0:16:41  0:02:51 39585
 85 3669M   85 3134M    0     0  3201k      0  0:19:33  0:16:42  0:02:51 42361
 85 3669M   85 3135M    0     0  3199k      0  0:19:34  0:16:43  0:02:51  171k
 85 3669M   85 3135M    0     0  3196k      0  0:19:35  0:16:44  0:02:51  171k
 85 3669M   85 3135M    0     0  3193k      0  0:19:36  0:16:45  0:02:51  169k
 85 3669M   85 3135M    0     0  3190k      0  0:19:37  0:16:46  0:02:51  171k
 85 3669M   85 3135M    0     0  3186k      0  0:19:39  0:16:47  0:02:52  170k
 85 3669M   85 3135M    0     0  3183k      0  0:19:40  0:16:48  0:02:52 37952
 85 3669M   85 3135M    0     0  3180k      0  0:19:41  0:16:49  0:02:52 84063
 85 3669M   85 3146M    0     0  3188k      0  0:19:38  0:16:50  0:02:48 2228k
 85 3669M   85 3146M    0     0  3185k      0  0:19:39  0:16:51  0:02:48 2274k
 85 3669M   85 3151M    0     0  3187k      0  0:19:38  0:16:52  0:02:46 3258k
 86 3669M   86 3164M    0     0  3197k      0  0:19:35  0:16:53  0:02:42 5885k
 86 3669M   86 3164M    0     0  3194k      0  0:19:36  0:16:54  0:02:42 5929k
 86 3669M   86 3172M    0     0  3198k      0  0:19:34  0:16:55  0:02:39 5283k
 86 3669M   86 3172M    0     0  3195k      0  0:19:35  0:16:56  0:02:39 5241k
 86 3669M   86 3172M    0     0  3192k      0  0:19:37  0:16:57  0:02:40 4246k
 86 3669M   86 3172M    0     0  3189k      0  0:19:38  0:16:58  0:02:40 1611k
 86 3669M   86 3172M    0     0  3186k      0  0:19:39  0:16:59  0:02:40 1615k
 86 3669M   86 3172M    0     0  3183k      0  0:19:40  0:17:00  0:02:40   98k
 86 3669M   86 3173M    0     0  3181k      0  0:19:41  0:17:01  0:02:40  209k
 86 3669M   86 3173M    0     0  3177k      0  0:19:42  0:17:02  0:02:40  212k
 86 3669M   86 3174M    0     0  3175k      0  0:19:43  0:17:03  0:02:40  407k
 86 3669M   86 3177M    0     0  3175k      0  0:19:43  0:17:04  0:02:39  997k
 86 3669M   86 3177M    0     0  3172k      0  0:19:44  0:17:05  0:02:39  999k
 86 3669M   86 3178M    0     0  3170k      0  0:19:45  0:17:06  0:02:39  984k
 86 3669M   86 3178M    0     0  3167k      0  0:19:46  0:17:07  0:02:39  981k
 86 3669M   86 3178M    0     0  3164k      0  0:19:47  0:17:08  0:02:39  789k
 86 3669M   86 3178M    0     0  3161k      0  0:19:48  0:17:09  0:02:39  140k
 86 3669M   86 3181M    0     0  3160k      0  0:19:48  0:17:10  0:02:38  717k
 86 3669M   86 3181M    0     0  3157k      0  0:19:49  0:17:11  0:02:38  624k
 86 3669M   86 3181M    0     0  3155k      0  0:19:50  0:17:12  0:02:38  750k
 86 3669M   86 3181M    0     0  3152k      0  0:19:51  0:17:13  0:02:38  752k
 87 3669M   87 3192M    0     0  3160k      0  0:19:48  0:17:14  0:02:34 3018k
 87 3669M   87 3193M    0     0  3157k      0  0:19:50  0:17:15  0:02:35 2494k
 87 3669M   87 3193M    0     0  3155k      0  0:19:50  0:17:16  0:02:34 2600k
 87 3669M   87 3209M    0     0  3167k      0  0:19:46  0:17:17  0:02:29 5626k
 87 3669M   87 3209M    0     0  3164k      0  0:19:47  0:17:18  0:02:29 5621k
 87 3669M   87 3209M    0     0  3161k      0  0:19:48  0:17:19  0:02:29 3342k
 87 3669M   87 3209M    0     0  3158k      0  0:19:49  0:17:20  0:02:29 3285k
 87 3669M   87 3209M    0     0  3155k      0  0:19:50  0:17:21  0:02:29 3208k
 87 3669M   87 3220M    0     0  3163k      0  0:19:47  0:17:22  0:02:25 2361k
 87 3669M   87 3226M    0     0  3166k      0  0:19:46  0:17:23  0:02:23 3618k
 87 3669M   87 3227M    0     0  3163k      0  0:19:47  0:17:24  0:02:23 3671k
 87 3669M   87 3227M    0     0  3160k      0  0:19:48  0:17:25  0:02:23 3688k
 88 3669M   88 3240M    0     0  3170k      0  0:19:45  0:17:26  0:02:19 6288k
 88 3669M   88 3240M    0     0  3167k      0  0:19:46  0:17:27  0:02:19 4068k
 88 3669M   88 3240M    0     0  3164k      0  0:19:47  0:17:28  0:02:19 2820k
 88 3669M   88 3243M    0     0  3164k      0  0:19:47  0:17:29  0:02:18 3355k
 88 3669M   88 3257M    0     0  3175k      0  0:19:43  0:17:30  0:02:13 6213k
 88 3669M   88 3263M    0     0  3177k      0  0:19:42  0:17:31  0:02:11 4700k
 88 3669M   88 3263M    0     0  3174k      0  0:19:43  0:17:32  0:02:11 4621k
 88 3669M   88 3263M    0     0  3171k      0  0:19:44  0:17:33  0:02:11 4586k
 88 3669M   88 3263M    0     0  3169k      0  0:19:45  0:17:34  0:02:11 4053k
 88 3669M   88 3263M    0     0  3166k      0  0:19:46  0:17:35  0:02:11 1242k
 89 3669M   89 3276M    0     0  3175k      0  0:19:43  0:17:36  0:02:07 2765k
 89 3669M   89 3281M    0     0  3177k      0  0:19:42  0:17:37  0:02:05 3716k
 89 3669M   89 3281M    0     0  3174k      0  0:19:43  0:17:38  0:02:05 3742k
 89 3669M   89 3281M    0     0  3171k      0  0:19:44  0:17:39  0:02:05 3686k
 89 3669M   89 3281M    0     0  3168k      0  0:19:45  0:17:40  0:02:05 3700k
 89 3669M   89 3283M    0     0  3167k      0  0:19:46  0:17:41  0:02:05 1386k
 89 3669M   89 3296M    0     0  3176k      0  0:19:42  0:17:42  0:02:00 3060k
 90 3669M   90 3306M    0     0  3183k      0  0:19:40  0:17:43  0:01:57 5197k
 90 3669M   90 3307M    0     0  3181k      0  0:19:41  0:17:44  0:01:57 5251k
 90 3669M   90 3317M    0     0  3188k      0  0:19:38  0:17:45  0:01:53 7322k
 90 3669M   90 3324M    0     0  3192k      0  0:19:37  0:17:46  0:01:51 8483k
 90 3669M   90 3336M    0     0  3200k      0  0:19:33  0:17:47  0:01:46 8325k
 90 3669M   90 3336M    0     0  3197k      0  0:19:35  0:17:48  0:01:47 6162k
 90 3669M   90 3337M    0     0  3195k      0  0:19:36  0:17:49  0:01:47 6120k
 90 3669M   90 3337M    0     0  3192k      0  0:19:37  0:17:50  0:01:47 3995k
 90 3669M   90 3337M    0     0  3189k      0  0:19:38  0:17:51  0:01:47 2548k
 90 3669M   90 3338M    0     0  3187k      0  0:19:38  0:17:52  0:01:46  393k
 91 3669M   91 3353M    0     0  3198k      0  0:19:34  0:17:53  0:01:41 3296k
 91 3669M   91 3353M    0     0  3195k      0  0:19:35  0:17:54  0:01:41 3307k
 91 3669M   91 3353M    0     0  3192k      0  0:19:37  0:17:55  0:01:42 3311k
 91 3669M   91 3353M    0     0  3189k      0  0:19:38  0:17:56  0:01:42 3332k
 91 3669M   91 3353M    0     0  3187k      0  0:19:39  0:17:57  0:01:42 3010k
 91 3669M   91 3357M    0     0  3187k      0  0:19:38  0:17:58  0:01:40  845k
 91 3669M   91 3357M    0     0  3184k      0  0:19:39  0:17:59  0:01:40  923k
 91 3669M   91 3357M    0     0  3182k      0  0:19:40  0:18:00  0:01:40  924k
 91 3669M   91 3357M    0     0  3179k      0  0:19:42  0:18:01  0:01:41  860k
 91 3669M   91 3357M    0     0  3176k      0  0:19:43  0:18:02  0:01:41  887k
 91 3669M   91 3358M    0     0  3174k      0  0:19:43  0:18:03  0:01:40  261k
 91 3669M   91 3358M    0     0  3171k      0  0:19:45  0:18:04  0:01:41  177k
 91 3669M   91 3359M    0     0  3169k      0  0:19:45  0:18:05  0:01:40  410k
 91 3669M   91 3368M    0     0  3174k      0  0:19:43  0:18:06  0:01:37 2241k
 91 3669M   91 3368M    0     0  3172k      0  0:19:44  0:18:07  0:01:37 2212k
 91 3669M   91 3368M    0     0  3169k      0  0:19:45  0:18:08  0:01:37 2135k
 91 3669M   91 3369M    0     0  3166k      0  0:19:46  0:18:09  0:01:37 2257k
 91 3669M   91 3369M    0     0  3163k      0  0:19:47  0:18:10  0:01:37 2006k
 91 3669M   91 3369M    0     0  3161k      0  0:19:48  0:18:11  0:01:37  186k
 91 3669M   91 3370M    0     0  3159k      0  0:19:49  0:18:12  0:01:37  454k
 92 3669M   92 3383M    0     0  3168k      0  0:19:46  0:18:13  0:01:33 2906k
 92 3669M   92 3384M    0     0  3166k      0  0:19:46  0:18:14  0:01:32 2987k
 92 3669M   92 3384M    0     0  3163k      0  0:19:47  0:18:15  0:01:32 2984k
 92 3669M   92 3384M    0     0  3160k      0  0:19:49  0:18:16  0:01:33 2971k
 92 3669M   92 3396M    0     0  3168k      0  0:19:45  0:18:17  0:01:28 5219k
 92 3669M   92 3407M    0     0  3176k      0  0:19:43  0:18:18  0:01:25 5014k
 92 3669M   92 3407M    0     0  3173k      0  0:19:43  0:18:19  0:01:24 4893k
 92 3669M   92 3407M    0     0  3171k      0  0:19:45  0:18:20  0:01:25 4917k
 93 3669M   93 3422M    0     0  3181k      0  0:19:41  0:18:21  0:01:20 7881k
 93 3669M   93 3422M    0     0  3178k      0  0:19:42  0:18:22  0:01:20 5361k
 93 3669M   93 3425M    0     0  3178k      0  0:19:42  0:18:23  0:01:19 3677k
 93 3669M   93 3439M    0     0  3188k      0  0:19:38  0:18:24  0:01:14 6414k
 93 3669M   93 3439M    0     0  3185k      0  0:19:39  0:18:25  0:01:14 6424k
 93 3669M   93 3439M    0     0  3182k      0  0:19:40  0:18:26  0:01:14 3455k
 93 3669M   93 3445M    0     0  3185k      0  0:19:39  0:18:27  0:01:12 4686k
 94 3669M   94 3450M    0     0  3187k      0  0:19:39  0:18:28  0:01:11 5028k
 94 3669M   94 3464M    0     0  3197k      0  0:19:35  0:18:29  0:01:06 5231k
 94 3669M   94 3478M    0     0  3207k      0  0:19:31  0:18:30  0:01:01 7927k
 94 3669M   94 3478M    0     0  3204k      0  0:19:32  0:18:31  0:01:01 7886k
 94 3669M   94 3478M    0     0  3201k      0  0:19:33  0:18:32  0:01:01 6654k
 94 3669M   94 3478M    0     0  3198k      0  0:19:34  0:18:33  0:01:01 5726k
 94 3669M   94 3478M    0     0  3195k      0  0:19:35  0:18:34  0:01:01 2718k
 94 3669M   94 3478M    0     0  3192k      0  0:19:36  0:18:35  0:01:01 37353
 94 3669M   94 3478M    0     0  3190k      0  0:19:37  0:18:36  0:01:01 40137
 94 3669M   94 3478M    0     0  3187k      0  0:19:38  0:18:37  0:01:01 77619
 94 3669M   94 3484M    0     0  3190k      0  0:19:37  0:18:38  0:00:59 1338k
 94 3669M   94 3485M    0     0  3188k      0  0:19:38  0:18:39  0:00:59 1529k
 94 3669M   94 3485M    0     0  3185k      0  0:19:39  0:18:40  0:00:59 1524k
 94 3669M   94 3485M    0     0  3182k      0  0:19:40  0:18:41  0:00:59 1532k
 94 3669M   94 3485M    0     0  3179k      0  0:19:41  0:18:42  0:00:59 1492k
 95 3669M   95 3490M    0     0  3181k      0  0:19:41  0:18:43  0:00:58 1286k
 95 3669M   95 3495M    0     0  3182k      0  0:19:40  0:18:44  0:00:56 1993k
 95 3669M   95 3507M    0     0  3191k      0  0:19:37  0:18:45  0:00:52 4478k
 95 3669M   95 3507M    0     0  3188k      0  0:19:38  0:18:46  0:00:52 4482k
 95 3669M   95 3507M    0     0  3185k      0  0:19:39  0:18:47  0:00:52 4475k
 95 3669M   95 3512M    0     0  3186k      0  0:19:39  0:18:48  0:00:51 4360k
 96 3669M   96 3523M    0     0  3194k      0  0:19:36  0:18:49  0:00:47 5762k
 96 3669M   96 3523M    0     0  3191k      0  0:19:37  0:18:50  0:00:47 3310k
 96 3669M   96 3523M    0     0  3188k      0  0:19:38  0:18:51  0:00:47 3281k
 96 3669M   96 3527M    0     0  3189k      0  0:19:38  0:18:52  0:00:46 4140k
 96 3669M   96 3527M    0     0  3187k      0  0:19:39  0:18:53  0:00:46 3225k
 96 3669M   96 3528M    0     0  3184k      0  0:19:39  0:18:54  0:00:45 1024k
 96 3669M   96 3528M    0     0  3182k      0  0:19:40  0:18:55  0:00:45 1031k
 96 3669M   96 3528M    0     0  3179k      0  0:19:41  0:18:56  0:00:45 1028k
 96 3669M   96 3530M    0     0  3177k      0  0:19:42  0:18:57  0:00:45  445k
 96 3669M   96 3544M    0     0  3187k      0  0:19:38  0:18:58  0:00:40 3352k
 96 3669M   96 3544M    0     0  3185k      0  0:19:39  0:18:59  0:00:40 3226k
 96 3669M   96 3544M    0     0  3182k      0  0:19:40  0:19:00  0:00:40 3277k
 96 3669M   96 3554M    0     0  3188k      0  0:19:38  0:19:01  0:00:37 5264k
 97 3669M   97 3562M    0     0  3192k      0  0:19:37  0:19:02  0:00:35 6533k
 97 3669M   97 3562M    0     0  3189k      0  0:19:38  0:19:03  0:00:35 3647k
 97 3669M   97 3563M    0     0  3187k      0  0:19:38  0:19:04  0:00:34 3844k
 97 3669M   97 3563M    0     0  3185k      0  0:19:39  0:19:05  0:00:34 3774k
 97 3669M   97 3565M    0     0  3184k      0  0:19:40  0:19:06  0:00:34 2208k
 97 3669M   97 3565M    0     0  3181k      0  0:19:41  0:19:07  0:00:34  617k
 97 3669M   97 3565M    0     0  3178k      0  0:19:42  0:19:08  0:00:34  671k
 97 3669M   97 3580M    0     0  3189k      0  0:19:38  0:19:09  0:00:29 3543k
 97 3669M   97 3586M    0     0  3192k      0  0:19:37  0:19:10  0:00:27 4820k
 97 3669M   97 3586M    0     0  3189k      0  0:19:38  0:19:11  0:00:27 4447k
 98 3669M   98 3601M    0     0  3199k      0  0:19:34  0:19:12  0:00:22 7471k
 98 3669M   98 3603M    0     0  3198k      0  0:19:34  0:19:13  0:00:21 7795k
 98 3669M   98 3603M    0     0  3196k      0  0:19:35  0:19:14  0:00:21 4722k
 98 3669M   98 3603M    0     0  3193k      0  0:19:36  0:19:15  0:00:21 3457k
 98 3669M   98 3603M    0     0  3190k      0  0:19:37  0:19:16  0:00:21 3453k
 98 3669M   98 3603M    0     0  3187k      0  0:19:38  0:19:17  0:00:21  468k
 98 3669M   98 3607M    0     0  3188k      0  0:19:38  0:19:18  0:00:20  732k
 98 3669M   98 3607M    0     0  3185k      0  0:19:39  0:19:19  0:00:20  732k
 98 3669M   98 3607M    0     0  3182k      0  0:19:40  0:19:20  0:00:20  758k
 98 3669M   98 3607M    0     0  3180k      0  0:19:41  0:19:21  0:00:20  885k
 98 3669M   98 3607M    0     0  3178k      0  0:19:42  0:19:22  0:00:20  892k
 98 3669M   98 3608M    0     0  3175k      0  0:19:43  0:19:23  0:00:20  199k
 98 3669M   98 3608M    0     0  3172k      0  0:19:44  0:19:24  0:00:20  199k
 98 3669M   98 3608M    0     0  3169k      0  0:19:45  0:19:25  0:00:20  170k
 98 3669M   98 3614M    0     0  3173k      0  0:19:44  0:19:26  0:00:18 1368k
 98 3669M   98 3615M    0     0  3171k      0  0:19:45  0:19:27  0:00:18 1516k
 98 3669M   98 3615M    0     0  3168k      0  0:19:46  0:19:28  0:00:18 1516k
 98 3669M   98 3615M    0     0  3165k      0  0:19:47  0:19:29  0:00:18 1512k
 98 3669M   98 3615M    0     0  3162k      0  0:19:48  0:19:30  0:00:18 1523k
 98 3669M   98 3625M    0     0  3168k      0  0:19:45  0:19:31  0:00:14 2143k
 98 3669M   98 3632M    0     0  3172k      0  0:19:44  0:19:32  0:00:12 3507k
 98 3669M   98 3632M    0     0  3169k      0  0:19:45  0:19:33  0:00:12 3523k
 98 3669M   98 3632M    0     0  3167k      0  0:19:46  0:19:34  0:00:12 3521k
 98 3669M   98 3632M    0     0  3164k      0  0:19:47  0:19:35  0:00:12 3518k
 98 3669M   98 3632M    0     0  3161k      0  0:19:48  0:19:36  0:00:12 1563k
 98 3669M   98 3632M    0     0  3159k      0  0:19:49  0:19:37  0:00:12 39765
 98 3669M   98 3632M    0     0  3156k      0  0:19:50  0:19:38  0:00:12 39688
 99 3669M   99 3633M    0     0  3154k      0  0:19:51  0:19:39  0:00:12  115k
 99 3669M   99 3633M    0     0  3151k      0  0:19:52  0:19:40  0:00:12  112k
 99 3669M   99 3648M    0     0  3162k      0  0:19:48  0:19:41  0:00:07 3216k
 99 3669M   99 3652M    0     0  3162k      0  0:19:48  0:19:42  0:00:06 3987k
 99 3669M   99 3667M    0     0  3173k      0  0:19:44  0:19:43  0:00:01 7130k
 99 3669M   99 3667M    0     0  3170k      0  0:19:45  0:19:44  0:00:01 7028k
 99 3669M   99 3667M    0     0  3168k      0  0:19:46  0:19:45  0:00:01 7096k
 99 3669M   99 3667M    0     0  3165k      0  0:19:47  0:19:46  0:00:01 3955k
 99 3669M   99 3669M    0     0  3164k      0  0:19:47  0:19:47 --:--:-- 3507k
100 3669M  100 3669M    0     0  3164k      0  0:19:47  0:19:47 --:--:--  536k
[hnswlib-sra] /home/runner/boostkit-perf/hnswlib/0.8.0/aarch64/38105761079-1/sra-test/hnswlib_test hnswlib deep-image-96-angular --no-pin
Loaded configuration:
  batch_size = 100
  batch_mode = false
  top_k = 10
  index_path = indexes/hnswlib/deep.hnswlib
  num_threads = 32
  nloop = 3
  metric = IP
  efc = 450
  save_or_load = save
  efs = 170
  k_f = 35
base vector size: 9990000
query vector size: 10000
Index build+prepare time: 627.411 s
Loop 1/3:
  wall_time = 17.9408 s (broadcast->join)
  thread_time: min=15.896 s, avg=16.8439 s, max=17.9405 s
  total_queries = nq(10000) * threads(32) = 320000
  QPS_total(wall) = 17836.5
  QPS_avg_thread  = 593.686
Loop 2/3:
  wall_time = 17.7453 s (broadcast->join)
  thread_time: min=15.4912 s, avg=16.1691 s, max=17.745 s
  total_queries = nq(10000) * threads(32) = 320000
  QPS_total(wall) = 18032.9
  QPS_avg_thread  = 618.465
Loop 3/3:
  wall_time = 17.438 s (broadcast->join)
  thread_time: min=15.4006 s, avg=16.4362 s, max=17.4377 s
  total_queries = nq(10000) * threads(32) = 320000
  QPS_total(wall) = 18350.7
  QPS_avg_thread  = 608.411
==================================================
Final Summary (same nq per thread):
  build+prepare_time = 627.411 s
  recall = 0.9919
  pin_threads = OFF
  loops = 3
  avg_loop_wall_time = 17.708 s
  avg_thread_time(min/avg/max) = 15.5959 / 16.4831 / 17.7077 s
  mid50_sorted_wall_mean = 17.5917 s
  total_queries_per_loop = 320000
  final_QPS(mid50 wall mean) = 18190.4
  QPS_from_avg_thread_time * threads = 19413.9
[hnswlib-sra] downloading https://ann-benchmarks.com/fashion-mnist-784-euclidean.hdf5
  % Total    % Received % Xferd  Average Speed   Time    Time     Time  Current
                                 Dload  Upload   Total   Spent    Left  Speed

  0     0    0     0    0     0      0      0 --:--:-- --:--:-- --:--:--     0
  0     0    0     0    0     0      0      0 --:--:-- --:--:-- --:--:--     0
  0  216M    0  120k    0     0   115k      0  0:31:56  0:00:01  0:31:55  115k
  0  216M    0  192k    0     0  96579      0  0:39:15  0:00:02  0:39:13 96565
  7  216M    7 15.2M    0     0  5124k      0  0:00:43  0:00:03  0:00:40 5123k
  7  216M    7 15.2M    0     0  3867k      0  0:00:57  0:00:04  0:00:53 3866k
  7  216M    7 15.2M    0     0  3106k      0  0:01:11  0:00:05  0:01:06 3289k
  7  216M    7 15.5M    0     0  2646k      0  0:01:23  0:00:06  0:01:17 3172k
  7  216M    7 15.6M    0     0  2275k      0  0:01:37  0:00:07  0:01:30 3165k
 14  216M   14 31.0M    0     0  3962k      0  0:00:56  0:00:08  0:00:48 3254k
 19  216M   19 41.9M    0     0  4766k      0  0:00:46  0:00:09  0:00:37 5496k
 19  216M   19 42.1M    0     0  4304k      0  0:00:51  0:00:10  0:00:41 5515k
 26  216M   26 57.5M    0     0  5340k      0  0:00:41  0:00:11  0:00:30 8580k
 29  216M   29 64.2M    0     0  5475k      0  0:00:40  0:00:12  0:00:28 9980k
 29  216M   29 64.2M    0     0  5058k      0  0:00:43  0:00:13  0:00:30 6821k
 29  216M   29 64.3M    0     0  4700k      0  0:00:47  0:00:14  0:00:33 4578k
 29  216M   29 64.7M    0     0  4412k      0  0:00:50  0:00:15  0:00:35 4628k
 36  216M   36 78.1M    0     0  4994k      0  0:00:44  0:00:16  0:00:28 4231k
 36  216M   36 78.5M    0     0  4718k      0  0:00:47  0:00:17  0:00:30 2911k
 36  216M   36 78.5M    0     0  4466k      0  0:00:49  0:00:18  0:00:31 2927k
 36  216M   36 79.2M    0     0  4267k      0  0:00:52  0:00:19  0:00:33 3055k
 36  216M   36 79.2M    0     0  4056k      0  0:00:54  0:00:20  0:00:34 2982k
 43  216M   43 94.4M    0     0  4598k      0  0:00:48  0:00:21  0:00:27 3327k
 43  216M   43 94.4M    0     0  4391k      0  0:00:50  0:00:22  0:00:28 3273k
 43  216M   43 94.5M    0     0  4202k      0  0:00:52  0:00:23  0:00:29 3253k
 43  216M   43 94.5M    0     0  4029k      0  0:00:55  0:00:24  0:00:31 3127k
 43  216M   43 94.6M    0     0  3869k      0  0:00:57  0:00:25  0:00:32 3126k
 43  216M   43 94.6M    0     0  3724k      0  0:00:59  0:00:26  0:00:33 46863
 45  216M   45 99.0M    0     0  3750k      0  0:00:59  0:00:27  0:00:32  937k
 45  216M   45 99.1M    0     0  3621k      0  0:01:01  0:00:28  0:00:33  941k
 45  216M   45 99.6M    0     0  3514k      0  0:01:03  0:00:29  0:00:34 1036k
 45  216M   45 99.6M    0     0  3398k      0  0:01:05  0:00:30  0:00:35 1038k
 45  216M   45 99.7M    0     0  3289k      0  0:01:07  0:00:31  0:00:36 1033k
 46  216M   46 99.9M    0     0  3197k      0  0:01:09  0:00:32  0:00:37  187k
 46  216M   46  100M    0     0  3102k      0  0:01:11  0:00:33  0:00:38  186k
 49  216M   49  108M    0     0  3252k      0  0:01:08  0:00:34  0:00:34 1728k
 54  216M   54  117M    0     0  3427k      0  0:01:04  0:00:35  0:00:29 3600k
 54  216M   54  117M    0     0  3341k      0  0:01:06  0:00:36  0:00:30 3658k
 59  216M   59  129M    0     0  3587k      0  0:01:01  0:00:37  0:00:24 6077k
 59  216M   59  129M    0     0  3494k      0  0:01:03  0:00:38  0:00:25 6078k
 60  216M   60  131M    0     0  3456k      0  0:01:04  0:00:39  0:00:25 4837k
 60  216M   60  131M    0     0  3370k      0  0:01:05  0:00:40  0:00:25 2976k
 61  216M   61  132M    0     0  3309k      0  0:01:07  0:00:41  0:00:26 3080k
 61  216M   61  132M    0     0  3231k      0  0:01:08  0:00:42  0:00:26  593k
 61  216M   61  132M    0     0  3158k      0  0:01:10  0:00:43  0:00:27  592k
 61  216M   61  132M    0     0  3087k      0  0:01:11  0:00:44  0:00:27  208k
 61  216M   61  132M    0     0  3016k      0  0:01:13  0:00:45  0:00:28  202k
 61  216M   61  132M    0     0  2952k      0  0:01:15  0:00:46  0:00:29 39130
 64  216M   64  139M    0     0  3029k      0  0:01:13  0:00:47  0:00:26 1333k
 64  216M   64  140M    0     0  2987k      0  0:01:14  0:00:48  0:00:26 1517k
 64  216M   64  140M    0     0  2926k      0  0:01:15  0:00:49  0:00:26 1515k
 64  216M   64  140M    0     0  2869k      0  0:01:17  0:00:50  0:00:27 1531k
 64  216M   64  140M    0     0  2813k      0  0:01:18  0:00:51  0:00:27 1529k
 65  216M   65  141M    0     0  2783k      0  0:01:19  0:00:52  0:00:27  471k
 70  216M   70  153M    0     0  2959k      0  0:01:15  0:00:53  0:00:22 2696k
 70  216M   70  153M    0     0  2905k      0  0:01:16  0:00:54  0:00:22 2693k
 70  216M   70  153M    0     0  2853k      0  0:01:17  0:00:55  0:00:22 2690k
 70  216M   70  153M    0     0  2802k      0  0:01:19  0:00:56  0:00:23 2689k
 71  216M   71  154M    0     0  2779k      0  0:01:19  0:00:57  0:00:22 2733k
 73  216M   73  160M    0     0  2826k      0  0:01:18  0:00:58  0:00:20 1413k
 73  216M   73  160M    0     0  2778k      0  0:01:19  0:00:59  0:00:20 1409k
 73  216M   73  160M    0     0  2732k      0  0:01:21  0:01:00  0:00:21 1411k
 73  216M   73  160M    0     0  2689k      0  0:01:22  0:01:01  0:00:21 1419k
 73  216M   73  160M    0     0  2646k      0  0:01:23  0:01:02  0:00:21 1129k
 80  216M   80  175M    0     0  2848k      0  0:01:17  0:01:03  0:00:14 3109k
 80  216M   80  175M    0     0  2803k      0  0:01:19  0:01:04  0:00:15 3104k
 80  216M   80  175M    0     0  2762k      0  0:01:20  0:01:05  0:00:15 3120k
 82  216M   82  179M    0     0  2791k      0  0:01:19  0:01:06  0:00:13 4034k
 82  216M   82  180M    0     0  2749k      0  0:01:20  0:01:07  0:00:13 4027k
 83  216M   83  180M    0     0  2715k      0  0:01:21  0:01:08  0:00:13 1036k
 83  216M   83  180M    0     0  2676k      0  0:01:23  0:01:09  0:00:14 1041k
 83  216M   83  180M    0     0  2646k      0  0:01:23  0:01:10  0:00:13 1146k
 83  216M   83  181M    0     0  2610k      0  0:01:25  0:01:11  0:00:14  215k
 86  216M   86  186M    0     0  2656k      0  0:01:23  0:01:12  0:00:11 1397k
 90  216M   90  196M    0     0  2754k      0  0:01:20  0:01:13  0:00:07 3282k
 94  216M   94  205M    0     0  2844k      0  0:01:18  0:01:14  0:00:04 5155k
 96  216M   96  209M    0     0  2859k      0  0:01:17  0:01:15  0:00:02 5833k
 96  216M   96  209M    0     0  2822k      0  0:01:18  0:01:16  0:00:02 5840k
100  216M  100  216M    0     0  2907k      0  0:01:16  0:01:16 --:--:-- 6995k
[hnswlib-sra] /home/runner/boostkit-perf/hnswlib/0.8.0/aarch64/38105761079-1/sra-test/hnswlib_test hnswlib fashion-mnist-784-euclidean --no-pin
Loaded configuration:
  batch_size = 100
  batch_mode = false
  top_k = 10
  index_path = indexes/hnswlib/fashion.hnswlib
  num_threads = 32
  nloop = 3
  metric = L2
  efc = 200
  save_or_load = save
  efs = 30
  k_f = 16
base vector size: 60000
query vector size: 10000
Index build+prepare time: 0.560183 s
Loop 1/3:
  wall_time = 2.33848 s (broadcast->join)
  thread_time: min=1.83548 s, avg=2.0715 s, max=2.33804 s
  total_queries = nq(10000) * threads(32) = 320000
  QPS_total(wall) = 136841
  QPS_avg_thread  = 4827.42
Loop 2/3:
  wall_time = 2.41992 s (broadcast->join)
  thread_time: min=1.81892 s, avg=2.04979 s, max=2.41959 s
  total_queries = nq(10000) * threads(32) = 320000
  QPS_total(wall) = 132236
  QPS_avg_thread  = 4878.54
Loop 3/3:
  wall_time = 2.12864 s (broadcast->join)
  thread_time: min=1.85614 s, avg=1.98864 s, max=2.12749 s
  total_queries = nq(10000) * threads(32) = 320000
  QPS_total(wall) = 150330
  QPS_avg_thread  = 5028.55
==================================================
Final Summary (same nq per thread):
  build+prepare_time = 0.560183 s
  recall = 0.99089
  pin_threads = OFF
  loops = 3
  avg_loop_wall_time = 2.29568 s
  avg_thread_time(min/avg/max) = 1.83685 / 2.03665 / 2.29504 s
  mid50_sorted_wall_mean = 2.23356 s
  total_queries_per_loop = 320000
  final_QPS(mid50 wall mean) = 143269
  QPS_from_avg_thread_time * threads = 157121
[hnswlib-sra] downloading https://ann-benchmarks.com/gist-960-euclidean.hdf5
  % Total    % Received % Xferd  Average Speed   Time    Time     Time  Current
                                 Dload  Upload   Total   Spent    Left  Speed

  0     0    0     0    0     0      0      0 --:--:-- --:--:-- --:--:--     0
  0 3666M    0 5366k    0     0  6275k      0  0:09:58 --:--:--  0:09:58 6269k
  0 3666M    0 8458k    0     0  4546k      0  0:13:45  0:00:01  0:13:44 4545k
  0 3666M    0 9523k    0     0  3317k      0  0:18:51  0:00:02  0:18:49 3317k
  0 3666M    0 24.0M    0     0  6335k      0  0:09:52  0:00:03  0:09:49 6333k
  0 3666M    0 25.0M    0     0  5269k      0  0:11:52  0:00:04  0:11:48 5268k
  0 3666M    0 25.0M    0     0  4372k      0  0:14:18  0:00:05  0:14:13 4048k
  0 3666M    0 25.1M    0     0  3736k      0  0:16:44  0:00:06  0:16:38 3437k
  0 3666M    0 30.4M    0     0  3964k      0  0:15:47  0:00:07  0:15:40 4336k
  1 3666M    1 41.5M    0     0  4804k      0  0:13:01  0:00:08  0:12:53 3610k
  1 3666M    1 52.4M    0     0  5452k      0  0:11:28  0:00:09  0:11:19 5629k
  1 3666M    1 56.5M    0     0  5324k      0  0:11:45  0:00:10  0:11:35 6440k
  1 3666M    1 57.6M    0     0  4978k      0  0:12:34  0:00:11  0:12:23 6693k
  1 3666M    1 66.0M    0     0  5259k      0  0:11:53  0:00:12  0:11:41 7294k
  1 3666M    1 72.8M    0     0  5369k      0  0:11:39  0:00:13  0:11:26 6364k
  2 3666M    2 80.9M    0     0  5583k      0  0:11:12  0:00:14  0:10:58 5841k
  2 3666M    2 88.5M    0     0  5718k      0  0:10:56  0:00:15  0:10:41 6578k
  2 3666M    2 88.6M    0     0  5380k      0  0:11:37  0:00:16  0:11:21 6333k
  2 3666M    2 88.6M    0     0  5080k      0  0:12:19  0:00:17  0:12:02 4621k
  2 3666M    2 88.7M    0     0  4813k      0  0:13:00  0:00:18  0:12:42 3263k
  2 3666M    2 92.1M    0     0  4750k      0  0:13:10  0:00:19  0:12:51 2276k
  2 3666M    2  104M    0     0  5130k      0  0:12:11  0:00:20  0:11:51 3271k
  2 3666M    2  105M    0     0  4936k      0  0:12:40  0:00:21  0:12:19 3439k
  2 3666M    2  105M    0     0  4721k      0  0:13:15  0:00:22  0:12:53 3436k
  2 3666M    2  105M    0     0  4525k      0  0:13:49  0:00:23  0:13:26 3437k
  2 3666M    2  105M    0     0  4343k      0  0:14:24  0:00:24  0:14:00 2735k
  2 3666M    2  105M    0     0  4177k      0  0:14:58  0:00:25  0:14:33  195k
  3 3666M    3  117M    0     0  4470k      0  0:13:59  0:00:26  0:13:33 2428k
  3 3666M    3  126M    0     0  4655k      0  0:13:26  0:00:27  0:12:59 4353k
  3 3666M    3  126M    0     0  4495k      0  0:13:55  0:00:28  0:13:27 4353k
  3 3666M    3  127M    0     0  4355k      0  0:14:22  0:00:29  0:13:53 4412k
  3 3666M    3  128M    0     0  4264k      0  0:14:40  0:00:30  0:14:10 4720k
  3 3666M    3  134M    0     0  4333k      0  0:14:26  0:00:31  0:13:55 3599k
  3 3666M    3  134M    0     0  4201k      0  0:14:53  0:00:32  0:14:21 1674k
  3 3666M    3  134M    0     0  4078k      0  0:15:20  0:00:33  0:14:47 1672k
  3 3666M    3  135M    0     0  3973k      0  0:15:44  0:00:34  0:15:10 1700k
  3 3666M    3  142M    0     0  4057k      0  0:15:25  0:00:35  0:14:50 2780k
  4 3666M    4  150M    0     0  4185k      0  0:14:56  0:00:36  0:14:20 3247k
  4 3666M    4  150M    0     0  4077k      0  0:15:20  0:00:37  0:14:43 3254k
  4 3666M    4  150M    0     0  3972k      0  0:15:45  0:00:38  0:15:07 3253k
  4 3666M    4  150M    0     0  3874k      0  0:16:09  0:00:39  0:15:30 3182k
  4 3666M    4  158M    0     0  3970k      0  0:15:45  0:00:40  0:15:05 3343k
  4 3666M    4  168M    0     0  4109k      0  0:15:13  0:00:41  0:14:32 3546k
  4 3666M    4  168M    0     0  4016k      0  0:15:34  0:00:42  0:14:52 3559k
  4 3666M    4  168M    0     0  3930k      0  0:15:55  0:00:43  0:15:12 3603k
  4 3666M    4  170M    0     0  3883k      0  0:16:06  0:00:44  0:15:22 3962k
  4 3666M    4  170M    0     0  3800k      0  0:16:27  0:00:45  0:15:42 2410k
  4 3666M    4  170M    0     0  3725k      0  0:16:47  0:00:46  0:16:01  513k
  4 3666M    4  170M    0     0  3647k      0  0:17:09  0:00:47  0:16:22  482k
  4 3666M    4  176M    0     0  3706k      0  0:16:52  0:00:48  0:16:04 1729k
  4 3666M    4  180M    0     0  3714k      0  0:16:50  0:00:49  0:16:01 2199k
  4 3666M    4  181M    0     0  3656k      0  0:17:06  0:00:50  0:16:16 2343k
  4 3666M    4  181M    0     0  3586k      0  0:17:26  0:00:51  0:16:35 2285k
  4 3666M    4  181M    0     0  3518k      0  0:17:46  0:00:52  0:16:54 2285k
  4 3666M    4  181M    0     0  3454k      0  0:18:06  0:00:53  0:17:13 1000k
  5 3666M    5  183M    0     0  3423k      0  0:18:16  0:00:54  0:17:22  524k
  5 3666M    5  183M    0     0  3363k      0  0:18:36  0:00:55  0:17:41  382k
  5 3666M    5  183M    0     0  3304k      0  0:18:56  0:00:56  0:18:00  383k
  5 3666M    5  184M    0     0  3258k      0  0:19:12  0:00:57  0:18:15  490k
  5 3666M    5  184M    0     0  3204k      0  0:19:31  0:00:58  0:18:33  492k
  5 3666M    5  185M    0     0  3168k      0  0:19:44  0:00:59  0:18:45  377k
  5 3666M    5  185M    0     0  3126k      0  0:20:00  0:01:00  0:19:00  475k
  5 3666M    5  185M    0     0  3076k      0  0:20:20  0:01:01  0:19:19  474k
  5 3666M    5  185M    0     0  3028k      0  0:20:39  0:01:02  0:19:37  372k
  5 3666M    5  201M    0     0  3229k      0  0:19:22  0:01:03  0:18:19 3523k
  5 3666M    5  201M    0     0  3179k      0  0:19:40  0:01:04  0:18:36 3315k
  5 3666M    5  202M    0     0  3152k      0  0:19:51  0:01:05  0:18:46 3465k
  5 3666M    5  203M    0     0  3118k      0  0:20:04  0:01:06  0:18:58 3626k
  5 3666M    5  203M    0     0  3072k      0  0:20:22  0:01:07  0:19:15 3619k
  5 3666M    5  218M    0     0  3248k      0  0:19:15  0:01:08  0:18:07 3500k
  6 3666M    6  220M    0     0  3226k      0  0:19:23  0:01:09  0:18:14 3827k
  6 3666M    6  235M    0     0  3408k      0  0:18:21  0:01:10  0:17:11 6769k
  6 3666M    6  235M    0     0  3362k      0  0:18:36  0:01:11  0:17:25 6627k
  6 3666M    6  236M    0     0  3317k      0  0:18:51  0:01:12  0:17:39 6654k
  6 3666M    6  236M    0     0  3272k      0  0:19:07  0:01:13  0:17:54 3603k
  6 3666M    6  236M    0     0  3229k      0  0:19:22  0:01:14  0:18:08 3274k
  6 3666M    6  236M    0     0  3190k      0  0:19:36  0:01:15  0:18:21 98098
  6 3666M    6  236M    0     0  3149k      0  0:19:52  0:01:16  0:18:36 96626
  6 3666M    6  240M    0     0  3166k      0  0:19:45  0:01:17  0:18:28  978k
  6 3666M    6  241M    0     0  3130k      0  0:19:59  0:01:18  0:18:41 1037k
  6 3666M    6  241M    0     0  3095k      0  0:20:12  0:01:19  0:18:53 1096k
  6 3666M    6  245M    0     0  3111k      0  0:20:06  0:01:20  0:18:46 1909k
  6 3666M    6  245M    0     0  3073k      0  0:20:21  0:01:21  0:19:00 1910k
  6 3666M    6  245M    0     0  3037k      0  0:20:36  0:01:22  0:19:14 1023k
  6 3666M    6  245M    0     0  3002k      0  0:20:50  0:01:23  0:19:27  969k
  6 3666M    6  245M    0     0  2966k      0  0:21:05  0:01:24  0:19:41  906k
  6 3666M    6  246M    0     0  2939k      0  0:21:17  0:01:25  0:19:52  159k
  6 3666M    6  246M    0     0  2904k      0  0:21:32  0:01:26  0:20:06  158k
  6 3666M    6  246M    0     0  2873k      0  0:21:46  0:01:27  0:20:19  157k
  7 3666M    7  261M    0     0  3008k      0  0:20:48  0:01:28  0:19:20 3106k
  7 3666M    7  262M    0     0  2985k      0  0:20:57  0:01:29  0:19:28 3308k
  7 3666M    7  262M    0     0  2953k      0  0:21:11  0:01:30  0:19:41 3191k
  7 3666M    7  262M    0     0  2921k      0  0:21:24  0:01:31  0:19:53 3227k
  7 3666M    7  275M    0     0  3038k      0  0:20:35  0:01:32  0:19:03 5942k
  7 3666M    7  275M    0     0  3008k      0  0:20:48  0:01:33  0:19:15 3008k
  7 3666M    7  275M    0     0  2978k      0  0:21:00  0:01:34  0:19:26 2854k
  7 3666M    7  287M    0     0  3073k      0  0:20:21  0:01:35  0:18:46 5277k
  8 3666M    8  294M    0     0  3111k      0  0:20:06  0:01:36  0:18:30 6597k
  8 3666M    8  295M    0     0  3088k      0  0:20:15  0:01:37  0:18:38 4022k
  8 3666M    8  310M    0     0  3213k      0  0:19:28  0:01:38  0:17:50 7047k
  8 3666M    8  311M    0     0  3196k      0  0:19:34  0:01:39  0:17:55 7330k
  8 3666M    8  325M    0     0  3302k      0  0:18:56  0:01:40  0:17:16 7666k
  8 3666M    8  325M    0     0  3270k      0  0:19:08  0:01:41  0:17:27 6343k
  8 3666M    8  325M    0     0  3238k      0  0:19:19  0:01:42  0:17:37 6164k
  8 3666M    8  325M    0     0  3207k      0  0:19:30  0:01:43  0:17:47 3088k
  8 3666M    8  325M    0     0  3177k      0  0:19:41  0:01:44  0:17:57 2815k
  9 3666M    9  336M    0     0  3252k      0  0:19:14  0:01:45  0:17:29 2233k
  9 3666M    9  337M    0     0  3231k      0  0:19:21  0:01:46  0:17:35 2430k
  9 3666M    9  337M    0     0  3201k      0  0:19:32  0:01:47  0:17:45 2424k
  9 3666M    9  337M    0     0  3172k      0  0:19:43  0:01:48  0:17:55 2425k
  9 3666M    9  342M    0     0  3195k      0  0:19:35  0:01:49  0:17:46 3556k
  9 3666M    9  351M    0     0  3249k      0  0:19:15  0:01:50  0:17:25 3189k
  9 3666M    9  352M    0     0  3222k      0  0:19:25  0:01:51  0:17:34 3028k
  9 3666M    9  352M    0     0  3201k      0  0:19:32  0:01:52  0:17:40 3213k
 10 3666M   10  367M    0     0  3301k      0  0:18:57  0:01:53  0:17:04 6127k
 10 3666M   10  368M    0     0  3282k      0  0:19:03  0:01:54  0:17:09 5202k
 10 3666M   10  368M    0     0  3254k      0  0:19:13  0:01:55  0:17:18 3367k
 10 3666M   10  368M    0     0  3226k      0  0:19:23  0:01:56  0:17:27 3329k
 10 3666M   10  386M    0     0  3355k      0  0:18:38  0:01:57  0:16:41 6811k
 10 3666M   10  386M    0     0  3329k      0  0:18:47  0:01:58  0:16:49 3965k
 10 3666M   10  394M    0     0  3373k      0  0:18:32  0:01:59  0:16:33 5474k
 10 3666M   10  401M    0     0  3402k      0  0:18:23  0:02:00  0:16:23 6838k
 10 3666M   10  401M    0     0  3377k      0  0:18:31  0:02:01  0:16:30 6899k
 10 3666M   10  402M    0     0  3357k      0  0:18:38  0:02:02  0:16:36 3397k
 11 3666M   11  404M    0     0  3346k      0  0:18:41  0:02:03  0:16:38 3753k
 11 3666M   11  404M    0     0  3321k      0  0:18:50  0:02:04  0:16:46 2055k
 11 3666M   11  404M    0     0  3294k      0  0:18:59  0:02:05  0:16:54  674k
 11 3666M   11  405M    0     0  3270k      0  0:19:07  0:02:06  0:17:01  685k
 11 3666M   11  405M    0     0  3248k      0  0:19:15  0:02:07  0:17:08  577k
 11 3666M   11  410M    0     0  3258k      0  0:19:12  0:02:08  0:17:04 1066k
 11 3666M   11  423M    0     0  3339k      0  0:18:44  0:02:09  0:16:35 3805k
 11 3666M   11  424M    0     0  3319k      0  0:18:50  0:02:10  0:16:40 3959k
 11 3666M   11  424M    0     0  3294k      0  0:18:59  0:02:11  0:16:48 3910k
 11 3666M   11  424M    0     0  3270k      0  0:19:08  0:02:12  0:16:56 3837k
 11 3666M   11  424M    0     0  3246k      0  0:19:16  0:02:13  0:17:03 2924k
 12 3666M   12  440M    0     0  3341k      0  0:18:43  0:02:14  0:16:29 3397k
 12 3666M   12  440M    0     0  3317k      0  0:18:51  0:02:15  0:16:36 3253k
 12 3666M   12  440M    0     0  3298k      0  0:18:58  0:02:16  0:16:42 3400k
 12 3666M   12  441M    0     0  3275k      0  0:19:06  0:02:17  0:16:49 3410k
 12 3666M   12  441M    0     0  3252k      0  0:19:14  0:02:18  0:16:56 3425k
 12 3666M   12  441M    0     0  3229k      0  0:19:22  0:02:19  0:17:03  199k
 12 3666M   12  456M    0     0  3315k      0  0:18:52  0:02:20  0:16:32 3270k
 12 3666M   12  457M    0     0  3300k      0  0:18:57  0:02:21  0:16:36 3338k
 12 3666M   12  457M    0     0  3280k      0  0:19:04  0:02:22  0:16:42 3418k
 12 3666M   12  457M    0     0  3257k      0  0:19:12  0:02:23  0:16:49 3405k
 12 3666M   12  458M    0     0  3238k      0  0:19:19  0:02:24  0:16:55 3504k
 12 3666M   12  458M    0     0  3216k      0  0:19:27  0:02:25  0:17:02  430k
 12 3666M   12  459M    0     0  3201k      0  0:19:32  0:02:26  0:17:06  437k
 12 3666M   12  464M    0     0  3217k      0  0:19:26  0:02:27  0:16:59 1426k
 12 3666M   12  464M    0     0  3196k      0  0:19:34  0:02:28  0:17:06 1435k
 12 3666M   12  464M    0     0  3176k      0  0:19:41  0:02:29  0:17:12 1379k
 12 3666M   12  467M    0     0  3172k      0  0:19:43  0:02:30  0:17:13 1879k
 12 3666M   12  468M    0     0  3156k      0  0:19:49  0:02:31  0:17:18 1827k
 12 3666M   12  468M    0     0  3136k      0  0:19:57  0:02:32  0:17:25  728k
 12 3666M   12  468M    0     0  3115k      0  0:20:04  0:02:33  0:17:31  722k
 13 3666M   13  479M    0     0  3171k      0  0:19:43  0:02:34  0:17:09 3012k
 13 3666M   13  488M    0     0  3210k      0  0:19:29  0:02:35  0:16:54 4360k
 13 3666M   13  488M    0     0  3190k      0  0:19:36  0:02:36  0:17:00 4223k
 13 3666M   13  488M    0     0  3169k      0  0:19:44  0:02:37  0:17:07 4203k
 13 3666M   13  489M    0     0  3152k      0  0:19:51  0:02:38  0:17:13 4270k
 13 3666M   13  489M    0     0  3134k      0  0:19:57  0:02:39  0:17:18 1977k
 13 3666M   13  495M    0     0  3157k      0  0:19:49  0:02:40  0:17:09 1495k
 13 3666M   13  504M    0     0  3190k      0  0:19:36  0:02:41  0:16:55 3190k
 13 3666M   13  504M    0     0  3172k      0  0:19:43  0:02:42  0:17:01 3267k
 13 3666M   13  511M    0     0  3193k      0  0:19:35  0:02:43  0:16:52 4518k
 13 3666M   13  511M    0     0  3174k      0  0:19:42  0:02:44  0:16:58 4468k
 14 3666M   14  520M    0     0  3213k      0  0:19:28  0:02:45  0:16:43 5032k
 14 3666M   14  529M    0     0  3248k      0  0:19:15  0:02:46  0:16:29 5130k
 14 3666M   14  529M    0     0  3229k      0  0:19:22  0:02:47  0:16:35 5063k
 14 3666M   14  529M    0     0  3210k      0  0:19:29  0:02:48  0:16:41 3748k
 14 3666M   14  530M    0     0  3196k      0  0:19:34  0:02:49  0:16:45 3913k
 14 3666M   14  530M    0     0  3177k      0  0:19:41  0:02:50  0:16:51 1989k
 14 3666M   14  530M    0     0  3160k      0  0:19:48  0:02:51  0:16:57  206k
 14 3666M   14  530M    0     0  3142k      0  0:19:54  0:02:52  0:17:02  208k
 14 3666M   14  533M    0     0  3141k      0  0:19:55  0:02:53  0:17:02  800k
 14 3666M   14  545M    0     0  3191k      0  0:19:36  0:02:54  0:16:42 3022k
 14 3666M   14  545M    0     0  3173k      0  0:19:43  0:02:55  0:16:48 3029k
 14 3666M   14  545M    0     0  3157k      0  0:19:49  0:02:56  0:16:53 3071k
 14 3666M   14  545M    0     0  3140k      0  0:19:55  0:02:57  0:16:58 3084k
 14 3666M   14  545M    0     0  3125k      0  0:20:01  0:02:58  0:17:03 2579k
 14 3666M   14  545M    0     0  3108k      0  0:20:07  0:02:59  0:17:08  200k
 15 3666M   15  550M    0     0  3116k      0  0:20:04  0:03:00  0:17:04 1125k
 15 3666M   15  551M    0     0  3106k      0  0:20:08  0:03:01  0:17:07 1277k
 15 3666M   15  551M    0     0  3089k      0  0:20:15  0:03:02  0:17:13 1272k
 15 3666M   15  560M    0     0  3121k      0  0:20:02  0:03:03  0:16:59 2986k
 15 3666M   15  560M    0     0  3105k      0  0:20:09  0:03:04  0:17:05 2994k
 15 3666M   15  561M    0     0  3093k      0  0:20:13  0:03:05  0:17:08 2230k
 15 3666M   15  561M    0     0  3076k      0  0:20:20  0:03:06  0:17:14 2015k
 15 3666M   15  561M    0     0  3060k      0  0:20:26  0:03:07  0:17:19 2012k
 15 3666M   15  561M    0     0  3044k      0  0:20:33  0:03:08  0:17:25  214k
 15 3666M   15  561M    0     0  3028k      0  0:20:39  0:03:09  0:17:30  212k
 15 3666M   15  562M    0     0  3015k      0  0:20:45  0:03:10  0:17:35  131k
 15 3666M   15  562M    0     0  3000k      0  0:20:51  0:03:11  0:17:40  131k
 15 3666M   15  562M    0     0  2984k      0  0:20:57  0:03:12  0:17:45  133k
 15 3666M   15  562M    0     0  2973k      0  0:21:02  0:03:13  0:17:49  290k
 15 3666M   15  568M    0     0  2988k      0  0:20:56  0:03:14  0:17:42 1446k
 15 3666M   15  568M    0     0  2973k      0  0:21:02  0:03:15  0:17:47 1358k
 15 3666M   15  573M    0     0  2981k      0  0:20:59  0:03:16  0:17:43 2258k
 15 3666M   15  575M    0     0  2977k      0  0:21:00  0:03:17  0:17:43 2702k
 15 3666M   15  575M    0     0  2963k      0  0:21:06  0:03:18  0:17:48 2565k
 15 3666M   15  575M    0     0  2948k      0  0:21:13  0:03:19  0:17:54 1407k
 15 3666M   15  575M    0     0  2934k      0  0:21:19  0:03:20  0:17:59 1406k
 15 3666M   15  575M    0     0  2921k      0  0:21:25  0:03:21  0:18:04  550k
 16 3666M   16  589M    0     0  2973k      0  0:21:02  0:03:22  0:17:40 2809k
 16 3666M   16  589M    0     0  2961k      0  0:21:07  0:03:23  0:17:44 2888k
 16 3666M   16  589M    0     0  2947k      0  0:21:13  0:03:24  0:17:49 2889k
 16 3666M   16  590M    0     0  2934k      0  0:21:19  0:03:25  0:17:54 2949k
 16 3666M   16  590M    0     0  2920k      0  0:21:25  0:03:26  0:17:59 2896k
 16 3666M   16  603M    0     0  2972k      0  0:21:03  0:03:27  0:17:36 2918k
 16 3666M   16  605M    0     0  2967k      0  0:21:05  0:03:28  0:17:37 3209k
 16 3666M   16  613M    0     0  2994k      0  0:20:53  0:03:29  0:17:24 4907k
 16 3666M   16  614M    0     0  2982k      0  0:20:58  0:03:30  0:17:28 4960k
 16 3666M   16  614M    0     0  2969k      0  0:21:04  0:03:31  0:17:33 4989k
 16 3666M   16  614M    0     0  2955k      0  0:21:10  0:03:32  0:17:38 2253k
 16 3666M   16  614M    0     0  2941k      0  0:21:16  0:03:33  0:17:43 1867k
 16 3666M   16  614M    0     0  2928k      0  0:21:22  0:03:34  0:17:48  158k
 16 3666M   16  615M    0     0  2920k      0  0:21:25  0:03:35  0:17:50  287k
 16 3666M   16  616M    0     0  2909k      0  0:21:30  0:03:36  0:17:54  401k
 16 3666M   16  616M    0     0  2896k      0  0:21:36  0:03:37  0:17:59  406k
 16 3666M   16  616M    0     0  2884k      0  0:21:41  0:03:38  0:18:03  407k
 16 3666M   16  616M    0     0  2871k      0  0:21:47  0:03:39  0:18:08  407k
 16 3666M   16  616M    0     0  2859k      0  0:21:52  0:03:40  0:18:12  220k
 17 3666M   17  632M    0     0  2919k      0  0:21:25  0:03:41  0:17:44 3340k
 17 3666M   17  633M    0     0  2912k      0  0:21:29  0:03:42  0:17:47 3584k
 17 3666M   17  633M    0     0  2899k      0  0:21:34  0:03:43  0:17:51 3563k
 17 3666M   17  633M    0     0  2886k      0  0:21:40  0:03:44  0:17:56 3585k
 17 3666M   17  633M    0     0  2874k      0  0:21:46  0:03:45  0:18:01 3524k
 17 3666M   17  634M    0     0  2861k      0  0:21:52  0:03:46  0:18:06  301k
 17 3666M   17  634M    0     0  2850k      0  0:21:57  0:03:47  0:18:10 87056
 17 3666M   17  648M    0     0  2900k      0  0:21:34  0:03:48  0:17:46 2938k
 17 3666M   17  649M    0     0  2892k      0  0:21:37  0:03:49  0:17:48 3146k
 17 3666M   17  649M    0     0  2880k      0  0:21:43  0:03:50  0:17:53 3167k
 17 3666M   17  650M    0     0  2871k      0  0:21:47  0:03:51  0:17:56 3300k
 17 3666M   17  651M    0     0  2864k      0  0:21:50  0:03:52  0:17:58 3531k
 17 3666M   17  656M    0     0  2874k      0  0:21:46  0:03:53  0:17:53 1696k
 17 3666M   17  657M    0     0  2866k      0  0:21:49  0:03:54  0:17:55 1652k
 17 3666M   17  657M    0     0  2854k      0  0:21:55  0:03:55  0:18:00 1629k
 17 3666M   17  657M    0     0  2842k      0  0:22:01  0:03:56  0:18:05 1499k
 17 3666M   17  657M    0     0  2830k      0  0:22:06  0:03:57  0:18:09 1250k
 18 3666M   18  671M    0     0  2878k      0  0:21:44  0:03:58  0:17:46 3059k
 18 3666M   18  679M    0     0  2898k      0  0:21:35  0:03:59  0:17:36 4425k
 18 3666M   18  679M    0     0  2886k      0  0:21:40  0:04:00  0:17:40 4426k
 18 3666M   18  679M    0     0  2875k      0  0:21:45  0:04:01  0:17:44 4450k
 18 3666M   18  679M    0     0  2863k      0  0:21:51  0:04:02  0:17:49 4430k
 18 3666M   18  679M    0     0  2852k      0  0:21:56  0:04:03  0:17:53 1641k
 18 3666M   18  679M    0     0  2842k      0  0:22:00  0:04:04  0:17:56  145k
 18 3666M   18  691M    0     0  2880k      0  0:21:43  0:04:05  0:17:38 2590k
 18 3666M   18  691M    0     0  2869k      0  0:21:48  0:04:06  0:17:42 2576k
 18 3666M   18  691M    0     0  2857k      0  0:21:53  0:04:07  0:17:46 2571k
 18 3666M   18  691M    0     0  2846k      0  0:21:58  0:04:08  0:17:50 2554k
 18 3666M   18  692M    0     0  2836k      0  0:22:03  0:04:09  0:17:54 2538k
 18 3666M   18  692M    0     0  2827k      0  0:22:07  0:04:10  0:17:57  228k
 18 3666M   18  694M    0     0  2823k      0  0:22:09  0:04:11  0:17:58  553k
 18 3666M   18  694M    0     0  2812k      0  0:22:15  0:04:12  0:18:03  558k
 19 3666M   19  709M    0     0  2862k      0  0:21:51  0:04:13  0:17:38 3617k
 19 3666M   19  709M    0     0  2852k      0  0:21:56  0:04:14  0:17:42 3642k
 19 3666M   19  713M    0     0  2853k      0  0:21:55  0:04:15  0:17:40 4147k
 19 3666M   19  719M    0     0  2868k      0  0:21:49  0:04:16  0:17:33 5156k
 19 3666M   19  727M    0     0  2887k      0  0:21:40  0:04:17  0:17:23 6734k
 19 3666M   19  728M    0     0  2880k      0  0:21:43  0:04:18  0:17:25 3823k
 19 3666M   19  728M    0     0  2871k      0  0:21:47  0:04:19  0:17:28 3865k
 20 3666M   20  743M    0     0  2918k      0  0:21:26  0:04:20  0:17:06 6267k
 20 3666M   20  745M    0     0  2913k      0  0:21:28  0:04:21  0:17:07 5236k
 20 3666M   20  745M    0     0  2903k      0  0:21:33  0:04:22  0:17:11 3716k
 20 3666M   20  745M    0     0  2894k      0  0:21:36  0:04:23  0:17:13 3633k
 20 3666M   20  747M    0     0  2889k      0  0:21:39  0:04:24  0:17:15 3797k
 20 3666M   20  750M    0     0  2891k      0  0:21:38  0:04:25  0:17:13 1468k
 20 3666M   20  750M    0     0  2881k      0  0:21:43  0:04:26  0:17:17 1173k
 20 3666M   20  750M    0     0  2870k      0  0:21:47  0:04:27  0:17:20 1125k
 20 3666M   20  750M    0     0  2859k      0  0:21:52  0:04:28  0:17:24 1013k
 20 3666M   20  750M    0     0  2849k      0  0:21:57  0:04:29  0:17:28  742k
 20 3666M   20  752M    0     0  2843k      0  0:22:00  0:04:30  0:17:30  282k
 20 3666M   20  752M    0     0  2834k      0  0:22:04  0:04:31  0:17:33  362k
 20 3666M   20  752M    0     0  2825k      0  0:22:08  0:04:32  0:17:36  424k
 20 3666M   20  755M    0     0  2826k      0  0:22:08  0:04:33  0:17:35 1025k
 20 3666M   20  758M    0     0  2827k      0  0:22:07  0:04:34  0:17:33 1647k
 20 3666M   20  759M    0     0  2817k      0  0:22:12  0:04:35  0:17:37 1401k
 20 3666M   20  759M    0     0  2807k      0  0:22:17  0:04:36  0:17:41 1323k
 20 3666M   20  759M    0     0  2797k      0  0:22:22  0:04:37  0:17:45 1255k
 20 3666M   20  759M    0     0  2787k      0  0:22:26  0:04:38  0:17:48  656k
 20 3666M   20  759M    0     0  2777k      0  0:22:31  0:04:39  0:17:52 41771
 20 3666M   20  759M    0     0  2768k      0  0:22:36  0:04:40  0:17:56 41696
 20 3666M   20  759M    0     0  2758k      0  0:22:41  0:04:41  0:18:00 62019
 20 3666M   20  765M    0     0  2771k      0  0:22:34  0:04:42  0:17:52 1308k
 20 3666M   20  765M    0     0  2761k      0  0:22:39  0:04:43  0:17:56 1307k
 21 3666M   21  774M    0     0  2784k      0  0:22:28  0:04:44  0:17:44 3142k
 21 3666M   21  781M    0     0  2798k      0  0:22:21  0:04:45  0:17:36 4500k
 21 3666M   21  781M    0     0  2789k      0  0:22:26  0:04:46  0:17:40 4514k
 21 3666M   21  782M    0     0  2782k      0  0:22:29  0:04:47  0:17:42 3400k
 21 3666M   21  782M    0     0  2772k      0  0:22:34  0:04:48  0:17:46 3401k
 21 3666M   21  782M    0     0  2763k      0  0:22:38  0:04:49  0:17:49 1563k
 21 3666M   21  782M    0     0  2753k      0  0:22:43  0:04:50  0:17:53  189k
 21 3666M   21  782M    0     0  2744k      0  0:22:48  0:04:51  0:17:57  189k
 21 3666M   21  782M    0     0  2735k      0  0:22:52  0:04:52  0:18:00 41666
 21 3666M   21  782M    0     0  2725k      0  0:22:57  0:04:53  0:18:04 41873
 21 3666M   21  782M    0     0  2718k      0  0:23:00  0:04:54  0:18:06  160k
 21 3666M   21  782M    0     0  2709k      0  0:23:05  0:04:55  0:18:10  162k
 21 3666M   21  783M    0     0  2700k      0  0:23:10  0:04:56  0:18:14  162k
 21 3666M   21  783M    0     0  2693k      0  0:23:13  0:04:57  0:18:16  256k
 21 3666M   21  783M    0     0  2685k      0  0:23:18  0:04:58  0:18:20  294k
 21 3666M   21  783M    0     0  2676k      0  0:23:22  0:04:59  0:18:23  175k
 21 3666M   21  795M    0     0  2706k      0  0:23:07  0:05:00  0:18:07 2525k
 21 3666M   21  796M    0     0  2701k      0  0:23:09  0:05:01  0:18:08 2733k
 21 3666M   21  796M    0     0  2692k      0  0:23:14  0:05:02  0:18:12 2630k
 21 3666M   21  796M    0     0  2683k      0  0:23:18  0:05:03  0:18:15 2600k
 21 3666M   21  797M    0     0  2678k      0  0:23:21  0:05:04  0:18:17 2781k
 22 3666M   22  812M    0     0  2718k      0  0:23:00  0:05:05  0:17:55 3441k
 22 3666M   22  812M    0     0  2710k      0  0:23:05  0:05:06  0:17:59 3241k
 22 3666M   22  812M    0     0  2701k      0  0:23:09  0:05:07  0:18:02 3243k
 22 3666M   22  812M    0     0  2692k      0  0:23:14  0:05:08  0:18:06 3247k
 22 3666M   22  812M    0     0  2684k      0  0:23:18  0:05:09  0:18:09 3052k
 22 3666M   22  813M    0     0  2677k      0  0:23:22  0:05:10  0:18:12  177k
 22 3666M   22  813M    0     0  2669k      0  0:23:26  0:05:11  0:18:15  177k
 22 3666M   22  823M    0     0  2696k      0  0:23:12  0:05:12  0:18:00 2358k
 22 3666M   22  824M    0     0  2688k      0  0:23:16  0:05:13  0:18:03 2431k
 22 3666M   22  824M    0     0  2681k      0  0:23:20  0:05:14  0:18:06 2474k
 22 3666M   22  834M    0     0  2706k      0  0:23:07  0:05:15  0:17:52 4467k
 22 3666M   22  838M    0     0  2708k      0  0:23:06  0:05:16  0:17:50 5141k
 22 3666M   22  838M    0     0  2700k      0  0:23:10  0:05:17  0:17:53 2989k
 22 3666M   22  838M    0     0  2692k      0  0:23:14  0:05:18  0:17:56 2911k
 22 3666M   22  838M    0     0  2683k      0  0:23:18  0:05:19  0:17:59 2869k
 23 3666M   23  853M    0     0  2723k      0  0:22:58  0:05:20  0:17:38 3839k
 23 3666M   23  856M    0     0  2724k      0  0:22:57  0:05:21  0:17:36 3730k
 23 3666M   23  856M    0     0  2716k      0  0:23:02  0:05:22  0:17:40 3709k
 23 3666M   23  856M    0     0  2708k      0  0:23:06  0:05:23  0:17:43 3716k
 23 3666M   23  856M    0     0  2699k      0  0:23:10  0:05:24  0:17:46 3717k
 23 3666M   23  856M    0     0  2692k      0  0:23:14  0:05:25  0:17:49  704k
 23 3666M   23  856M    0     0  2684k      0  0:23:18  0:05:26  0:17:52  100k
 23 3666M   23  861M    0     0  2691k      0  0:23:15  0:05:27  0:17:48 1047k
 23 3666M   23  864M    0     0  2692k      0  0:23:14  0:05:28  0:17:46 1686k
 23 3666M   23  864M    0     0  2684k      0  0:23:18  0:05:29  0:17:49 1669k
 23 3666M   23  865M    0     0  2677k      0  0:23:22  0:05:30  0:17:52 1704k
 23 3666M   23  865M    0     0  2669k      0  0:23:26  0:05:31  0:17:55 1708k
 23 3666M   23  865M    0     0  2661k      0  0:23:30  0:05:32  0:17:58  761k
 23 3666M   23  865M    0     0  2655k      0  0:23:34  0:05:33  0:18:01  194k
 23 3666M   23  869M    0     0  2660k      0  0:23:31  0:05:34  0:17:57 1075k
 23 3666M   23  870M    0     0  2652k      0  0:23:35  0:05:35  0:18:00  978k
 23 3666M   23  870M    0     0  2647k      0  0:23:38  0:05:36  0:18:02 1133k
 23 3666M   23  870M    0     0  2639k      0  0:23:42  0:05:37  0:18:05 1134k
 23 3666M   23  870M    0     0  2631k      0  0:23:46  0:05:38  0:18:08 1066k
 23 3666M   23  870M    0     0  2624k      0  0:23:50  0:05:39  0:18:11  199k
 24 3666M   24  882M    0     0  2651k      0  0:23:36  0:05:40  0:17:56 2552k
 24 3666M   24  883M    0     0  2646k      0  0:23:38  0:05:41  0:17:57 2577k
 24 3666M   24  883M    0     0  2638k      0  0:23:42  0:05:42  0:18:00 2584k
 24 3666M   24  883M    0     0  2630k      0  0:23:47  0:05:43  0:18:04 2582k
 24 3666M   24  889M    0     0  2641k      0  0:23:41  0:05:44  0:17:57 3809k
 24 3666M   24  890M    0     0  2635k      0  0:23:44  0:05:45  0:17:59 1580k
 24 3666M   24  890M    0     0  2628k      0  0:23:48  0:05:46  0:18:02 1401k
 24 3666M   24  890M    0     0  2620k      0  0:23:52  0:05:47  0:18:05 1404k
 24 3666M   24  890M    0     0  2614k      0  0:23:56  0:05:48  0:18:08 1454k
 24 3666M   24  890M    0     0  2606k      0  0:24:00  0:05:49  0:18:11  212k
 24 3666M   24  899M    0     0  2624k      0  0:23:50  0:05:50  0:18:00 1886k
 24 3666M   24  906M    0     0  2637k      0  0:23:43  0:05:51  0:17:52 3306k
 24 3666M   24  906M    0     0  2630k      0  0:23:47  0:05:52  0:17:55 3287k
 24 3666M   24  906M    0     0  2622k      0  0:23:51  0:05:53  0:17:58 3238k
 24 3666M   24  906M    0     0  2615k      0  0:23:55  0:05:54  0:18:01 3263k
 24 3666M   24  906M    0     0  2608k      0  0:23:59  0:05:55  0:18:04 1458k
 24 3666M   24  906M    0     0  2601k      0  0:24:02  0:05:56  0:18:06 81799
 25 3666M   25  921M    0     0  2635k      0  0:23:44  0:05:57  0:17:47 3038k
 25 3666M   25  922M    0     0  2631k      0  0:23:46  0:05:58  0:17:48 3245k
 25 3666M   25  922M    0     0  2626k      0  0:23:49  0:05:59  0:17:50 3356k
 25 3666M   25  922M    0     0  2618k      0  0:23:53  0:06:00  0:17:53 3363k
 25 3666M   25  923M    0     0  2612k      0  0:23:57  0:06:01  0:17:56 3325k
 25 3666M   25  926M    0     0  2614k      0  0:23:56  0:06:02  0:17:54 1084k
 25 3666M   25  926M    0     0  2608k      0  0:23:59  0:06:03  0:17:56  946k
 25 3666M   25  927M    0     0  2603k      0  0:24:02  0:06:04  0:17:58  941k
 25 3666M   25  927M    0     0  2596k      0  0:24:06  0:06:05  0:18:01  941k
 25 3666M   25  927M    0     0  2589k      0  0:24:10  0:06:06  0:18:04  934k
 25 3666M   25  943M    0     0  2626k      0  0:23:49  0:06:07  0:17:42 3466k
 25 3666M   25  944M    0     0  2622k      0  0:23:51  0:06:08  0:17:43 3605k
 25 3666M   25  945M    0     0  2616k      0  0:23:54  0:06:09  0:17:45 3590k
 25 3666M   25  945M    0     0  2610k      0  0:23:58  0:06:10  0:17:48 3645k
 25 3666M   25  945M    0     0  2603k      0  0:24:02  0:06:11  0:17:51 3655k
 25 3666M   25  946M    0     0  2598k      0  0:24:05  0:06:12  0:17:53  535k
 25 3666M   25  946M    0     0  2591k      0  0:24:08  0:06:13  0:17:55  317k
 25 3666M   25  946M    0     0  2584k      0  0:24:12  0:06:14  0:17:58  205k
 26 3666M   26  958M    0     0  2611k      0  0:23:57  0:06:15  0:17:42 2709k
 26 3666M   26  962M    0     0  2616k      0  0:23:55  0:06:16  0:17:39 3564k
 26 3666M   26  962M    0     0  2609k      0  0:23:58  0:06:17  0:17:41 3455k
 26 3666M   26  973M    0     0  2632k      0  0:23:46  0:06:18  0:17:28 5708k
 26 3666M   26  974M    0     0  2627k      0  0:23:49  0:06:19  0:17:30 5834k
 26 3666M   26  974M    0     0  2620k      0  0:23:52  0:06:20  0:17:32 3285k
 26 3666M   26  974M    0     0  2613k      0  0:23:56  0:06:21  0:17:35 2429k
 26 3666M   26  974M    0     0  2607k      0  0:24:00  0:06:22  0:17:38 2430k
 26 3666M   26  975M    0     0  2601k      0  0:24:03  0:06:23  0:17:40  220k
 26 3666M   26  976M    0     0  2597k      0  0:24:05  0:06:24  0:17:41  317k
 27 3666M   27  990M    0     0  2627k      0  0:23:48  0:06:25  0:17:23 3182k
 27 3666M   27  995M    0     0  2635k      0  0:23:44  0:06:26  0:17:18 4314k
 27 3666M   27  998M    0     0  2636k      0  0:23:44  0:06:27  0:17:17 4880k
 27 3666M   27 1013M    0     0  2668k      0  0:23:27  0:06:28  0:16:59 7830k
 27 3666M   27 1013M    0     0  2661k      0  0:23:30  0:06:29  0:17:01 7594k
 27 3666M   27 1013M    0     0  2654k      0  0:23:34  0:06:30  0:17:04 4751k
 27 3666M   27 1013M    0     0  2648k      0  0:23:37  0:06:31  0:17:06 3672k
 27 3666M   27 1013M    0     0  2642k      0  0:23:40  0:06:32  0:17:08 3134k
 27 3666M   27 1018M    0     0  2647k      0  0:23:37  0:06:33  0:17:04 1059k
 28 3666M   28 1028M    0     0  2667k      0  0:23:27  0:06:34  0:16:53 3160k
 28 3666M   28 1029M    0     0  2661k      0  0:23:30  0:06:35  0:16:55 3213k
 28 3666M   28 1040M    0     0  2685k      0  0:23:17  0:06:36  0:16:41 5601k
 28 3666M   28 1041M    0     0  2680k      0  0:23:20  0:06:37  0:16:43 5666k
 28 3666M   28 1041M    0     0  2674k      0  0:23:24  0:06:38  0:16:46 4729k
 28 3666M   28 1041M    0     0  2667k      0  0:23:27  0:06:39  0:16:48 2658k
 28 3666M   28 1041M    0     0  2661k      0  0:23:30  0:06:40  0:16:50 2602k
 28 3666M   28 1041M    0     0  2654k      0  0:23:34  0:06:41  0:16:53  172k
 28 3666M   28 1042M    0     0  2648k      0  0:23:37  0:06:42  0:16:55 84593
 28 3666M   28 1056M    0     0  2678k      0  0:23:21  0:06:43  0:16:38 3039k
 29 3666M   29 1065M    0     0  2694k      0  0:23:13  0:06:44  0:16:29 4808k
 29 3666M   29 1065M    0     0  2687k      0  0:23:16  0:06:45  0:16:31 4822k
 29 3666M   29 1066M    0     0  2683k      0  0:23:18  0:06:46  0:16:32 5019k
 29 3666M   29 1074M    0     0  2696k      0  0:23:12  0:06:47  0:16:25 6546k
 29 3666M   29 1074M    0     0  2691k      0  0:23:15  0:06:48  0:16:27 3694k
 29 3666M   29 1074M    0     0  2684k      0  0:23:18  0:06:49  0:16:29 1907k
 29 3666M   29 1074M    0     0  2678k      0  0:23:21  0:06:50  0:16:31 1904k
 29 3666M   29 1074M    0     0  2672k      0  0:23:24  0:06:51  0:16:33 1764k
 29 3666M   29 1074M    0     0  2666k      0  0:23:28  0:06:52  0:16:36  201k
 29 3666M   29 1090M    0     0  2698k      0  0:23:11  0:06:53  0:16:18 3300k
 29 3666M   29 1090M    0     0  2692k      0  0:23:14  0:06:54  0:16:20 3298k
 29 3666M   29 1090M    0     0  2686k      0  0:23:17  0:06:55  0:16:22 3340k
 30 3666M   30 1100M    0     0  2704k      0  0:23:08  0:06:56  0:16:12 5308k
 30 3666M   30 1101M    0     0  2697k      0  0:23:11  0:06:57  0:16:14 5304k
 30 3666M   30 1110M    0     0  2716k      0  0:23:02  0:06:58  0:16:04 4172k
 30 3666M   30 1115M    0     0  2721k      0  0:22:59  0:06:59  0:16:00 5177k
 30 3666M   30 1122M    0     0  2730k      0  0:22:54  0:07:00  0:15:54 6450k
 30 3666M   30 1128M    0     0  2739k      0  0:22:50  0:07:01  0:15:49 5707k
 31 3666M   31 1139M    0     0  2758k      0  0:22:41  0:07:02  0:15:39 7821k
 31 3666M   31 1139M    0     0  2752k      0  0:22:44  0:07:03  0:15:41 5754k
 31 3666M   31 1140M    0     0  2749k      0  0:22:45  0:07:04  0:15:41 5095k
 31 3666M   31 1141M    0     0  2743k      0  0:22:48  0:07:05  0:15:43 3800k
 31 3666M   31 1141M    0     0  2738k      0  0:22:50  0:07:06  0:15:44 2662k
 31 3666M   31 1141M    0     0  2732k      0  0:22:53  0:07:07  0:15:46  533k
 31 3666M   31 1142M    0     0  2728k      0  0:22:56  0:07:08  0:15:48  698k
 31 3666M   31 1142M    0     0  2721k      0  0:22:59  0:07:09  0:15:50  402k
 31 3666M   31 1142M    0     0  2715k      0  0:23:02  0:07:10  0:15:52  339k
 31 3666M   31 1142M    0     0  2709k      0  0:23:05  0:07:11  0:15:54  201k
 31 3666M   31 1149M    0     0  2718k      0  0:23:00  0:07:12  0:15:48 1531k
 31 3666M   31 1152M    0     0  2720k      0  0:22:59  0:07:13  0:15:46 2080k
 31 3666M   31 1153M    0     0  2716k      0  0:23:02  0:07:14  0:15:48 2204k
 31 3666M   31 1153M    0     0  2709k      0  0:23:05  0:07:15  0:15:50 2209k
 31 3666M   31 1153M    0     0  2704k      0  0:23:08  0:07:16  0:15:52 2264k
 31 3666M   31 1153M    0     0  2698k      0  0:23:11  0:07:17  0:15:54  937k
 31 3666M   31 1169M    0     0  2728k      0  0:22:55  0:07:18  0:15:37 3413k
 31 3666M   31 1170M    0     0  2724k      0  0:22:58  0:07:19  0:15:39 3470k
 31 3666M   31 1170M    0     0  2718k      0  0:23:01  0:07:20  0:15:41 3468k
 31 3666M   31 1170M    0     0  2712k      0  0:23:04  0:07:21  0:15:43 3426k
 31 3666M   31 1170M    0     0  2706k      0  0:23:07  0:07:22  0:15:45 3401k
 31 3666M   31 1170M    0     0  2700k      0  0:23:10  0:07:23  0:15:47  221k
 31 3666M   31 1171M    0     0  2695k      0  0:23:12  0:07:24  0:15:48  144k
 31 3666M   31 1171M    0     0  2690k      0  0:23:15  0:07:25  0:15:50  210k
 31 3666M   31 1173M    0     0  2688k      0  0:23:16  0:07:26  0:15:50  533k
 31 3666M   31 1173M    0     0  2682k      0  0:23:19  0:07:27  0:15:52  536k
 31 3666M   31 1173M    0     0  2676k      0  0:23:22  0:07:28  0:15:54  534k
 31 3666M   31 1173M    0     0  2670k      0  0:23:26  0:07:29  0:15:57  430k
 31 3666M   31 1173M    0     0  2664k      0  0:23:28  0:07:30  0:15:58  371k
 32 3666M   32 1173M    0     0  2660k      0  0:23:31  0:07:31  0:16:00  185k
 32 3666M   32 1174M    0     0  2654k      0  0:23:34  0:07:32  0:16:02  181k
 32 3666M   32 1174M    0     0  2648k      0  0:23:37  0:07:33  0:16:04  183k
 32 3666M   32 1174M    0     0  2643k      0  0:23:40  0:07:34  0:16:06  181k
 32 3666M   32 1189M    0     0  2670k      0  0:23:25  0:07:35  0:15:50 3223k
 32 3666M   32 1189M    0     0  2665k      0  0:23:28  0:07:36  0:15:52 3133k
 32 3666M   32 1189M    0     0  2659k      0  0:23:31  0:07:37  0:15:54 3138k
 32 3666M   32 1189M    0     0  2655k      0  0:23:34  0:07:38  0:15:56 3223k
 32 3666M   32 1189M    0     0  2649k      0  0:23:37  0:07:39  0:15:58 3239k
 32 3666M   32 1189M    0     0  2643k      0  0:23:40  0:07:40  0:16:00  175k
 32 3666M   32 1204M    0     0  2671k      0  0:23:25  0:07:41  0:15:44 3217k
 33 3666M   33 1211M    0     0  2679k      0  0:23:21  0:07:42  0:15:39 4478k
 33 3666M   33 1211M    0     0  2673k      0  0:23:24  0:07:43  0:15:41 4393k
 33 3666M   33 1211M    0     0  2668k      0  0:23:27  0:07:44  0:15:43 4411k
 33 3666M   33 1219M    0     0  2679k      0  0:23:20  0:07:45  0:15:35 6015k
 33 3666M   33 1226M    0     0  2689k      0  0:23:16  0:07:46  0:15:30 4323k
 33 3666M   33 1226M    0     0  2683k      0  0:23:19  0:07:47  0:15:32 3070k
 33 3666M   33 1226M    0     0  2678k      0  0:23:21  0:07:48  0:15:33 3084k
 33 3666M   33 1229M    0     0  2678k      0  0:23:21  0:07:49  0:15:32 3660k
 33 3666M   33 1231M    0     0  2678k      0  0:23:21  0:07:50  0:15:31 2554k
 33 3666M   33 1232M    0     0  2674k      0  0:23:23  0:07:51  0:15:32 1282k
 33 3666M   33 1232M    0     0  2668k      0  0:23:26  0:07:52  0:15:34 1282k
 33 3666M   33 1232M    0     0  2663k      0  0:23:29  0:07:53  0:15:36 1274k
 33 3666M   33 1232M    0     0  2657k      0  0:23:32  0:07:54  0:15:38  667k
 33 3666M   33 1234M    0     0  2656k      0  0:23:33  0:07:55  0:15:38  585k
 33 3666M   33 1241M    0     0  2665k      0  0:23:28  0:07:56  0:15:32 1850k
 33 3666M   33 1244M    0     0  2666k      0  0:23:27  0:07:57  0:15:30 2487k
 33 3666M   33 1244M    0     0  2661k      0  0:23:30  0:07:58  0:15:32 2487k
 33 3666M   33 1244M    0     0  2655k      0  0:23:33  0:07:59  0:15:34 2486k
 33 3666M   33 1244M    0     0  2650k      0  0:23:36  0:08:00  0:15:36 2059k
 33 3666M   33 1244M    0     0  2645k      0  0:23:39  0:08:01  0:15:38  669k
 33 3666M   33 1244M    0     0  2639k      0  0:23:42  0:08:02  0:15:40 41917
 33 3666M   33 1244M    0     0  2634k      0  0:23:45  0:08:03  0:15:42 41771
 33 3666M   33 1244M    0     0  2629k      0  0:23:48  0:08:04  0:15:44 41242
 33 3666M   33 1245M    0     0  2624k      0  0:23:50  0:08:05  0:15:45  161k
 33 3666M   33 1245M    0     0  2619k      0  0:23:53  0:08:06  0:15:47  161k
 33 3666M   33 1245M    0     0  2614k      0  0:23:56  0:08:07  0:15:49  159k
 33 3666M   33 1245M    0     0  2609k      0  0:23:59  0:08:08  0:15:51  159k
 34 3666M   34 1262M    0     0  2638k      0  0:23:42  0:08:09  0:15:33 3569k
 34 3666M   34 1263M    0     0  2634k      0  0:23:44  0:08:10  0:15:34 3597k
 34 3666M   34 1263M    0     0  2629k      0  0:23:47  0:08:11  0:15:36 3599k
 34 3666M   34 1263M    0     0  2624k      0  0:23:50  0:08:12  0:15:38 3588k
 34 3666M   34 1263M    0     0  2618k      0  0:23:53  0:08:13  0:15:40 3586k
 34 3666M   34 1263M    0     0  2614k      0  0:23:56  0:08:14  0:15:42  230k
 34 3666M   34 1275M    0     0  2632k      0  0:23:45  0:08:15  0:15:30 2454k
 34 3666M   34 1283M    0     0  2644k      0  0:23:39  0:08:16  0:15:23 4111k
 35 3666M   35 1284M    0     0  2642k      0  0:23:40  0:08:17  0:15:23 4496k
 35 3666M   35 1286M    0     0  2639k      0  0:23:42  0:08:18  0:15:24 4702k
 35 3666M   35 1299M    0     0  2662k      0  0:23:29  0:08:19  0:15:10 7490k
 35 3666M   35 1300M    0     0  2658k      0  0:23:32  0:08:20  0:15:12 5177k
 35 3666M   35 1302M    0     0  2658k      0  0:23:32  0:08:21  0:15:11 4037k
 35 3666M   35 1303M    0     0  2653k      0  0:23:34  0:08:22  0:15:12 3704k
 35 3666M   35 1303M    0     0  2649k      0  0:23:36  0:08:23  0:15:13 3632k
 35 3666M   35 1303M    0     0  2644k      0  0:23:39  0:08:24  0:15:15  805k
 35 3666M   35 1315M    0     0  2662k      0  0:23:30  0:08:25  0:15:05 3035k
 35 3666M   35 1318M    0     0  2663k      0  0:23:29  0:08:26  0:15:03 3173k
 35 3666M   35 1318M    0     0  2658k      0  0:23:32  0:08:27  0:15:05 3120k
 35 3666M   35 1318M    0     0  2653k      0  0:23:35  0:08:28  0:15:07 2987k
 35 3666M   35 1318M    0     0  2648k      0  0:23:37  0:08:29  0:15:08 3050k
 35 3666M   35 1319M    0     0  2645k      0  0:23:39  0:08:30  0:15:09 1000k
 36 3666M   36 1328M    0     0  2657k      0  0:23:32  0:08:31  0:15:01 2033k
 36 3666M   36 1328M    0     0  2652k      0  0:23:35  0:08:32  0:15:03 2033k
 36 3666M   36 1328M    0     0  2647k      0  0:23:38  0:08:33  0:15:05 2040k
 36 3666M   36 1328M    0     0  2641k      0  0:23:41  0:08:34  0:15:07 1975k
 36 3666M   36 1328M    0     0  2636k      0  0:23:43  0:08:35  0:15:08 1736k
 36 3666M   36 1328M    0     0  2632k      0  0:23:46  0:08:36  0:15:10 94028
 36 3666M   36 1328M    0     0  2627k      0  0:23:48  0:08:37  0:15:11  144k
 36 3666M   36 1341M    0     0  2648k      0  0:23:37  0:08:38  0:14:59 2751k
 36 3666M   36 1352M    0     0  2663k      0  0:23:29  0:08:39  0:14:50 4917k
 37 3666M   37 1356M    0     0  2667k      0  0:23:27  0:08:40  0:14:47 5811k
 37 3666M   37 1356M    0     0  2662k      0  0:23:30  0:08:41  0:14:49 5762k
 37 3666M   37 1356M    0     0  2657k      0  0:23:32  0:08:42  0:14:50 5706k
 37 3666M   37 1356M    0     0  2652k      0  0:23:35  0:08:43  0:14:52 3093k
 37 3666M   37 1357M    0     0  2647k      0  0:23:37  0:08:44  0:14:53  986k
 37 3666M   37 1357M    0     0  2642k      0  0:23:40  0:08:45  0:14:55 90881
 37 3666M   37 1357M    0     0  2638k      0  0:23:42  0:08:46  0:14:56  152k
 37 3666M   37 1372M    0     0  2661k      0  0:23:30  0:08:47  0:14:43 3103k
 37 3666M   37 1377M    0     0  2667k      0  0:23:27  0:08:48  0:14:39 4280k
 37 3666M   37 1381M    0     0  2670k      0  0:23:26  0:08:49  0:14:37 5025k
 37 3666M   37 1382M    0     0  2666k      0  0:23:27  0:08:50  0:14:37 5195k
 37 3666M   37 1382M    0     0  2662k      0  0:23:30  0:08:51  0:14:39 5188k
 37 3666M   37 1383M    0     0  2658k      0  0:23:32  0:08:52  0:14:40 2364k
 37 3666M   37 1383M    0     0  2653k      0  0:23:34  0:08:53  0:14:41 1191k
 37 3666M   37 1383M    0     0  2648k      0  0:23:37  0:08:54  0:14:43  416k
 37 3666M   37 1383M    0     0  2644k      0  0:23:39  0:08:55  0:14:44  220k
 38 3666M   38 1399M    0     0  2668k      0  0:23:26  0:08:56  0:14:30 3311k
 38 3666M   38 1400M    0     0  2665k      0  0:23:28  0:08:57  0:14:31 3392k
 38 3666M   38 1410M    0     0  2681k      0  0:23:20  0:08:58  0:14:22 5594k
 38 3666M   38 1411M    0     0  2678k      0  0:23:21  0:08:59  0:14:22 5823k
 38 3666M   38 1427M    0     0  2701k      0  0:23:09  0:09:00  0:14:09 8852k
 39 3666M   39 1433M    0     0  2709k      0  0:23:05  0:09:01  0:14:04 7088k
 39 3666M   39 1441M    0     0  2718k      0  0:23:00  0:09:02  0:13:58 8465k
 39 3666M   39 1448M    0     0  2727k      0  0:22:56  0:09:03  0:13:53 7715k
 39 3666M   39 1450M    0     0  2725k      0  0:22:57  0:09:04  0:13:53 7811k
 39 3666M   39 1450M    0     0  2720k      0  0:23:00  0:09:05  0:13:55 4767k
 39 3666M   39 1450M    0     0  2715k      0  0:23:02  0:09:06  0:13:56 3408k
 39 3666M   39 1450M    0     0  2711k      0  0:23:04  0:09:07  0:13:57 1943k
 39 3666M   39 1455M    0     0  2714k      0  0:23:02  0:09:08  0:13:54 1341k
 39 3666M   39 1455M    0     0  2709k      0  0:23:05  0:09:09  0:13:56 1028k
 39 3666M   39 1455M    0     0  2706k      0  0:23:07  0:09:10  0:13:57 1145k
 39 3666M   39 1455M    0     0  2701k      0  0:23:09  0:09:11  0:13:58 1136k
 39 3666M   39 1455M    0     0  2696k      0  0:23:12  0:09:12  0:14:00 1021k
 39 3666M   39 1456M    0     0  2692k      0  0:23:14  0:09:13  0:14:01  213k
 39 3666M   39 1456M    0     0  2687k      0  0:23:17  0:09:14  0:14:03  215k
 39 3666M   39 1459M    0     0  2689k      0  0:23:16  0:09:15  0:14:01  787k
 39 3666M   39 1460M    0     0  2685k      0  0:23:18  0:09:16  0:14:02  918k
 39 3666M   39 1460M    0     0  2680k      0  0:23:20  0:09:17  0:14:03  919k
 39 3666M   39 1460M    0     0  2675k      0  0:23:23  0:09:18  0:14:05  859k
 39 3666M   39 1460M    0     0  2671k      0  0:23:25  0:09:19  0:14:06  859k
 39 3666M   39 1464M    0     0  2673k      0  0:23:24  0:09:20  0:14:04  985k
 39 3666M   39 1465M    0     0  2670k      0  0:23:25  0:09:21  0:14:04 1052k
 39 3666M   39 1465M    0     0  2666k      0  0:23:28  0:09:22  0:14:06 1052k
 39 3666M   39 1466M    0     0  2662k      0  0:23:30  0:09:23  0:14:07 1146k
 40 3666M   40 1469M    0     0  2664k      0  0:23:29  0:09:24  0:14:05 1914k
 40 3666M   40 1482M    0     0  2681k      0  0:23:20  0:09:25  0:13:55 3551k
 40 3666M   40 1482M    0     0  2677k      0  0:23:22  0:09:26  0:13:56 3391k
 40 3666M   40 1482M    0     0  2673k      0  0:23:24  0:09:27  0:13:57 3480k
 40 3666M   40 1482M    0     0  2668k      0  0:23:26  0:09:28  0:13:58 3386k
 40 3666M   40 1493M    0     0  2683k      0  0:23:19  0:09:29  0:13:50 4800k
 40 3666M   40 1502M    0     0  2695k      0  0:23:12  0:09:30  0:13:42 4255k
 40 3666M   40 1502M    0     0  2690k      0  0:23:15  0:09:31  0:13:44 4207k
 40 3666M   40 1502M    0     0  2686k      0  0:23:17  0:09:32  0:13:45 4145k
 40 3666M   40 1502M    0     0  2681k      0  0:23:20  0:09:33  0:13:47 4148k
 40 3666M   40 1502M    0     0  2676k      0  0:23:22  0:09:34  0:13:48 1957k
 40 3666M   40 1503M    0     0  2672k      0  0:23:24  0:09:35  0:13:49 90782
 40 3666M   40 1503M    0     0  2668k      0  0:23:27  0:09:36  0:13:51 93436
 41 3666M   41 1511M    0     0  2677k      0  0:23:22  0:09:37  0:13:45 1708k
 41 3666M   41 1511M    0     0  2673k      0  0:23:24  0:09:38  0:13:46 1705k
 41 3666M   41 1511M    0     0  2668k      0  0:23:26  0:09:39  0:13:47 1708k
 41 3666M   41 1511M    0     0  2664k      0  0:23:28  0:09:40  0:13:48 1775k
 41 3666M   41 1511M    0     0  2660k      0  0:23:31  0:09:41  0:13:50 1772k
 41 3666M   41 1511M    0     0  2656k      0  0:23:33  0:09:42  0:13:51  153k
 41 3666M   41 1511M    0     0  2651k      0  0:23:35  0:09:43  0:13:52  156k
 41 3666M   41 1512M    0     0  2647k      0  0:23:38  0:09:44  0:13:54  208k
 41 3666M   41 1518M    0     0  2654k      0  0:23:34  0:09:45  0:13:49 1464k
 41 3666M   41 1532M    0     0  2674k      0  0:23:24  0:09:46  0:13:38 4245k
 41 3666M   41 1532M    0     0  2669k      0  0:23:26  0:09:47  0:13:39 4244k
 41 3666M   41 1535M    0     0  2670k      0  0:23:25  0:09:48  0:13:37 4900k
 42 3666M   42 1541M    0     0  2676k      0  0:23:22  0:09:49  0:13:33 6042k
 42 3666M   42 1554M    0     0  2693k      0  0:23:13  0:09:50  0:13:23 7241k
 42 3666M   42 1558M    0     0  2697k      0  0:23:12  0:09:51  0:13:21 5398k
 42 3666M   42 1559M    0     0  2694k      0  0:23:13  0:09:52  0:13:21 5571k
 42 3666M   42 1559M    0     0  2689k      0  0:23:15  0:09:53  0:13:22 4916k
 42 3666M   42 1559M    0     0  2685k      0  0:23:18  0:09:54  0:13:24 3728k
 42 3666M   42 1559M    0     0  2680k      0  0:23:20  0:09:55  0:13:25 1181k
 43 3666M   43 1576M    0     0  2705k      0  0:23:07  0:09:56  0:13:11 3648k
 43 3666M   43 1576M    0     0  2700k      0  0:23:10  0:09:57  0:13:13 3482k
 43 3666M   43 1576M    0     0  2696k      0  0:23:12  0:09:58  0:13:14 3499k
 43 3666M   43 1576M    0     0  2691k      0  0:23:14  0:09:59  0:13:15 3504k
 43 3666M   43 1577M    0     0  2687k      0  0:23:16  0:10:00  0:13:16 3555k
 43 3666M   43 1577M    0     0  2683k      0  0:23:18  0:10:01  0:13:17  144k
 43 3666M   43 1590M    0     0  2700k      0  0:23:10  0:10:02  0:13:08 2714k
 43 3666M   43 1590M    0     0  2696k      0  0:23:12  0:10:03  0:13:09 2714k
 43 3666M   43 1590M    0     0  2692k      0  0:23:14  0:10:04  0:13:10 2717k
 43 3666M   43 1592M    0     0  2690k      0  0:23:15  0:10:05  0:13:10 3053k
 43 3666M   43 1605M    0     0  2708k      0  0:23:06  0:10:06  0:13:00 5622k
 43 3666M   43 1606M    0     0  2705k      0  0:23:07  0:10:07  0:13:00 3285k
 43 3666M   43 1606M    0     0  2701k      0  0:23:09  0:10:08  0:13:01 3259k
 43 3666M   43 1606M    0     0  2696k      0  0:23:12  0:10:09  0:13:03 3260k
 43 3666M   43 1607M    0     0  2695k      0  0:23:13  0:10:10  0:13:03 3206k
 43 3666M   43 1607M    0     0  2690k      0  0:23:15  0:10:11  0:13:04  563k
 44 3666M   44 1620M    0     0  2706k      0  0:23:06  0:10:12  0:12:54 2868k
 44 3666M   44 1622M    0     0  2707k      0  0:23:06  0:10:13  0:12:53 3419k
 44 3666M   44 1623M    0     0  2704k      0  0:23:08  0:10:14  0:12:54 3645k
 44 3666M   44 1639M    0     0  2725k      0  0:22:57  0:10:15  0:12:42 6443k
 44 3666M   44 1640M    0     0  2723k      0  0:22:58  0:10:16  0:12:42 6672k
 44 3666M   44 1640M    0     0  2719k      0  0:23:00  0:10:17  0:12:43 4237k
 44 3666M   44 1640M    0     0  2715k      0  0:23:02  0:10:18  0:12:44 3699k
 44 3666M   44 1641M    0     0  2711k      0  0:23:04  0:10:19  0:12:45 3566k
 44 3666M   44 1641M    0     0  2707k      0  0:23:06  0:10:20  0:12:46  435k
 44 3666M   44 1641M    0     0  2702k      0  0:23:09  0:10:21  0:12:48  217k
 44 3666M   44 1641M    0     0  2698k      0  0:23:11  0:10:22  0:12:49  139k
 45 3666M   45 1654M    0     0  2715k      0  0:23:02  0:10:23  0:12:39 2807k
 45 3666M   45 1654M    0     0  2711k      0  0:23:04  0:10:24  0:12:40 2714k
 45 3666M   45 1654M    0     0  2707k      0  0:23:06  0:10:25  0:12:41 2714k
 45 3666M   45 1654M    0     0  2703k      0  0:23:08  0:10:26  0:12:42 2726k
 45 3666M   45 1654M    0     0  2698k      0  0:23:11  0:10:27  0:12:44 2713k
 45 3666M   45 1666M    0     0  2714k      0  0:23:03  0:10:28  0:12:35 2497k
 45 3666M   45 1666M    0     0  2709k      0  0:23:05  0:10:29  0:12:36 2521k
 45 3666M   45 1666M    0     0  2705k      0  0:23:07  0:10:30  0:12:37 2521k
 45 3666M   45 1666M    0     0  2701k      0  0:23:09  0:10:31  0:12:38 2505k
 45 3666M   45 1667M    0     0  2697k      0  0:23:11  0:10:32  0:12:39 2512k
 45 3666M   45 1667M    0     0  2693k      0  0:23:13  0:10:33  0:12:40  146k
 45 3666M   45 1667M    0     0  2689k      0  0:23:15  0:10:34  0:12:41  150k
 45 3666M   45 1667M    0     0  2685k      0  0:23:18  0:10:35  0:12:43  148k
 45 3666M   45 1682M    0     0  2704k      0  0:23:08  0:10:36  0:12:32 3145k
 46 3666M   46 1687M    0     0  2709k      0  0:23:05  0:10:37  0:12:28 4280k
 46 3666M   46 1688M    0     0  2707k      0  0:23:06  0:10:38  0:12:28 4390k
 46 3666M   46 1688M    0     0  2702k      0  0:23:09  0:10:39  0:12:30 4369k
 46 3666M   46 1703M    0     0  2722k      0  0:22:59  0:10:40  0:12:19 7363k
 46 3666M   46 1703M    0     0  2718k      0  0:23:01  0:10:41  0:12:20 4386k
 46 3666M   46 1713M    0     0  2729k      0  0:22:55  0:10:42  0:12:13 5270k
 46 3666M   46 1714M    0     0  2726k      0  0:22:57  0:10:43  0:12:14 5148k
 46 3666M   46 1714M    0     0  2722k      0  0:22:59  0:10:44  0:12:15 5168k
 46 3666M   46 1714M    0     0  2717k      0  0:23:01  0:10:45  0:12:16 2158k
 46 3666M   46 1714M    0     0  2714k      0  0:23:03  0:10:46  0:12:17 2193k
 46 3666M   46 1716M    0     0  2712k      0  0:23:03  0:10:47  0:12:16  590k
 46 3666M   46 1718M    0     0  2712k      0  0:23:04  0:10:48  0:12:16  946k
 46 3666M   46 1718M    0     0  2708k      0  0:23:06  0:10:49  0:12:17  942k
 47 3666M   47 1725M    0     0  2714k      0  0:23:03  0:10:50  0:12:13 2269k
 47 3666M   47 1735M    0     0  2726k      0  0:22:57  0:10:51  0:12:06 4336k
 47 3666M   47 1735M    0     0  2722k      0  0:22:59  0:10:52  0:12:07 3926k
 47 3666M   47 1735M    0     0  2718k      0  0:23:01  0:10:53  0:12:08 3469k
 47 3666M   47 1735M    0     0  2714k      0  0:23:03  0:10:54  0:12:09 3464k
 47 3666M   47 1735M    0     0  2710k      0  0:23:05  0:10:55  0:12:10 2138k
 47 3666M   47 1735M    0     0  2705k      0  0:23:07  0:10:56  0:12:11 41555
 47 3666M   47 1741M    0     0  2710k      0  0:23:05  0:10:57  0:12:08 1121k
 47 3666M   47 1741M    0     0  2707k      0  0:23:06  0:10:58  0:12:08 1268k
 47 3666M   47 1741M    0     0  2703k      0  0:23:08  0:10:59  0:12:09 1275k
 47 3666M   47 1743M    0     0  2702k      0  0:23:09  0:11:00  0:12:09 1653k
 47 3666M   47 1746M    0     0  2701k      0  0:23:09  0:11:01  0:12:08 2165k
 47 3666M   47 1747M    0     0  2699k      0  0:23:10  0:11:02  0:12:08 1262k
 47 3666M   47 1747M    0     0  2696k      0  0:23:12  0:11:03  0:12:09 1242k
 47 3666M   47 1747M    0     0  2692k      0  0:23:14  0:11:04  0:12:10 1240k
 47 3666M   47 1748M    0     0  2688k      0  0:23:16  0:11:05  0:12:11  857k
 47 3666M   47 1748M    0     0  2684k      0  0:23:18  0:11:06  0:12:12  352k
 47 3666M   47 1754M    0     0  2689k      0  0:23:16  0:11:07  0:12:09 1377k
 47 3666M   47 1755M    0     0  2687k      0  0:23:17  0:11:08  0:12:09 1473k
 48 3666M   48 1764M    0     0  2697k      0  0:23:11  0:11:09  0:12:02 3466k
 48 3666M   48 1771M    0     0  2704k      0  0:23:08  0:11:10  0:11:58 4841k
 48 3666M   48 1780M    0     0  2713k      0  0:23:03  0:11:11  0:11:52 6583k
 48 3666M   48 1780M    0     0  2709k      0  0:23:05  0:11:12  0:11:53 5433k
 48 3666M   48 1781M    0     0  2707k      0  0:23:06  0:11:13  0:11:53 5430k
 48 3666M   48 1781M    0     0  2703k      0  0:23:08  0:11:14  0:11:54 3485k
 48 3666M   48 1782M    0     0  2700k      0  0:23:10  0:11:15  0:11:55 2235k
 48 3666M   48 1782M    0     0  2696k      0  0:23:12  0:11:16  0:11:56  478k
 48 3666M   48 1782M    0     0  2692k      0  0:23:14  0:11:17  0:11:57  442k
 48 3666M   48 1782M    0     0  2688k      0  0:23:16  0:11:18  0:11:58  207k
 48 3666M   48 1782M    0     0  2685k      0  0:23:18  0:11:19  0:11:59  155k
 49 3666M   49 1797M    0     0  2702k      0  0:23:09  0:11:20  0:11:49 3004k
 49 3666M   49 1797M    0     0  2699k      0  0:23:11  0:11:21  0:11:50 3006k
 49 3666M   49 1811M    0     0  2716k      0  0:23:02  0:11:22  0:11:40 5927k
 49 3666M   49 1813M    0     0  2715k      0  0:23:02  0:11:23  0:11:39 6343k
 49 3666M   49 1813M    0     0  2712k      0  0:23:04  0:11:24  0:11:40 6405k
 49 3666M   49 1814M    0     0  2708k      0  0:23:06  0:11:25  0:11:41 3454k
 49 3666M   49 1815M    0     0  2707k      0  0:23:06  0:11:26  0:11:40 3808k
 49 3666M   49 1815M    0     0  2703k      0  0:23:08  0:11:27  0:11:41  881k
 49 3666M   49 1822M    0     0  2709k      0  0:23:05  0:11:28  0:11:37 1837k
 49 3666M   49 1823M    0     0  2706k      0  0:23:07  0:11:29  0:11:38 1902k
 49 3666M   49 1823M    0     0  2702k      0  0:23:09  0:11:30  0:11:39 1892k
 49 3666M   49 1823M    0     0  2698k      0  0:23:11  0:11:31  0:11:40 1535k
 49 3666M   49 1823M    0     0  2694k      0  0:23:13  0:11:32  0:11:41 1533k
 49 3666M   49 1823M    0     0  2691k      0  0:23:15  0:11:33  0:11:42  214k
 49 3666M   49 1823M    0     0  2687k      0  0:23:17  0:11:34  0:11:43 95587
 50 3666M   50 1839M    0     0  2706k      0  0:23:07  0:11:35  0:11:32 3258k
 50 3666M   50 1845M    0     0  2711k      0  0:23:04  0:11:36  0:11:28 4533k
 50 3666M   50 1853M    0     0  2719k      0  0:23:00  0:11:37  0:11:23 6084k
 50 3666M   50 1854M    0     0  2716k      0  0:23:01  0:11:38  0:11:23 6275k
 50 3666M   50 1869M    0     0  2735k      0  0:22:52  0:11:39  0:11:13 9381k
 51 3666M   51 1876M    0     0  2742k      0  0:22:49  0:11:40  0:11:09 7697k
 51 3666M   51 1884M    0     0  2750k      0  0:22:45  0:11:41  0:11:04 8090k
 51 3666M   51 1893M    0     0  2757k      0  0:22:41  0:11:42  0:10:59 8163k
 51 3666M   51 1906M    0     0  2773k      0  0:22:33  0:11:43  0:10:50 10.4M
 52 3666M   52 1911M    0     0  2777k      0  0:22:31  0:11:44  0:10:47 8690k
 52 3666M   52 1911M    0     0  2773k      0  0:22:33  0:11:45  0:10:48 7191k
 52 3666M   52 1912M    0     0  2769k      0  0:22:35  0:11:46  0:10:49 5537k
 52 3666M   52 1912M    0     0  2765k      0  0:22:37  0:11:47  0:10:50 3907k
 52 3666M   52 1912M    0     0  2762k      0  0:22:39  0:11:48  0:10:51 1122k
 52 3666M   52 1912M    0     0  2758k      0  0:22:41  0:11:49  0:10:52 39706
 52 3666M   52 1912M    0     0  2754k      0  0:22:42  0:11:50  0:10:52  105k
 52 3666M   52 1912M    0     0  2751k      0  0:22:44  0:11:51  0:10:53  102k
 52 3666M   52 1913M    0     0  2749k      0  0:22:45  0:11:52  0:10:53  371k
 52 3666M   52 1928M    0     0  2766k      0  0:22:37  0:11:53  0:10:44 3327k
 52 3666M   52 1929M    0     0  2764k      0  0:22:38  0:11:54  0:10:44 3660k
 52 3666M   52 1930M    0     0  2760k      0  0:22:39  0:11:55  0:10:44 3582k
 52 3666M   52 1930M    0     0  2757k      0  0:22:41  0:11:56  0:10:45 3634k
 52 3666M   52 1930M    0     0  2753k      0  0:22:43  0:11:57  0:10:46 3386k
 52 3666M   52 1930M    0     0  2749k      0  0:22:45  0:11:58  0:10:47  406k
 52 3666M   52 1930M    0     0  2746k      0  0:22:47  0:11:59  0:10:48  117k
 52 3666M   52 1930M    0     0  2742k      0  0:22:49  0:12:00  0:10:49  123k
 52 3666M   52 1930M    0     0  2738k      0  0:22:50  0:12:01  0:10:49 72518
 53 3666M   53 1946M    0     0  2757k      0  0:22:41  0:12:02  0:10:39 3271k
 53 3666M   53 1952M    0     0  2761k      0  0:22:39  0:12:03  0:10:36 4468k
 53 3666M   53 1952M    0     0  2758k      0  0:22:41  0:12:04  0:10:37 4477k
 53 3666M   53 1952M    0     0  2754k      0  0:22:43  0:12:05  0:10:38 4466k
 53 3666M   53 1961M    0     0  2763k      0  0:22:38  0:12:06  0:10:32 6343k
 53 3666M   53 1961M    0     0  2759k      0  0:22:40  0:12:07  0:10:33 3127k
 53 3666M   53 1961M    0     0  2756k      0  0:22:42  0:12:08  0:10:34 1935k
 53 3666M   53 1961M    0     0  2752k      0  0:22:44  0:12:09  0:10:35 1944k
 53 3666M   53 1962M    0     0  2748k      0  0:22:45  0:12:10  0:10:35 1969k
 53 3666M   53 1962M    0     0  2745k      0  0:22:47  0:12:11  0:10:36 93864
 53 3666M   53 1962M    0     0  2741k      0  0:22:49  0:12:12  0:10:37   99k
 53 3666M   53 1962M    0     0  2738k      0  0:22:51  0:12:13  0:10:38  107k
 53 3666M   53 1962M    0     0  2734k      0  0:22:53  0:12:14  0:10:39  105k
 53 3666M   53 1962M    0     0  2730k      0  0:22:54  0:12:15  0:10:39 86080
 53 3666M   53 1962M    0     0  2727k      0  0:22:56  0:12:16  0:10:40 68310
 53 3666M   53 1962M    0     0  2723k      0  0:22:58  0:12:17  0:10:41 59823
 53 3666M   53 1978M    0     0  2741k      0  0:22:49  0:12:18  0:10:31 3264k
 53 3666M   53 1978M    0     0  2738k      0  0:22:51  0:12:19  0:10:32 3292k
 54 3666M   54 1993M    0     0  2755k      0  0:22:42  0:12:20  0:10:22 6425k
 54 3666M   54 1993M    0     0  2752k      0  0:22:44  0:12:21  0:10:23 6430k
 54 3666M   54 1994M    0     0  2748k      0  0:22:45  0:12:22  0:10:23 6465k
 54 3666M   54 1994M    0     0  2745k      0  0:22:47  0:12:23  0:10:24 3292k
 54 3666M   54 2009M    0     0  2761k      0  0:22:39  0:12:24  0:10:15 6284k
 55 3666M   55 2017M    0     0  2770k      0  0:22:35  0:12:25  0:10:10 4880k
 55 3666M   55 2018M    0     0  2767k      0  0:22:36  0:12:26  0:10:10 5072k
 55 3666M   55 2027M    0     0  2776k      0  0:22:32  0:12:27  0:10:05 6860k
 55 3666M   55 2035M    0     0  2783k      0  0:22:28  0:12:28  0:10:00 8499k
 55 3666M   55 2036M    0     0  2780k      0  0:22:30  0:12:29  0:10:01 5611k
 55 3666M   55 2036M    0     0  2777k      0  0:22:31  0:12:30  0:10:01 3848k
 55 3666M   55 2036M    0     0  2773k      0  0:22:33  0:12:31  0:10:02 3671k
 55 3666M   55 2036M    0     0  2770k      0  0:22:35  0:12:32  0:10:03 1868k
 55 3666M   55 2036M    0     0  2766k      0  0:22:37  0:12:33  0:10:04  174k
 55 3666M   55 2051M    0     0  2783k      0  0:22:28  0:12:34  0:09:54 3126k
 56 3666M   56 2063M    0     0  2796k      0  0:22:22  0:12:35  0:09:47 5633k
 56 3666M   56 2072M    0     0  2804k      0  0:22:18  0:12:36  0:09:42 7442k
 56 3666M   56 2082M    0     0  2813k      0  0:22:14  0:12:37  0:09:37 9385k
 57 3666M   57 2089M    0     0  2820k      0  0:22:11  0:12:38  0:09:33 10.6M
 57 3666M   57 2090M    0     0  2816k      0  0:22:13  0:12:39  0:09:34 7851k
 57 3666M   57 2090M    0     0  2813k      0  0:22:14  0:12:40  0:09:34 5381k
 57 3666M   57 2090M    0     0  2809k      0  0:22:16  0:12:41  0:09:35 3617k
 57 3666M   57 2090M    0     0  2806k      0  0:22:17  0:12:42  0:09:35 1679k
 57 3666M   57 2105M    0     0  2823k      0  0:22:09  0:12:43  0:09:26 3280k
 57 3666M   57 2106M    0     0  2819k      0  0:22:11  0:12:44  0:09:27 3336k
 57 3666M   57 2112M    0     0  2824k      0  0:22:09  0:12:45  0:09:24 4566k
 57 3666M   57 2123M    0     0  2835k      0  0:22:04  0:12:46  0:09:18 6744k
 57 3666M   57 2123M    0     0  2831k      0  0:22:05  0:12:47  0:09:18 6743k
 57 3666M   57 2124M    0     0  2829k      0  0:22:06  0:12:48  0:09:18 3802k
 58 3666M   58 2138M    0     0  2844k      0  0:21:59  0:12:49  0:09:10 6664k
 58 3666M   58 2143M    0     0  2847k      0  0:21:58  0:12:50  0:09:08 6385k
 58 3666M   58 2151M    0     0  2854k      0  0:21:55  0:12:51  0:09:04 5793k
 58 3666M   58 2151M    0     0  2851k      0  0:21:56  0:12:52  0:09:04 5795k
 58 3666M   58 2153M    0     0  2849k      0  0:21:57  0:12:53  0:09:04 5869k
 59 3666M   59 2168M    0     0  2865k      0  0:21:50  0:12:54  0:08:56 6020k
 59 3666M   59 2168M    0     0  2861k      0  0:21:51  0:12:55  0:08:56 5032k
 59 3666M   59 2184M    0     0  2879k      0  0:21:43  0:12:56  0:08:47 6673k
 59 3666M   59 2185M    0     0  2877k      0  0:21:44  0:12:57  0:08:47 6951k
 59 3666M   59 2193M    0     0  2883k      0  0:21:41  0:12:58  0:08:43 8278k
 60 3666M   60 2202M    0     0  2891k      0  0:21:38  0:12:59  0:08:39 6996k
 60 3666M   60 2202M    0     0  2888k      0  0:21:39  0:13:00  0:08:39 7001k
 60 3666M   60 2202M    0     0  2884k      0  0:21:41  0:13:01  0:08:40 3693k
 60 3666M   60 2202M    0     0  2880k      0  0:21:43  0:13:02  0:08:41 3412k
 60 3666M   60 2202M    0     0  2877k      0  0:21:44  0:13:03  0:08:41 1872k
 60 3666M   60 2217M    0     0  2893k      0  0:21:37  0:13:04  0:08:33 3187k
 60 3666M   60 2226M    0     0  2901k      0  0:21:34  0:13:05  0:08:29 4943k
 60 3666M   60 2226M    0     0  2897k      0  0:21:35  0:13:06  0:08:29 4945k
 60 3666M   60 2226M    0     0  2893k      0  0:21:37  0:13:07  0:08:30 4944k
 60 3666M   60 2226M    0     0  2890k      0  0:21:38  0:13:08  0:08:30 4909k
 60 3666M   60 2226M    0     0  2887k      0  0:21:40  0:13:09  0:08:31 1848k
 60 3666M   60 2227M    0     0  2883k      0  0:21:42  0:13:10  0:08:32 85075
 60 3666M   60 2227M    0     0  2880k      0  0:21:43  0:13:11  0:08:32  141k
 61 3666M   61 2241M    0     0  2895k      0  0:21:36  0:13:12  0:08:24 3126k
 61 3666M   61 2243M    0     0  2893k      0  0:21:37  0:13:13  0:08:24 3437k
 61 3666M   61 2243M    0     0  2890k      0  0:21:38  0:13:14  0:08:24 3449k
 61 3666M   61 2243M    0     0  2887k      0  0:21:40  0:13:15  0:08:25 3449k
 61 3666M   61 2243M    0     0  2883k      0  0:21:42  0:13:16  0:08:26 3406k
 61 3666M   61 2244M    0     0  2880k      0  0:21:43  0:13:17  0:08:26  431k
 61 3666M   61 2244M    0     0  2876k      0  0:21:45  0:13:18  0:08:27  140k
 61 3666M   61 2244M    0     0  2872k      0  0:21:46  0:13:19  0:08:27 69463
 61 3666M   61 2258M    0     0  2887k      0  0:21:40  0:13:20  0:08:20 2908k
 61 3666M   61 2260M    0     0  2886k      0  0:21:40  0:13:21  0:08:19 3298k
 61 3666M   61 2260M    0     0  2882k      0  0:21:42  0:13:22  0:08:20 3289k
 61 3666M   61 2260M    0     0  2879k      0  0:21:44  0:13:23  0:08:21 3273k
 62 3666M   62 2275M    0     0  2894k      0  0:21:36  0:13:24  0:08:12 6406k
 62 3666M   62 2275M    0     0  2891k      0  0:21:38  0:13:25  0:08:13 3628k
 62 3666M   62 2275M    0     0  2888k      0  0:21:39  0:13:26  0:08:13 3222k
 62 3666M   62 2291M    0     0  2904k      0  0:21:32  0:13:27  0:08:05 6455k
 62 3666M   62 2303M    0     0  2915k      0  0:21:27  0:13:28  0:07:59 8803k
 62 3666M   62 2303M    0     0  2911k      0  0:21:29  0:13:29  0:08:00 5656k
 63 3666M   63 2311M    0     0  2919k      0  0:21:26  0:13:30  0:07:56 7336k
 63 3666M   63 2318M    0     0  2924k      0  0:21:23  0:13:31  0:07:52 8759k
 63 3666M   63 2318M    0     0  2920k      0  0:21:25  0:13:32  0:07:53 5539k
 63 3666M   63 2328M    0     0  2929k      0  0:21:21  0:13:33  0:07:48 5177k
 63 3666M   63 2333M    0     0  2932k      0  0:21:20  0:13:34  0:07:46 6182k
 64 3666M   64 2348M    0     0  2948k      0  0:21:13  0:13:35  0:07:38 7594k
 64 3666M   64 2349M    0     0  2944k      0  0:21:15  0:13:36  0:07:39 6216k
 64 3666M   64 2349M    0     0  2942k      0  0:21:16  0:13:37  0:07:39 6392k
 64 3666M   64 2359M    0     0  2950k      0  0:21:12  0:13:38  0:07:34 6356k
 64 3666M   64 2370M    0     0  2960k      0  0:21:08  0:13:39  0:07:29 7518k
 64 3666M   64 2370M    0     0  2956k      0  0:21:09  0:13:40  0:07:29 4348k
 64 3666M   64 2370M    0     0  2953k      0  0:21:11  0:13:41  0:07:30 4325k
 64 3666M   64 2370M    0     0  2949k      0  0:21:12  0:13:42  0:07:30 4207k
 64 3666M   64 2370M    0     0  2946k      0  0:21:14  0:13:43  0:07:31 2277k
 65 3666M   65 2385M    0     0  2961k      0  0:21:07  0:13:44  0:07:23 3169k
 65 3666M   65 2396M    0     0  2971k      0  0:21:03  0:13:45  0:07:18 5366k
 65 3666M   65 2396M    0     0  2967k      0  0:21:05  0:13:46  0:07:19 5344k
 65 3666M   65 2396M    0     0  2963k      0  0:21:06  0:13:47  0:07:19 5280k
 65 3666M   65 2396M    0     0  2960k      0  0:21:08  0:13:48  0:07:20 5318k
 65 3666M   65 2407M    0     0  2970k      0  0:21:04  0:13:49  0:07:15 4434k
 65 3666M   65 2412M    0     0  2973k      0  0:21:02  0:13:50  0:07:12 3379k
 66 3666M   66 2427M    0     0  2987k      0  0:20:56  0:13:51  0:07:05 6301k
 66 3666M   66 2437M    0     0  2996k      0  0:20:52  0:13:52  0:07:00 8431k
 66 3666M   66 2437M    0     0  2993k      0  0:20:54  0:13:53  0:07:01 8407k
 66 3666M   66 2437M    0     0  2989k      0  0:20:55  0:13:54  0:07:01 6209k
 66 3666M   66 2437M    0     0  2986k      0  0:20:57  0:13:55  0:07:02 5135k
 66 3666M   66 2453M    0     0  3001k      0  0:20:50  0:13:56  0:06:54 5358k
 66 3666M   66 2453M    0     0  2998k      0  0:20:52  0:13:57  0:06:55 3228k
 66 3666M   66 2453M    0     0  2994k      0  0:20:53  0:13:58  0:06:55 3223k
 67 3666M   67 2464M    0     0  3005k      0  0:20:49  0:13:59  0:06:50 5616k
 67 3666M   67 2470M    0     0  3008k      0  0:20:48  0:14:00  0:06:48 6651k
 67 3666M   67 2470M    0     0  3004k      0  0:20:49  0:14:01  0:06:48 3515k
 67 3666M   67 2470M    0     0  3001k      0  0:20:50  0:14:02  0:06:48 3553k
 67 3666M   67 2485M    0     0  3015k      0  0:20:44  0:14:03  0:06:41 6574k
 68 3666M   68 2495M    0     0  3024k      0  0:20:41  0:14:04  0:06:37 6258k
 68 3666M   68 2501M    0     0  3027k      0  0:20:39  0:14:05  0:06:34 6327k
 68 3666M   68 2501M    0     0  3024k      0  0:20:41  0:14:06  0:06:35 6328k
 68 3666M   68 2502M    0     0  3022k      0  0:20:42  0:14:07  0:06:35 6537k
 68 3666M   68 2516M    0     0  3036k      0  0:20:36  0:14:08  0:06:28 6465k
 68 3666M   68 2517M    0     0  3033k      0  0:20:37  0:14:09  0:06:28 4596k
 68 3666M   68 2517M    0     0  3030k      0  0:20:38  0:14:10  0:06:28 3441k
 69 3666M   69 2530M    0     0  3042k      0  0:20:34  0:14:11  0:06:23 6087k
 69 3666M   69 2538M    0     0  3048k      0  0:20:31  0:14:12  0:06:19 7427k
 69 3666M   69 2538M    0     0  3044k      0  0:20:33  0:14:13  0:06:20 4485k
 69 3666M   69 2539M    0     0  3042k      0  0:20:34  0:14:14  0:06:20 4507k
 69 3666M   69 2540M    0     0  3039k      0  0:20:35  0:14:15  0:06:20 4656k
 69 3666M   69 2554M    0     0  3053k      0  0:20:29  0:14:16  0:06:13 4915k
 69 3666M   69 2555M    0     0  3050k      0  0:20:30  0:14:17  0:06:13 3510k
 69 3666M   69 2558M    0     0  3050k      0  0:20:30  0:14:18  0:06:12 3975k
 70 3666M   70 2574M    0     0  3065k      0  0:20:24  0:14:19  0:06:05 6979k
 70 3666M   70 2574M    0     0  3061k      0  0:20:26  0:14:20  0:06:06 6807k
 70 3666M   70 2574M    0     0  3058k      0  0:20:27  0:14:21  0:06:06 3933k
 70 3666M   70 2574M    0     0  3054k      0  0:20:29  0:14:22  0:06:07 3728k
 70 3666M   70 2574M    0     0  3051k      0  0:20:30  0:14:23  0:06:07 3309k
 70 3666M   70 2589M    0     0  3065k      0  0:20:24  0:14:24  0:06:00 3078k
 70 3666M   70 2589M    0     0  3061k      0  0:20:26  0:14:25  0:06:01 3078k
 70 3666M   70 2589M    0     0  3058k      0  0:20:27  0:14:26  0:06:01 3072k
 70 3666M   70 2589M    0     0  3054k      0  0:20:29  0:14:27  0:06:02 3071k
 71 3666M   71 2604M    0     0  3068k      0  0:20:23  0:14:28  0:05:55 6071k
 71 3666M   71 2605M    0     0  3066k      0  0:20:24  0:14:29  0:05:55 3280k
 71 3666M   71 2620M    0     0  3081k      0  0:20:18  0:14:30  0:05:48 6408k
 71 3666M   71 2626M    0     0  3084k      0  0:20:17  0:14:31  0:05:46 7631k
 71 3666M   71 2627M    0     0  3082k      0  0:20:18  0:14:32  0:05:46 7816k
 72 3666M   72 2644M    0     0  3098k      0  0:20:11  0:14:33  0:05:38 8332k
 72 3666M   72 2645M    0     0  3096k      0  0:20:12  0:14:34  0:05:38 8283k
 72 3666M   72 2645M    0     0  3092k      0  0:20:13  0:14:35  0:05:38 5125k
 72 3666M   72 2645M    0     0  3089k      0  0:20:15  0:14:36  0:05:39 3911k
 72 3666M   72 2645M    0     0  3085k      0  0:20:16  0:14:37  0:05:39 3731k
 72 3666M   72 2645M    0     0  3082k      0  0:20:18  0:14:38  0:05:40  191k
 72 3666M   72 2645M    0     0  3079k      0  0:20:19  0:14:39  0:05:40 96227
 72 3666M   72 2646M    0     0  3077k      0  0:20:20  0:14:40  0:05:40  324k
 72 3666M   72 2660M    0     0  3089k      0  0:20:15  0:14:41  0:05:34 3100k
 72 3666M   72 2668M    0     0  3094k      0  0:20:13  0:14:42  0:05:31 4623k
 73 3666M   73 2682M    0     0  3107k      0  0:20:08  0:14:43  0:05:25 7586k
 73 3666M   73 2682M    0     0  3104k      0  0:20:09  0:14:44  0:05:25 7553k
 73 3666M   73 2698M    0     0  3118k      0  0:20:03  0:14:45  0:05:18 10.2M
 73 3666M   73 2699M    0     0  3116k      0  0:20:04  0:14:46  0:05:18 7994k
 74 3666M   74 2713M    0     0  3129k      0  0:19:59  0:14:47  0:05:12 9350k
 74 3666M   74 2720M    0     0  3133k      0  0:19:58  0:14:48  0:05:10 7767k
 74 3666M   74 2728M    0     0  3139k      0  0:19:55  0:14:49  0:05:06 9339k
 74 3666M   74 2731M    0     0  3139k      0  0:19:55  0:14:50  0:05:05 6869k
 74 3666M   74 2742M    0     0  3149k      0  0:19:52  0:14:51  0:05:01 8900k
 75 3666M   75 2752M    0     0  3156k      0  0:19:49  0:14:52  0:04:57 7958k
 75 3666M   75 2752M    0     0  3153k      0  0:19:50  0:14:53  0:04:57 6569k
 75 3666M   75 2760M    0     0  3158k      0  0:19:48  0:14:54  0:04:54 6577k
 75 3666M   75 2768M    0     0  3164k      0  0:19:46  0:14:55  0:04:51 7492k
 75 3666M   75 2768M    0     0  3160k      0  0:19:47  0:14:56  0:04:51 5204k
 75 3666M   75 2769M    0     0  3158k      0  0:19:48  0:14:57  0:04:51 3505k
 75 3666M   75 2783M    0     0  3170k      0  0:19:44  0:14:58  0:04:46 6346k
 76 3666M   76 2797M    0     0  3183k      0  0:19:39  0:14:59  0:04:40 7669k
 76 3666M   76 2797M    0     0  3180k      0  0:19:40  0:15:00  0:04:40 6072k
 76 3666M   76 2798M    0     0  3176k      0  0:19:41  0:15:01  0:04:40 6090k
 76 3666M   76 2799M    0     0  3174k      0  0:19:42  0:15:02  0:04:40 6005k
 76 3666M   76 2815M    0     0  3189k      0  0:19:37  0:15:03  0:04:34 6494k
 76 3666M   76 2818M    0     0  3190k      0  0:19:36  0:15:04  0:04:32 4312k
 77 3666M   77 2829M    0     0  3198k      0  0:19:33  0:15:05  0:04:28 6417k
 77 3666M   77 2829M    0     0  3194k      0  0:19:35  0:15:06  0:04:29 6398k
 77 3666M   77 2829M    0     0  3191k      0  0:19:36  0:15:07  0:04:29 6223k
 77 3666M   77 2829M    0     0  3187k      0  0:19:37  0:15:08  0:04:29 2904k
 77 3666M   77 2829M    0     0  3184k      0  0:19:39  0:15:09  0:04:30 2161k
 77 3666M   77 2829M    0     0  3180k      0  0:19:40  0:15:10  0:04:30 41878
 77 3666M   77 2829M    0     0  3177k      0  0:19:41  0:15:11  0:04:30 41664
 77 3666M   77 2829M    0     0  3173k      0  0:19:42  0:15:12  0:04:30 41498
 77 3666M   77 2837M    0     0  3179k      0  0:19:40  0:15:13  0:04:27 1724k
 77 3666M   77 2853M    0     0  3193k      0  0:19:35  0:15:14  0:04:21 4864k
 77 3666M   77 2853M    0     0  3190k      0  0:19:36  0:15:15  0:04:21 4862k
 77 3666M   77 2853M    0     0  3186k      0  0:19:38  0:15:16  0:04:22 4864k
 77 3666M   77 2853M    0     0  3183k      0  0:19:39  0:15:17  0:04:22 4868k
 77 3666M   77 2853M    0     0  3180k      0  0:19:40  0:15:18  0:04:22 3223k
 78 3666M   78 2867M    0     0  3191k      0  0:19:36  0:15:19  0:04:17 2869k
 78 3666M   78 2875M    0     0  3197k      0  0:19:34  0:15:20  0:04:14 4619k
 78 3666M   78 2875M    0     0  3194k      0  0:19:35  0:15:21  0:04:14 4644k
 78 3666M   78 2875M    0     0  3191k      0  0:19:36  0:15:22  0:04:14 4643k
 78 3666M   78 2876M    0     0  3187k      0  0:19:37  0:15:23  0:04:14 4604k
 78 3666M   78 2876M    0     0  3184k      0  0:19:38  0:15:24  0:04:14 1883k
 78 3666M   78 2890M    0     0  3197k      0  0:19:34  0:15:25  0:04:09 3094k
 78 3666M   78 2891M    0     0  3195k      0  0:19:35  0:15:26  0:04:09 3292k
 78 3666M   78 2892M    0     0  3191k      0  0:19:36  0:15:27  0:04:09 3292k
 79 3666M   79 2896M    0     0  3193k      0  0:19:35  0:15:28  0:04:07 4242k
 79 3666M   79 2909M    0     0  3203k      0  0:19:31  0:15:29  0:04:02 6667k
 79 3666M   79 2917M    0     0  3208k      0  0:19:30  0:15:30  0:04:00 5371k
 79 3666M   79 2918M    0     0  3206k      0  0:19:30  0:15:31  0:03:59 5356k
 79 3666M   79 2933M    0     0  3219k      0  0:19:26  0:15:32  0:03:54 8410k
 79 3666M   79 2933M    0     0  3216k      0  0:19:27  0:15:33  0:03:54 7443k
 80 3666M   80 2934M    0     0  3213k      0  0:19:28  0:15:34  0:03:54 5137k
 80 3666M   80 2952M    0     0  3230k      0  0:19:22  0:15:35  0:03:47 7157k
 80 3666M   80 2952M    0     0  3226k      0  0:19:23  0:15:36  0:03:47 6990k
 80 3666M   80 2952M    0     0  3223k      0  0:19:24  0:15:37  0:03:47 3963k
 80 3666M   80 2952M    0     0  3220k      0  0:19:25  0:15:38  0:03:47 3961k
 80 3666M   80 2952M    0     0  3216k      0  0:19:27  0:15:39  0:03:48 3759k
 80 3666M   80 2952M    0     0  3213k      0  0:19:28  0:15:40  0:03:48  134k
 80 3666M   80 2953M    0     0  3210k      0  0:19:29  0:15:41  0:03:48  134k
 80 3666M   80 2953M    0     0  3207k      0  0:19:30  0:15:42  0:03:48  135k
 80 3666M   80 2957M    0     0  3208k      0  0:19:30  0:15:43  0:03:47 1039k
 80 3666M   80 2968M    0     0  3217k      0  0:19:26  0:15:44  0:03:42 3360k
 81 3666M   81 2970M    0     0  3215k      0  0:19:27  0:15:45  0:03:42 3563k
 81 3666M   81 2985M    0     0  3228k      0  0:19:22  0:15:46  0:03:36 6614k
 81 3666M   81 2985M    0     0  3225k      0  0:19:24  0:15:47  0:03:37 6621k
 81 3666M   81 2985M    0     0  3221k      0  0:19:25  0:15:48  0:03:37 5685k
 81 3666M   81 2985M    0     0  3218k      0  0:19:26  0:15:49  0:03:37 3423k
 81 3666M   81 3000M    0     0  3231k      0  0:19:22  0:15:50  0:03:32 6109k
 81 3666M   81 3001M    0     0  3228k      0  0:19:22  0:15:51  0:03:31 3311k
 81 3666M   81 3001M    0     0  3225k      0  0:19:24  0:15:52  0:03:32 3305k
 82 3666M   82 3011M    0     0  3232k      0  0:19:21  0:15:53  0:03:28 5355k
 82 3666M   82 3018M    0     0  3236k      0  0:19:20  0:15:54  0:03:26 6652k
 82 3666M   82 3026M    0     0  3241k      0  0:19:18  0:15:55  0:03:23 5315k
 82 3666M   82 3026M    0     0  3238k      0  0:19:19  0:15:56  0:03:23 5081k
 82 3666M   82 3026M    0     0  3235k      0  0:19:20  0:15:57  0:03:23 5125k
 82 3666M   82 3033M    0     0  3239k      0  0:19:19  0:15:58  0:03:21 4429k
 82 3666M   82 3042M    0     0  3245k      0  0:19:16  0:15:59  0:03:17 5008k
 82 3666M   82 3043M    0     0  3243k      0  0:19:17  0:16:00  0:03:17 3463k
 82 3666M   82 3043M    0     0  3239k      0  0:19:18  0:16:01  0:03:17 3435k
 82 3666M   82 3043M    0     0  3236k      0  0:19:20  0:16:02  0:03:18 3421k
 83 3666M   83 3043M    0     0  3233k      0  0:19:21  0:16:03  0:03:18 2164k
 83 3666M   83 3054M    0     0  3241k      0  0:19:18  0:16:04  0:03:14 2420k
 83 3666M   83 3065M    0     0  3250k      0  0:19:15  0:16:05  0:03:10 4599k
 83 3666M   83 3066M    0     0  3248k      0  0:19:15  0:16:06  0:03:09 4913k
 83 3666M   83 3067M    0     0  3244k      0  0:19:17  0:16:07  0:03:10 4877k
 83 3666M   83 3067M    0     0  3241k      0  0:19:18  0:16:08  0:03:10 4783k
 83 3666M   83 3067M    0     0  3238k      0  0:19:19  0:16:09  0:03:10 2656k
 83 3666M   83 3067M    0     0  3235k      0  0:19:20  0:16:10  0:03:10  417k
 84 3666M   84 3082M    0     0  3247k      0  0:19:16  0:16:11  0:03:05 3099k
 84 3666M   84 3087M    0     0  3249k      0  0:19:15  0:16:12  0:03:03 4125k
 84 3666M   84 3101M    0     0  3261k      0  0:19:11  0:16:13  0:02:58 7174k
 84 3666M   84 3103M    0     0  3259k      0  0:19:11  0:16:14  0:02:57 7353k
 84 3666M   84 3104M    0     0  3257k      0  0:19:12  0:16:15  0:02:57 7541k
 85 3666M   85 3119M    0     0  3269k      0  0:19:08  0:16:16  0:02:52 7635k
 85 3666M   85 3120M    0     0  3267k      0  0:19:09  0:16:17  0:02:52 6806k
 85 3666M   85 3135M    0     0  3280k      0  0:19:04  0:16:18  0:02:46 6873k
 85 3666M   85 3136M    0     0  3277k      0  0:19:05  0:16:19  0:02:46 6806k
 85 3666M   85 3149M    0     0  3288k      0  0:19:01  0:16:20  0:02:41 9307k
 86 3666M   86 3155M    0     0  3291k      0  0:19:00  0:16:21  0:02:39 7481k
 86 3666M   86 3155M    0     0  3287k      0  0:19:01  0:16:22  0:02:39 7264k
 86 3666M   86 3155M    0     0  3284k      0  0:19:03  0:16:23  0:02:40 4166k
 86 3666M   86 3155M    0     0  3281k      0  0:19:04  0:16:24  0:02:40 3961k
 86 3666M   86 3156M    0     0  3278k      0  0:19:05  0:16:25  0:02:40 1302k
 86 3666M   86 3156M    0     0  3275k      0  0:19:06  0:16:26  0:02:40  144k
 86 3666M   86 3166M    0     0  3282k      0  0:19:03  0:16:27  0:02:36 2130k
 86 3666M   86 3176M    0     0  3289k      0  0:19:01  0:16:28  0:02:33 4296k
 86 3666M   86 3177M    0     0  3286k      0  0:19:02  0:16:29  0:02:33 4364k
 86 3666M   86 3177M    0     0  3283k      0  0:19:03  0:16:30  0:02:33 4306k
 87 3666M   87 3192M    0     0  3295k      0  0:18:59  0:16:31  0:02:28 7283k
 87 3666M   87 3192M    0     0  3292k      0  0:19:00  0:16:32  0:02:28 5282k
 87 3666M   87 3193M    0     0  3290k      0  0:19:01  0:16:33  0:02:28 3346k
 87 3666M   87 3207M    0     0  3301k      0  0:18:57  0:16:34  0:02:23 6196k
 87 3666M   87 3212M    0     0  3303k      0  0:18:56  0:16:35  0:02:21 7257k
 87 3666M   87 3212M    0     0  3300k      0  0:18:57  0:16:36  0:02:21 4225k
 87 3666M   87 3213M    0     0  3297k      0  0:18:58  0:16:37  0:02:21 4274k
 87 3666M   87 3213M    0     0  3294k      0  0:18:59  0:16:38  0:02:21 4114k
 88 3666M   88 3229M    0     0  3307k      0  0:18:55  0:16:39  0:02:16 4468k
 88 3666M   88 3231M    0     0  3306k      0  0:18:55  0:16:40  0:02:15 3895k
 88 3666M   88 3245M    0     0  3317k      0  0:18:51  0:16:41  0:02:10 6797k
 88 3666M   88 3247M    0     0  3316k      0  0:18:52  0:16:42  0:02:10 7164k
 88 3666M   88 3247M    0     0  3313k      0  0:18:53  0:16:43  0:02:10 7090k
 89 3666M   89 3263M    0     0  3325k      0  0:18:48  0:16:44  0:02:04 6993k
 89 3666M   89 3271M    0     0  3330k      0  0:18:47  0:16:45  0:02:02 8146k
 89 3666M   89 3271M    0     0  3327k      0  0:18:48  0:16:46  0:02:02 5319k
 89 3666M   89 3272M    0     0  3324k      0  0:18:49  0:16:47  0:02:02 4947k
 89 3666M   89 3287M    0     0  3336k      0  0:18:45  0:16:48  0:01:57 8094k
 89 3666M   89 3290M    0     0  3336k      0  0:18:45  0:16:49  0:01:56 5556k
 90 3666M   90 3303M    0     0  3346k      0  0:18:41  0:16:50  0:01:51 6565k
 90 3666M   90 3303M    0     0  3343k      0  0:18:43  0:16:51  0:01:52 6495k
 90 3666M   90 3304M    0     0  3340k      0  0:18:43  0:16:52  0:01:51 6585k
 90 3666M   90 3304M    0     0  3337k      0  0:18:45  0:16:53  0:01:52 3418k
 90 3666M   90 3304M    0     0  3334k      0  0:18:46  0:16:54  0:01:52 2792k
 90 3666M   90 3304M    0     0  3330k      0  0:18:47  0:16:55  0:01:52  139k
 90 3666M   90 3320M    0     0  3343k      0  0:18:42  0:16:56  0:01:46 3439k
 90 3666M   90 3320M    0     0  3340k      0  0:18:43  0:16:57  0:01:46 3324k
 90 3666M   90 3320M    0     0  3337k      0  0:18:45  0:16:58  0:01:47 3322k
 90 3666M   90 3320M    0     0  3334k      0  0:18:46  0:16:59  0:01:47 3384k
 90 3666M   90 3321M    0     0  3331k      0  0:18:47  0:17:00  0:01:47 3442k
 90 3666M   90 3321M    0     0  3328k      0  0:18:48  0:17:01  0:01:47  142k
 90 3666M   90 3335M    0     0  3339k      0  0:18:44  0:17:02  0:01:42 3177k
 91 3666M   91 3337M    0     0  3337k      0  0:18:44  0:17:03  0:01:41 3396k
 91 3666M   91 3351M    0     0  3348k      0  0:18:41  0:17:04  0:01:37 6199k
 91 3666M   91 3359M    0     0  3353k      0  0:18:39  0:17:05  0:01:34 7915k
 91 3666M   91 3365M    0     0  3356k      0  0:18:38  0:17:06  0:01:32 9114k
 91 3666M   91 3366M    0     0  3353k      0  0:18:39  0:17:07  0:01:32 6278k
 91 3666M   91 3369M    0     0  3353k      0  0:18:39  0:17:08  0:01:31 6625k
 92 3666M   92 3384M    0     0  3365k      0  0:18:35  0:17:09  0:01:26 6895k
 92 3666M   92 3384M    0     0  3362k      0  0:18:36  0:17:10  0:01:26 5165k
 92 3666M   92 3384M    0     0  3359k      0  0:18:37  0:17:11  0:01:26 3968k
 92 3666M   92 3384M    0     0  3355k      0  0:18:38  0:17:12  0:01:26 3761k
 92 3666M   92 3385M    0     0  3352k      0  0:18:39  0:17:13  0:01:26 3260k
 92 3666M   92 3385M    0     0  3349k      0  0:18:40  0:17:14  0:01:26  101k
 92 3666M   92 3385M    0     0  3346k      0  0:18:41  0:17:15  0:01:26  153k
 92 3666M   92 3400M    0     0  3358k      0  0:18:38  0:17:16  0:01:22 3153k
 92 3666M   92 3400M    0     0  3354k      0  0:18:39  0:17:17  0:01:22 3153k
 92 3666M   92 3400M    0     0  3351k      0  0:18:40  0:17:18  0:01:22 3097k
 92 3666M   92 3400M    0     0  3348k      0  0:18:41  0:17:19  0:01:22 3093k
 92 3666M   92 3400M    0     0  3345k      0  0:18:42  0:17:20  0:01:22 3055k
 92 3666M   92 3400M    0     0  3342k      0  0:18:43  0:17:21  0:01:22 74073
 93 3666M   93 3419M    0     0  3357k      0  0:18:38  0:17:22  0:01:16 3931k
 93 3666M   93 3426M    0     0  3361k      0  0:18:37  0:17:23  0:01:14 5297k
 93 3666M   93 3435M    0     0  3367k      0  0:18:35  0:17:24  0:01:11 7267k
 93 3666M   93 3435M    0     0  3364k      0  0:18:36  0:17:25  0:01:11 7235k
 93 3666M   93 3436M    0     0  3361k      0  0:18:36  0:17:26  0:01:10 7295k
 93 3666M   93 3446M    0     0  3368k      0  0:18:34  0:17:27  0:01:07 5529k
 94 3666M   94 3452M    0     0  3370k      0  0:18:33  0:17:28  0:01:05 5407k
 94 3666M   94 3453M    0     0  3368k      0  0:18:34  0:17:29  0:01:05 3603k
 94 3666M   94 3453M    0     0  3365k      0  0:18:35  0:17:30  0:01:05 3603k
 94 3666M   94 3453M    0     0  3362k      0  0:18:36  0:17:31  0:01:05 3526k
 94 3666M   94 3453M    0     0  3358k      0  0:18:37  0:17:32  0:01:05 1447k
 94 3666M   94 3453M    0     0  3355k      0  0:18:38  0:17:33  0:01:05  200k
 94 3666M   94 3454M    0     0  3353k      0  0:18:39  0:17:34  0:01:05  269k
 94 3666M   94 3472M    0     0  3367k      0  0:18:34  0:17:35  0:00:59 3871k
 94 3666M   94 3472M    0     0  3364k      0  0:18:35  0:17:36  0:00:59 3868k
 94 3666M   94 3472M    0     0  3361k      0  0:18:36  0:17:37  0:00:59 3925k
 94 3666M   94 3473M    0     0  3358k      0  0:18:37  0:17:38  0:00:59 3982k
 95 3666M   95 3487M    0     0  3369k      0  0:18:34  0:17:39  0:00:55 6704k
 95 3666M   95 3488M    0     0  3367k      0  0:18:34  0:17:40  0:00:54 3335k
 95 3666M   95 3503M    0     0  3378k      0  0:18:31  0:17:41  0:00:50 6441k
 95 3666M   95 3503M    0     0  3375k      0  0:18:32  0:17:42  0:00:50 6384k
 95 3666M   95 3513M    0     0  3382k      0  0:18:30  0:17:43  0:00:47 8351k
 96 3666M   96 3525M    0     0  3390k      0  0:18:27  0:17:44  0:00:43 7819k
 96 3666M   96 3525M    0     0  3387k      0  0:18:28  0:17:45  0:00:43 7608k
 96 3666M   96 3526M    0     0  3384k      0  0:18:29  0:17:46  0:00:43 4551k
 96 3666M   96 3530M    0     0  3385k      0  0:18:29  0:17:47  0:00:42 5432k
 96 3666M   96 3541M    0     0  3393k      0  0:18:26  0:17:48  0:00:38 5781k
 96 3666M   96 3556M    0     0  3403k      0  0:18:23  0:17:49  0:00:34 6185k
 97 3666M   97 3564M    0     0  3408k      0  0:18:21  0:17:50  0:00:31 7933k
 97 3666M   97 3572M    0     0  3413k      0  0:18:20  0:17:51  0:00:29 9521k
 97 3666M   97 3572M    0     0  3409k      0  0:18:21  0:17:52  0:00:29 8613k
 97 3666M   97 3580M    0     0  3414k      0  0:18:19  0:17:53  0:00:26 7962k
 97 3666M   97 3588M    0     0  3418k      0  0:18:18  0:17:54  0:00:24 6624k
 97 3666M   97 3588M    0     0  3415k      0  0:18:19  0:17:55  0:00:24 4878k
 97 3666M   97 3589M    0     0  3412k      0  0:18:20  0:17:56  0:00:24 3372k
 97 3666M   97 3589M    0     0  3409k      0  0:18:21  0:17:57  0:00:24 3381k
 97 3666M   97 3589M    0     0  3406k      0  0:18:22  0:17:58  0:00:24 1711k
 97 3666M   97 3589M    0     0  3403k      0  0:18:23  0:17:59  0:00:24  180k
 97 3666M   97 3589M    0     0  3400k      0  0:18:24  0:18:00  0:00:24  178k
 98 3666M   98 3594M    0     0  3402k      0  0:18:23  0:18:01  0:00:22 1130k
 98 3666M   98 3610M    0     0  3414k      0  0:18:19  0:18:02  0:00:17 4403k
 98 3666M   98 3615M    0     0  3415k      0  0:18:19  0:18:03  0:00:16 5370k
 98 3666M   98 3624M    0     0  3421k      0  0:18:17  0:18:04  0:00:13 7271k
 98 3666M   98 3625M    0     0  3419k      0  0:18:18  0:18:05  0:00:13 7424k
 98 3666M   98 3625M    0     0  3415k      0  0:18:19  0:18:06  0:00:13 6339k
 98 3666M   98 3625M    0     0  3412k      0  0:18:20  0:18:07  0:00:13 3079k
 98 3666M   98 3625M    0     0  3409k      0  0:18:21  0:18:08  0:00:13 2135k
 98 3666M   98 3625M    0     0  3406k      0  0:18:22  0:18:09  0:00:13  196k
 99 3666M   99 3641M    0     0  3418k      0  0:18:18  0:18:10  0:00:08 3206k
 99 3666M   99 3641M    0     0  3414k      0  0:18:19  0:18:11  0:00:08 3209k
 99 3666M   99 3642M    0     0  3412k      0  0:18:20  0:18:12  0:00:08 3411k
 99 3666M   99 3642M    0     0  3409k      0  0:18:21  0:18:13  0:00:08 3390k
 99 3666M   99 3657M    0     0  3421k      0  0:18:17  0:18:14  0:00:03 6558k
 99 3666M   99 3659M    0     0  3419k      0  0:18:17  0:18:15  0:00:02 3787k
 99 3666M   99 3659M    0     0  3416k      0  0:18:18  0:18:16  0:00:02 3784k
 99 3666M   99 3659M    0     0  3413k      0  0:18:19  0:18:17  0:00:02 3579k
 99 3666M   99 3659M    0     0  3410k      0  0:18:20  0:18:18  0:00:02 3581k
 99 3666M   99 3659M    0     0  3407k      0  0:18:21  0:18:19  0:00:02  413k
 99 3666M   99 3659M    0     0  3404k      0  0:18:22  0:18:20  0:00:02 41738
 99 3666M   99 3660M    0     0  3401k      0  0:18:23  0:18:21  0:00:02 88997
 99 3666M   99 3660M    0     0  3398k      0  0:18:24  0:18:22  0:00:02  145k
100 3666M  100 3666M    0     0  3403k      0  0:18:23  0:18:23 --:--:-- 1596k
[hnswlib-sra] /home/runner/boostkit-perf/hnswlib/0.8.0/aarch64/38105761079-1/sra-test/hnswlib_test hnswlib gist-960-euclidean --no-pin
Loaded configuration:
  batch_size = 100
  batch_mode = false
  top_k = 10
  index_path = indexes/hnswlib/gist.hnswlib
  num_threads = 32
  nloop = 3
  metric = L2
  efc = 500
  save_or_load = save
  efs = 300
  k_f = 65
base vector size: 1000000
query vector size: 1000
Index build+prepare time: 404.341 s
Loop 1/3:
  wall_time = 14.3825 s (broadcast->join)
  thread_time: min=11.1184 s, avg=12.065 s, max=14.3822 s
  total_queries = nq(1000) * threads(32) = 32000
  QPS_total(wall) = 2224.92
  QPS_avg_thread  = 82.8843
Loop 2/3:
  wall_time = 14.4701 s (broadcast->join)
  thread_time: min=11.2546 s, avg=12.1324 s, max=14.4697 s
  total_queries = nq(1000) * threads(32) = 32000
  QPS_total(wall) = 2211.46
  QPS_avg_thread  = 82.424
Loop 3/3:
  wall_time = 14.285 s (broadcast->join)
  thread_time: min=11.2465 s, avg=12.1915 s, max=14.2847 s
  total_queries = nq(1000) * threads(32) = 32000
  QPS_total(wall) = 2240.12
  QPS_avg_thread  = 82.0244
==================================================
Final Summary (same nq per thread):
  build+prepare_time = 404.341 s
  recall = 0.99
  pin_threads = OFF
  loops = 3
  avg_loop_wall_time = 14.3792 s
  avg_thread_time(min/avg/max) = 11.2065 / 12.1296 / 14.3789 s
  mid50_sorted_wall_mean = 14.3337 s
  total_queries_per_loop = 32000
  final_QPS(mid50 wall mean) = 2232.49
  QPS_from_avg_thread_time * threads = 2638.17
[hnswlib-sra] normalized 20 official measurements
[hnswlib] hnswlib benchmark results written to benchmark_sra.json
